// Generated from Moddable XS 23b4d6b0a65f35209d9118c4c13c6c9b3e68784d xsre.c.
// Source FNV-1a 64: c52167966a1fc1e7. Do not edit by hand.

static BINARY_PROPERTY_ASCII: &[i32] = &[
    0x0, 0x80,
];

static BINARY_PROPERTY_ASCII_HEX_DIGIT: &[i32] = &[
    0x30, 0x3a, 0x41, 0x47, 0x61, 0x67,
];

static BINARY_PROPERTY_ALPHABETIC: &[i32] = &[
    0x41, 0x5b, 0x61, 0x7b, 0xaa, 0xab, 0xb5, 0xb6, 0xba, 0xbb, 0xc0, 0xd7,
    0xd8, 0xf7, 0xf8, 0x2c2, 0x2c6, 0x2d2, 0x2e0, 0x2e5, 0x2ec, 0x2ed, 0x2ee, 0x2ef,
    0x345, 0x346, 0x363, 0x375, 0x376, 0x378, 0x37a, 0x37e, 0x37f, 0x380, 0x386, 0x387,
    0x388, 0x38b, 0x38c, 0x38d, 0x38e, 0x3a2, 0x3a3, 0x3f6, 0x3f7, 0x482, 0x48a, 0x530,
    0x531, 0x557, 0x559, 0x55a, 0x560, 0x589, 0x5b0, 0x5be, 0x5bf, 0x5c0, 0x5c1, 0x5c3,
    0x5c4, 0x5c6, 0x5c7, 0x5c8, 0x5d0, 0x5eb, 0x5ef, 0x5f3, 0x610, 0x61b, 0x620, 0x658,
    0x659, 0x660, 0x66e, 0x6d4, 0x6d5, 0x6dd, 0x6e1, 0x6e9, 0x6ed, 0x6f0, 0x6fa, 0x6fd,
    0x6ff, 0x700, 0x710, 0x740, 0x74d, 0x7b2, 0x7ca, 0x7eb, 0x7f4, 0x7f6, 0x7fa, 0x7fb,
    0x800, 0x818, 0x81a, 0x82d, 0x840, 0x859, 0x860, 0x86b, 0x870, 0x888, 0x889, 0x890,
    0x897, 0x898, 0x8a0, 0x8ca, 0x8d4, 0x8e0, 0x8e3, 0x8ea, 0x8f0, 0x93c, 0x93d, 0x94d,
    0x94e, 0x951, 0x955, 0x964, 0x971, 0x984, 0x985, 0x98d, 0x98f, 0x991, 0x993, 0x9a9,
    0x9aa, 0x9b1, 0x9b2, 0x9b3, 0x9b6, 0x9ba, 0x9bd, 0x9c5, 0x9c7, 0x9c9, 0x9cb, 0x9cd,
    0x9ce, 0x9cf, 0x9d7, 0x9d8, 0x9dc, 0x9de, 0x9df, 0x9e4, 0x9f0, 0x9f2, 0x9fc, 0x9fd,
    0xa01, 0xa04, 0xa05, 0xa0b, 0xa0f, 0xa11, 0xa13, 0xa29, 0xa2a, 0xa31, 0xa32, 0xa34,
    0xa35, 0xa37, 0xa38, 0xa3a, 0xa3e, 0xa43, 0xa47, 0xa49, 0xa4b, 0xa4d, 0xa51, 0xa52,
    0xa59, 0xa5d, 0xa5e, 0xa5f, 0xa70, 0xa76, 0xa81, 0xa84, 0xa85, 0xa8e, 0xa8f, 0xa92,
    0xa93, 0xaa9, 0xaaa, 0xab1, 0xab2, 0xab4, 0xab5, 0xaba, 0xabd, 0xac6, 0xac7, 0xaca,
    0xacb, 0xacd, 0xad0, 0xad1, 0xae0, 0xae4, 0xaf9, 0xafd, 0xb01, 0xb04, 0xb05, 0xb0d,
    0xb0f, 0xb11, 0xb13, 0xb29, 0xb2a, 0xb31, 0xb32, 0xb34, 0xb35, 0xb3a, 0xb3d, 0xb45,
    0xb47, 0xb49, 0xb4b, 0xb4d, 0xb56, 0xb58, 0xb5c, 0xb5e, 0xb5f, 0xb64, 0xb71, 0xb72,
    0xb82, 0xb84, 0xb85, 0xb8b, 0xb8e, 0xb91, 0xb92, 0xb96, 0xb99, 0xb9b, 0xb9c, 0xb9d,
    0xb9e, 0xba0, 0xba3, 0xba5, 0xba8, 0xbab, 0xbae, 0xbba, 0xbbe, 0xbc3, 0xbc6, 0xbc9,
    0xbca, 0xbcd, 0xbd0, 0xbd1, 0xbd7, 0xbd8, 0xc00, 0xc0d, 0xc0e, 0xc11, 0xc12, 0xc29,
    0xc2a, 0xc3a, 0xc3d, 0xc45, 0xc46, 0xc49, 0xc4a, 0xc4d, 0xc55, 0xc57, 0xc58, 0xc5b,
    0xc5c, 0xc5e, 0xc60, 0xc64, 0xc80, 0xc84, 0xc85, 0xc8d, 0xc8e, 0xc91, 0xc92, 0xca9,
    0xcaa, 0xcb4, 0xcb5, 0xcba, 0xcbd, 0xcc5, 0xcc6, 0xcc9, 0xcca, 0xccd, 0xcd5, 0xcd7,
    0xcdc, 0xcdf, 0xce0, 0xce4, 0xcf1, 0xcf4, 0xd00, 0xd0d, 0xd0e, 0xd11, 0xd12, 0xd3b,
    0xd3d, 0xd45, 0xd46, 0xd49, 0xd4a, 0xd4d, 0xd4e, 0xd4f, 0xd54, 0xd58, 0xd5f, 0xd64,
    0xd7a, 0xd80, 0xd81, 0xd84, 0xd85, 0xd97, 0xd9a, 0xdb2, 0xdb3, 0xdbc, 0xdbd, 0xdbe,
    0xdc0, 0xdc7, 0xdcf, 0xdd5, 0xdd6, 0xdd7, 0xdd8, 0xde0, 0xdf2, 0xdf4, 0xe01, 0xe3b,
    0xe40, 0xe47, 0xe4d, 0xe4e, 0xe81, 0xe83, 0xe84, 0xe85, 0xe86, 0xe8b, 0xe8c, 0xea4,
    0xea5, 0xea6, 0xea7, 0xeba, 0xebb, 0xebe, 0xec0, 0xec5, 0xec6, 0xec7, 0xecd, 0xece,
    0xedc, 0xee0, 0xf00, 0xf01, 0xf40, 0xf48, 0xf49, 0xf6d, 0xf71, 0xf84, 0xf88, 0xf98,
    0xf99, 0xfbd, 0x1000, 0x1037, 0x1038, 0x1039, 0x103b, 0x1040, 0x1050, 0x1090, 0x109a, 0x109e,
    0x10a0, 0x10c6, 0x10c7, 0x10c8, 0x10cd, 0x10ce, 0x10d0, 0x10fb, 0x10fc, 0x1249, 0x124a, 0x124e,
    0x1250, 0x1257, 0x1258, 0x1259, 0x125a, 0x125e, 0x1260, 0x1289, 0x128a, 0x128e, 0x1290, 0x12b1,
    0x12b2, 0x12b6, 0x12b8, 0x12bf, 0x12c0, 0x12c1, 0x12c2, 0x12c6, 0x12c8, 0x12d7, 0x12d8, 0x1311,
    0x1312, 0x1316, 0x1318, 0x135b, 0x1380, 0x1390, 0x13a0, 0x13f6, 0x13f8, 0x13fe, 0x1401, 0x166d,
    0x166f, 0x1680, 0x1681, 0x169b, 0x16a0, 0x16eb, 0x16ee, 0x16f9, 0x1700, 0x1714, 0x171f, 0x1734,
    0x1740, 0x1754, 0x1760, 0x176d, 0x176e, 0x1771, 0x1772, 0x1774, 0x1780, 0x17b4, 0x17b6, 0x17c9,
    0x17d7, 0x17d8, 0x17dc, 0x17dd, 0x1820, 0x1879, 0x1880, 0x18ab, 0x18b0, 0x18f6, 0x1900, 0x191f,
    0x1920, 0x192c, 0x1930, 0x1939, 0x1950, 0x196e, 0x1970, 0x1975, 0x1980, 0x19ac, 0x19b0, 0x19ca,
    0x1a00, 0x1a1c, 0x1a20, 0x1a5f, 0x1a61, 0x1a75, 0x1aa7, 0x1aa8, 0x1abf, 0x1ac1, 0x1acc, 0x1acf,
    0x1b00, 0x1b34, 0x1b35, 0x1b44, 0x1b45, 0x1b4d, 0x1b80, 0x1baa, 0x1bac, 0x1bb0, 0x1bba, 0x1be6,
    0x1be7, 0x1bf2, 0x1c00, 0x1c37, 0x1c4d, 0x1c50, 0x1c5a, 0x1c7e, 0x1c80, 0x1c8b, 0x1c90, 0x1cbb,
    0x1cbd, 0x1cc0, 0x1ce9, 0x1ced, 0x1cee, 0x1cf4, 0x1cf5, 0x1cf7, 0x1cfa, 0x1cfb, 0x1d00, 0x1dc0,
    0x1dd3, 0x1df5, 0x1e00, 0x1f16, 0x1f18, 0x1f1e, 0x1f20, 0x1f46, 0x1f48, 0x1f4e, 0x1f50, 0x1f58,
    0x1f59, 0x1f5a, 0x1f5b, 0x1f5c, 0x1f5d, 0x1f5e, 0x1f5f, 0x1f7e, 0x1f80, 0x1fb5, 0x1fb6, 0x1fbd,
    0x1fbe, 0x1fbf, 0x1fc2, 0x1fc5, 0x1fc6, 0x1fcd, 0x1fd0, 0x1fd4, 0x1fd6, 0x1fdc, 0x1fe0, 0x1fed,
    0x1ff2, 0x1ff5, 0x1ff6, 0x1ffd, 0x2071, 0x2072, 0x207f, 0x2080, 0x2090, 0x209d, 0x2102, 0x2103,
    0x2107, 0x2108, 0x210a, 0x2114, 0x2115, 0x2116, 0x2119, 0x211e, 0x2124, 0x2125, 0x2126, 0x2127,
    0x2128, 0x2129, 0x212a, 0x212e, 0x212f, 0x213a, 0x213c, 0x2140, 0x2145, 0x214a, 0x214e, 0x214f,
    0x2160, 0x2189, 0x24b6, 0x24ea, 0x2c00, 0x2ce5, 0x2ceb, 0x2cef, 0x2cf2, 0x2cf4, 0x2d00, 0x2d26,
    0x2d27, 0x2d28, 0x2d2d, 0x2d2e, 0x2d30, 0x2d68, 0x2d6f, 0x2d70, 0x2d80, 0x2d97, 0x2da0, 0x2da7,
    0x2da8, 0x2daf, 0x2db0, 0x2db7, 0x2db8, 0x2dbf, 0x2dc0, 0x2dc7, 0x2dc8, 0x2dcf, 0x2dd0, 0x2dd7,
    0x2dd8, 0x2ddf, 0x2de0, 0x2e00, 0x2e2f, 0x2e30, 0x3005, 0x3008, 0x3021, 0x302a, 0x3031, 0x3036,
    0x3038, 0x303d, 0x3041, 0x3097, 0x309d, 0x30a0, 0x30a1, 0x30fb, 0x30fc, 0x3100, 0x3105, 0x3130,
    0x3131, 0x318f, 0x31a0, 0x31c0, 0x31f0, 0x3200, 0x3400, 0x4dc0, 0x4e00, 0xa48d, 0xa4d0, 0xa4fe,
    0xa500, 0xa60d, 0xa610, 0xa620, 0xa62a, 0xa62c, 0xa640, 0xa66f, 0xa674, 0xa67c, 0xa67f, 0xa6f0,
    0xa717, 0xa720, 0xa722, 0xa789, 0xa78b, 0xa7dd, 0xa7f1, 0xa806, 0xa807, 0xa828, 0xa840, 0xa874,
    0xa880, 0xa8c4, 0xa8c5, 0xa8c6, 0xa8f2, 0xa8f8, 0xa8fb, 0xa8fc, 0xa8fd, 0xa900, 0xa90a, 0xa92b,
    0xa930, 0xa953, 0xa960, 0xa97d, 0xa980, 0xa9b3, 0xa9b4, 0xa9c0, 0xa9cf, 0xa9d0, 0xa9e0, 0xa9f0,
    0xa9fa, 0xa9ff, 0xaa00, 0xaa37, 0xaa40, 0xaa4e, 0xaa60, 0xaa77, 0xaa7a, 0xaabf, 0xaac0, 0xaac1,
    0xaac2, 0xaac3, 0xaadb, 0xaade, 0xaae0, 0xaaf0, 0xaaf2, 0xaaf6, 0xab01, 0xab07, 0xab09, 0xab0f,
    0xab11, 0xab17, 0xab20, 0xab27, 0xab28, 0xab2f, 0xab30, 0xab5b, 0xab5c, 0xab6a, 0xab70, 0xabeb,
    0xac00, 0xd7a4, 0xd7b0, 0xd7c7, 0xd7cb, 0xd7fc, 0xf900, 0xfa6e, 0xfa70, 0xfada, 0xfb00, 0xfb07,
    0xfb13, 0xfb18, 0xfb1d, 0xfb29, 0xfb2a, 0xfb37, 0xfb38, 0xfb3d, 0xfb3e, 0xfb3f, 0xfb40, 0xfb42,
    0xfb43, 0xfb45, 0xfb46, 0xfbb2, 0xfbd3, 0xfd3e, 0xfd50, 0xfd90, 0xfd92, 0xfdc8, 0xfdf0, 0xfdfc,
    0xfe70, 0xfe75, 0xfe76, 0xfefd, 0xff21, 0xff3b, 0xff41, 0xff5b, 0xff66, 0xffbf, 0xffc2, 0xffc8,
    0xffca, 0xffd0, 0xffd2, 0xffd8, 0xffda, 0xffdd, 0x10000, 0x1000c, 0x1000d, 0x10027, 0x10028, 0x1003b,
    0x1003c, 0x1003e, 0x1003f, 0x1004e, 0x10050, 0x1005e, 0x10080, 0x100fb, 0x10140, 0x10175, 0x10280, 0x1029d,
    0x102a0, 0x102d1, 0x10300, 0x10320, 0x1032d, 0x1034b, 0x10350, 0x1037b, 0x10380, 0x1039e, 0x103a0, 0x103c4,
    0x103c8, 0x103d0, 0x103d1, 0x103d6, 0x10400, 0x1049e, 0x104b0, 0x104d4, 0x104d8, 0x104fc, 0x10500, 0x10528,
    0x10530, 0x10564, 0x10570, 0x1057b, 0x1057c, 0x1058b, 0x1058c, 0x10593, 0x10594, 0x10596, 0x10597, 0x105a2,
    0x105a3, 0x105b2, 0x105b3, 0x105ba, 0x105bb, 0x105bd, 0x105c0, 0x105f4, 0x10600, 0x10737, 0x10740, 0x10756,
    0x10760, 0x10768, 0x10780, 0x10786, 0x10787, 0x107b1, 0x107b2, 0x107bb, 0x10800, 0x10806, 0x10808, 0x10809,
    0x1080a, 0x10836, 0x10837, 0x10839, 0x1083c, 0x1083d, 0x1083f, 0x10856, 0x10860, 0x10877, 0x10880, 0x1089f,
    0x108e0, 0x108f3, 0x108f4, 0x108f6, 0x10900, 0x10916, 0x10920, 0x1093a, 0x10940, 0x1095a, 0x10980, 0x109b8,
    0x109be, 0x109c0, 0x10a00, 0x10a04, 0x10a05, 0x10a07, 0x10a0c, 0x10a14, 0x10a15, 0x10a18, 0x10a19, 0x10a36,
    0x10a60, 0x10a7d, 0x10a80, 0x10a9d, 0x10ac0, 0x10ac8, 0x10ac9, 0x10ae5, 0x10b00, 0x10b36, 0x10b40, 0x10b56,
    0x10b60, 0x10b73, 0x10b80, 0x10b92, 0x10c00, 0x10c49, 0x10c80, 0x10cb3, 0x10cc0, 0x10cf3, 0x10d00, 0x10d28,
    0x10d4a, 0x10d66, 0x10d69, 0x10d6a, 0x10d6f, 0x10d86, 0x10e80, 0x10eaa, 0x10eab, 0x10ead, 0x10eb0, 0x10eb2,
    0x10ec2, 0x10ec8, 0x10efa, 0x10efd, 0x10f00, 0x10f1d, 0x10f27, 0x10f28, 0x10f30, 0x10f46, 0x10f70, 0x10f82,
    0x10fb0, 0x10fc5, 0x10fe0, 0x10ff7, 0x11000, 0x11046, 0x11071, 0x11076, 0x11080, 0x110b9, 0x110c2, 0x110c3,
    0x110d0, 0x110e9, 0x11100, 0x11133, 0x11144, 0x11148, 0x11150, 0x11173, 0x11176, 0x11177, 0x11180, 0x111c0,
    0x111c1, 0x111c5, 0x111ce, 0x111d0, 0x111da, 0x111db, 0x111dc, 0x111dd, 0x11200, 0x11212, 0x11213, 0x11235,
    0x11237, 0x11238, 0x1123e, 0x11242, 0x11280, 0x11287, 0x11288, 0x11289, 0x1128a, 0x1128e, 0x1128f, 0x1129e,
    0x1129f, 0x112a9, 0x112b0, 0x112e9, 0x11300, 0x11304, 0x11305, 0x1130d, 0x1130f, 0x11311, 0x11313, 0x11329,
    0x1132a, 0x11331, 0x11332, 0x11334, 0x11335, 0x1133a, 0x1133d, 0x11345, 0x11347, 0x11349, 0x1134b, 0x1134d,
    0x11350, 0x11351, 0x11357, 0x11358, 0x1135d, 0x11364, 0x11380, 0x1138a, 0x1138b, 0x1138c, 0x1138e, 0x1138f,
    0x11390, 0x113b6, 0x113b7, 0x113c1, 0x113c2, 0x113c3, 0x113c5, 0x113c6, 0x113c7, 0x113cb, 0x113cc, 0x113ce,
    0x113d1, 0x113d2, 0x113d3, 0x113d4, 0x11400, 0x11442, 0x11443, 0x11446, 0x11447, 0x1144b, 0x1145f, 0x11462,
    0x11480, 0x114c2, 0x114c4, 0x114c6, 0x114c7, 0x114c8, 0x11580, 0x115b6, 0x115b8, 0x115bf, 0x115d8, 0x115de,
    0x11600, 0x1163f, 0x11640, 0x11641, 0x11644, 0x11645, 0x11680, 0x116b6, 0x116b8, 0x116b9, 0x11700, 0x1171b,
    0x1171d, 0x1172b, 0x11740, 0x11747, 0x11800, 0x11839, 0x118a0, 0x118e0, 0x118ff, 0x11907, 0x11909, 0x1190a,
    0x1190c, 0x11914, 0x11915, 0x11917, 0x11918, 0x11936, 0x11937, 0x11939, 0x1193b, 0x1193d, 0x1193f, 0x11943,
    0x119a0, 0x119a8, 0x119aa, 0x119d8, 0x119da, 0x119e0, 0x119e1, 0x119e2, 0x119e3, 0x119e5, 0x11a00, 0x11a33,
    0x11a35, 0x11a3f, 0x11a50, 0x11a98, 0x11a9d, 0x11a9e, 0x11ab0, 0x11af9, 0x11b60, 0x11b68, 0x11bc0, 0x11be1,
    0x11c00, 0x11c09, 0x11c0a, 0x11c37, 0x11c38, 0x11c3f, 0x11c40, 0x11c41, 0x11c72, 0x11c90, 0x11c92, 0x11ca8,
    0x11ca9, 0x11cb7, 0x11d00, 0x11d07, 0x11d08, 0x11d0a, 0x11d0b, 0x11d37, 0x11d3a, 0x11d3b, 0x11d3c, 0x11d3e,
    0x11d3f, 0x11d42, 0x11d43, 0x11d44, 0x11d46, 0x11d48, 0x11d60, 0x11d66, 0x11d67, 0x11d69, 0x11d6a, 0x11d8f,
    0x11d90, 0x11d92, 0x11d93, 0x11d97, 0x11d98, 0x11d99, 0x11db0, 0x11ddc, 0x11ee0, 0x11ef7, 0x11f00, 0x11f11,
    0x11f12, 0x11f3b, 0x11f3e, 0x11f41, 0x11fb0, 0x11fb1, 0x12000, 0x1239a, 0x12400, 0x1246f, 0x12480, 0x12544,
    0x12f90, 0x12ff1, 0x13000, 0x13430, 0x13441, 0x13447, 0x13460, 0x143fb, 0x14400, 0x14647, 0x16100, 0x1612f,
    0x16800, 0x16a39, 0x16a40, 0x16a5f, 0x16a70, 0x16abf, 0x16ad0, 0x16aee, 0x16b00, 0x16b30, 0x16b40, 0x16b44,
    0x16b63, 0x16b78, 0x16b7d, 0x16b90, 0x16d40, 0x16d6d, 0x16e40, 0x16e80, 0x16ea0, 0x16eb9, 0x16ebb, 0x16ed4,
    0x16f00, 0x16f4b, 0x16f4f, 0x16f88, 0x16f8f, 0x16fa0, 0x16fe0, 0x16fe2, 0x16fe3, 0x16fe4, 0x16ff0, 0x16ff7,
    0x17000, 0x18cd6, 0x18cff, 0x18d1f, 0x18d80, 0x18df3, 0x1aff0, 0x1aff4, 0x1aff5, 0x1affc, 0x1affd, 0x1afff,
    0x1b000, 0x1b123, 0x1b132, 0x1b133, 0x1b150, 0x1b153, 0x1b155, 0x1b156, 0x1b164, 0x1b168, 0x1b170, 0x1b2fc,
    0x1bc00, 0x1bc6b, 0x1bc70, 0x1bc7d, 0x1bc80, 0x1bc89, 0x1bc90, 0x1bc9a, 0x1bc9e, 0x1bc9f, 0x1d400, 0x1d455,
    0x1d456, 0x1d49d, 0x1d49e, 0x1d4a0, 0x1d4a2, 0x1d4a3, 0x1d4a5, 0x1d4a7, 0x1d4a9, 0x1d4ad, 0x1d4ae, 0x1d4ba,
    0x1d4bb, 0x1d4bc, 0x1d4bd, 0x1d4c4, 0x1d4c5, 0x1d506, 0x1d507, 0x1d50b, 0x1d50d, 0x1d515, 0x1d516, 0x1d51d,
    0x1d51e, 0x1d53a, 0x1d53b, 0x1d53f, 0x1d540, 0x1d545, 0x1d546, 0x1d547, 0x1d54a, 0x1d551, 0x1d552, 0x1d6a6,
    0x1d6a8, 0x1d6c1, 0x1d6c2, 0x1d6db, 0x1d6dc, 0x1d6fb, 0x1d6fc, 0x1d715, 0x1d716, 0x1d735, 0x1d736, 0x1d74f,
    0x1d750, 0x1d76f, 0x1d770, 0x1d789, 0x1d78a, 0x1d7a9, 0x1d7aa, 0x1d7c3, 0x1d7c4, 0x1d7cc, 0x1df00, 0x1df1f,
    0x1df25, 0x1df2b, 0x1e000, 0x1e007, 0x1e008, 0x1e019, 0x1e01b, 0x1e022, 0x1e023, 0x1e025, 0x1e026, 0x1e02b,
    0x1e030, 0x1e06e, 0x1e08f, 0x1e090, 0x1e100, 0x1e12d, 0x1e137, 0x1e13e, 0x1e14e, 0x1e14f, 0x1e290, 0x1e2ae,
    0x1e2c0, 0x1e2ec, 0x1e4d0, 0x1e4ec, 0x1e5d0, 0x1e5ee, 0x1e5f0, 0x1e5f1, 0x1e6c0, 0x1e6df, 0x1e6e0, 0x1e6f6,
    0x1e6fe, 0x1e700, 0x1e7e0, 0x1e7e7, 0x1e7e8, 0x1e7ec, 0x1e7ed, 0x1e7ef, 0x1e7f0, 0x1e7ff, 0x1e800, 0x1e8c5,
    0x1e900, 0x1e944, 0x1e947, 0x1e948, 0x1e94b, 0x1e94c, 0x1ee00, 0x1ee04, 0x1ee05, 0x1ee20, 0x1ee21, 0x1ee23,
    0x1ee24, 0x1ee25, 0x1ee27, 0x1ee28, 0x1ee29, 0x1ee33, 0x1ee34, 0x1ee38, 0x1ee39, 0x1ee3a, 0x1ee3b, 0x1ee3c,
    0x1ee42, 0x1ee43, 0x1ee47, 0x1ee48, 0x1ee49, 0x1ee4a, 0x1ee4b, 0x1ee4c, 0x1ee4d, 0x1ee50, 0x1ee51, 0x1ee53,
    0x1ee54, 0x1ee55, 0x1ee57, 0x1ee58, 0x1ee59, 0x1ee5a, 0x1ee5b, 0x1ee5c, 0x1ee5d, 0x1ee5e, 0x1ee5f, 0x1ee60,
    0x1ee61, 0x1ee63, 0x1ee64, 0x1ee65, 0x1ee67, 0x1ee6b, 0x1ee6c, 0x1ee73, 0x1ee74, 0x1ee78, 0x1ee79, 0x1ee7d,
    0x1ee7e, 0x1ee7f, 0x1ee80, 0x1ee8a, 0x1ee8b, 0x1ee9c, 0x1eea1, 0x1eea4, 0x1eea5, 0x1eeaa, 0x1eeab, 0x1eebc,
    0x1f130, 0x1f14a, 0x1f150, 0x1f16a, 0x1f170, 0x1f18a, 0x20000, 0x2a6e0, 0x2a700, 0x2b81e, 0x2b820, 0x2ceae,
    0x2ceb0, 0x2ebe1, 0x2ebf0, 0x2ee5e, 0x2f800, 0x2fa1e, 0x30000, 0x3134b, 0x31350, 0x3347a,
];

static BINARY_PROPERTY_ANY: &[i32] = &[
    0x0, 0xdc00, 0xdc00, 0xe000, 0xe000, 0x110000,
];

static BINARY_PROPERTY_ASSIGNED: &[i32] = &[
    0x0, 0x378, 0x37a, 0x380, 0x384, 0x38b, 0x38c, 0x38d, 0x38e, 0x3a2, 0x3a3, 0x530,
    0x531, 0x557, 0x559, 0x58b, 0x58d, 0x590, 0x591, 0x5c8, 0x5d0, 0x5eb, 0x5ef, 0x5f5,
    0x600, 0x70e, 0x70f, 0x74b, 0x74d, 0x7b2, 0x7c0, 0x7fb, 0x7fd, 0x82e, 0x830, 0x83f,
    0x840, 0x85c, 0x85e, 0x85f, 0x860, 0x86b, 0x870, 0x892, 0x897, 0x984, 0x985, 0x98d,
    0x98f, 0x991, 0x993, 0x9a9, 0x9aa, 0x9b1, 0x9b2, 0x9b3, 0x9b6, 0x9ba, 0x9bc, 0x9c5,
    0x9c7, 0x9c9, 0x9cb, 0x9cf, 0x9d7, 0x9d8, 0x9dc, 0x9de, 0x9df, 0x9e4, 0x9e6, 0x9ff,
    0xa01, 0xa04, 0xa05, 0xa0b, 0xa0f, 0xa11, 0xa13, 0xa29, 0xa2a, 0xa31, 0xa32, 0xa34,
    0xa35, 0xa37, 0xa38, 0xa3a, 0xa3c, 0xa3d, 0xa3e, 0xa43, 0xa47, 0xa49, 0xa4b, 0xa4e,
    0xa51, 0xa52, 0xa59, 0xa5d, 0xa5e, 0xa5f, 0xa66, 0xa77, 0xa81, 0xa84, 0xa85, 0xa8e,
    0xa8f, 0xa92, 0xa93, 0xaa9, 0xaaa, 0xab1, 0xab2, 0xab4, 0xab5, 0xaba, 0xabc, 0xac6,
    0xac7, 0xaca, 0xacb, 0xace, 0xad0, 0xad1, 0xae0, 0xae4, 0xae6, 0xaf2, 0xaf9, 0xb00,
    0xb01, 0xb04, 0xb05, 0xb0d, 0xb0f, 0xb11, 0xb13, 0xb29, 0xb2a, 0xb31, 0xb32, 0xb34,
    0xb35, 0xb3a, 0xb3c, 0xb45, 0xb47, 0xb49, 0xb4b, 0xb4e, 0xb55, 0xb58, 0xb5c, 0xb5e,
    0xb5f, 0xb64, 0xb66, 0xb78, 0xb82, 0xb84, 0xb85, 0xb8b, 0xb8e, 0xb91, 0xb92, 0xb96,
    0xb99, 0xb9b, 0xb9c, 0xb9d, 0xb9e, 0xba0, 0xba3, 0xba5, 0xba8, 0xbab, 0xbae, 0xbba,
    0xbbe, 0xbc3, 0xbc6, 0xbc9, 0xbca, 0xbce, 0xbd0, 0xbd1, 0xbd7, 0xbd8, 0xbe6, 0xbfb,
    0xc00, 0xc0d, 0xc0e, 0xc11, 0xc12, 0xc29, 0xc2a, 0xc3a, 0xc3c, 0xc45, 0xc46, 0xc49,
    0xc4a, 0xc4e, 0xc55, 0xc57, 0xc58, 0xc5b, 0xc5c, 0xc5e, 0xc60, 0xc64, 0xc66, 0xc70,
    0xc77, 0xc8d, 0xc8e, 0xc91, 0xc92, 0xca9, 0xcaa, 0xcb4, 0xcb5, 0xcba, 0xcbc, 0xcc5,
    0xcc6, 0xcc9, 0xcca, 0xcce, 0xcd5, 0xcd7, 0xcdc, 0xcdf, 0xce0, 0xce4, 0xce6, 0xcf0,
    0xcf1, 0xcf4, 0xd00, 0xd0d, 0xd0e, 0xd11, 0xd12, 0xd45, 0xd46, 0xd49, 0xd4a, 0xd50,
    0xd54, 0xd64, 0xd66, 0xd80, 0xd81, 0xd84, 0xd85, 0xd97, 0xd9a, 0xdb2, 0xdb3, 0xdbc,
    0xdbd, 0xdbe, 0xdc0, 0xdc7, 0xdca, 0xdcb, 0xdcf, 0xdd5, 0xdd6, 0xdd7, 0xdd8, 0xde0,
    0xde6, 0xdf0, 0xdf2, 0xdf5, 0xe01, 0xe3b, 0xe3f, 0xe5c, 0xe81, 0xe83, 0xe84, 0xe85,
    0xe86, 0xe8b, 0xe8c, 0xea4, 0xea5, 0xea6, 0xea7, 0xebe, 0xec0, 0xec5, 0xec6, 0xec7,
    0xec8, 0xecf, 0xed0, 0xeda, 0xedc, 0xee0, 0xf00, 0xf48, 0xf49, 0xf6d, 0xf71, 0xf98,
    0xf99, 0xfbd, 0xfbe, 0xfcd, 0xfce, 0xfdb, 0x1000, 0x10c6, 0x10c7, 0x10c8, 0x10cd, 0x10ce,
    0x10d0, 0x1249, 0x124a, 0x124e, 0x1250, 0x1257, 0x1258, 0x1259, 0x125a, 0x125e, 0x1260, 0x1289,
    0x128a, 0x128e, 0x1290, 0x12b1, 0x12b2, 0x12b6, 0x12b8, 0x12bf, 0x12c0, 0x12c1, 0x12c2, 0x12c6,
    0x12c8, 0x12d7, 0x12d8, 0x1311, 0x1312, 0x1316, 0x1318, 0x135b, 0x135d, 0x137d, 0x1380, 0x139a,
    0x13a0, 0x13f6, 0x13f8, 0x13fe, 0x1400, 0x169d, 0x16a0, 0x16f9, 0x1700, 0x1716, 0x171f, 0x1737,
    0x1740, 0x1754, 0x1760, 0x176d, 0x176e, 0x1771, 0x1772, 0x1774, 0x1780, 0x17de, 0x17e0, 0x17ea,
    0x17f0, 0x17fa, 0x1800, 0x181a, 0x1820, 0x1879, 0x1880, 0x18ab, 0x18b0, 0x18f6, 0x1900, 0x191f,
    0x1920, 0x192c, 0x1930, 0x193c, 0x1940, 0x1941, 0x1944, 0x196e, 0x1970, 0x1975, 0x1980, 0x19ac,
    0x19b0, 0x19ca, 0x19d0, 0x19db, 0x19de, 0x1a1c, 0x1a1e, 0x1a5f, 0x1a60, 0x1a7d, 0x1a7f, 0x1a8a,
    0x1a90, 0x1a9a, 0x1aa0, 0x1aae, 0x1ab0, 0x1ade, 0x1ae0, 0x1aec, 0x1b00, 0x1b4d, 0x1b4e, 0x1bf4,
    0x1bfc, 0x1c38, 0x1c3b, 0x1c4a, 0x1c4d, 0x1c8b, 0x1c90, 0x1cbb, 0x1cbd, 0x1cc8, 0x1cd0, 0x1cfb,
    0x1d00, 0x1f16, 0x1f18, 0x1f1e, 0x1f20, 0x1f46, 0x1f48, 0x1f4e, 0x1f50, 0x1f58, 0x1f59, 0x1f5a,
    0x1f5b, 0x1f5c, 0x1f5d, 0x1f5e, 0x1f5f, 0x1f7e, 0x1f80, 0x1fb5, 0x1fb6, 0x1fc5, 0x1fc6, 0x1fd4,
    0x1fd6, 0x1fdc, 0x1fdd, 0x1ff0, 0x1ff2, 0x1ff5, 0x1ff6, 0x1fff, 0x2000, 0x2065, 0x2066, 0x2072,
    0x2074, 0x208f, 0x2090, 0x209d, 0x20a0, 0x20c2, 0x20d0, 0x20f1, 0x2100, 0x218c, 0x2190, 0x242a,
    0x2440, 0x244b, 0x2460, 0x2b74, 0x2b76, 0x2cf4, 0x2cf9, 0x2d26, 0x2d27, 0x2d28, 0x2d2d, 0x2d2e,
    0x2d30, 0x2d68, 0x2d6f, 0x2d71, 0x2d7f, 0x2d97, 0x2da0, 0x2da7, 0x2da8, 0x2daf, 0x2db0, 0x2db7,
    0x2db8, 0x2dbf, 0x2dc0, 0x2dc7, 0x2dc8, 0x2dcf, 0x2dd0, 0x2dd7, 0x2dd8, 0x2ddf, 0x2de0, 0x2e5e,
    0x2e80, 0x2e9a, 0x2e9b, 0x2ef4, 0x2f00, 0x2fd6, 0x2ff0, 0x3040, 0x3041, 0x3097, 0x3099, 0x3100,
    0x3105, 0x3130, 0x3131, 0x318f, 0x3190, 0x31e6, 0x31ef, 0x321f, 0x3220, 0xa48d, 0xa490, 0xa4c7,
    0xa4d0, 0xa62c, 0xa640, 0xa6f8, 0xa700, 0xa7dd, 0xa7f1, 0xa82d, 0xa830, 0xa83a, 0xa840, 0xa878,
    0xa880, 0xa8c6, 0xa8ce, 0xa8da, 0xa8e0, 0xa954, 0xa95f, 0xa97d, 0xa980, 0xa9ce, 0xa9cf, 0xa9da,
    0xa9de, 0xa9ff, 0xaa00, 0xaa37, 0xaa40, 0xaa4e, 0xaa50, 0xaa5a, 0xaa5c, 0xaac3, 0xaadb, 0xaaf7,
    0xab01, 0xab07, 0xab09, 0xab0f, 0xab11, 0xab17, 0xab20, 0xab27, 0xab28, 0xab2f, 0xab30, 0xab6c,
    0xab70, 0xabee, 0xabf0, 0xabfa, 0xac00, 0xd7a4, 0xd7b0, 0xd7c7, 0xd7cb, 0xd7fc, 0xd800, 0xdc00,
    0xdc00, 0xe000, 0xe000, 0xfa6e, 0xfa70, 0xfada, 0xfb00, 0xfb07, 0xfb13, 0xfb18, 0xfb1d, 0xfb37,
    0xfb38, 0xfb3d, 0xfb3e, 0xfb3f, 0xfb40, 0xfb42, 0xfb43, 0xfb45, 0xfb46, 0xfdd0, 0xfdf0, 0xfe1a,
    0xfe20, 0xfe53, 0xfe54, 0xfe67, 0xfe68, 0xfe6c, 0xfe70, 0xfe75, 0xfe76, 0xfefd, 0xfeff, 0xff00,
    0xff01, 0xffbf, 0xffc2, 0xffc8, 0xffca, 0xffd0, 0xffd2, 0xffd8, 0xffda, 0xffdd, 0xffe0, 0xffe7,
    0xffe8, 0xffef, 0xfff9, 0xfffe, 0x10000, 0x1000c, 0x1000d, 0x10027, 0x10028, 0x1003b, 0x1003c, 0x1003e,
    0x1003f, 0x1004e, 0x10050, 0x1005e, 0x10080, 0x100fb, 0x10100, 0x10103, 0x10107, 0x10134, 0x10137, 0x1018f,
    0x10190, 0x1019d, 0x101a0, 0x101a1, 0x101d0, 0x101fe, 0x10280, 0x1029d, 0x102a0, 0x102d1, 0x102e0, 0x102fc,
    0x10300, 0x10324, 0x1032d, 0x1034b, 0x10350, 0x1037b, 0x10380, 0x1039e, 0x1039f, 0x103c4, 0x103c8, 0x103d6,
    0x10400, 0x1049e, 0x104a0, 0x104aa, 0x104b0, 0x104d4, 0x104d8, 0x104fc, 0x10500, 0x10528, 0x10530, 0x10564,
    0x1056f, 0x1057b, 0x1057c, 0x1058b, 0x1058c, 0x10593, 0x10594, 0x10596, 0x10597, 0x105a2, 0x105a3, 0x105b2,
    0x105b3, 0x105ba, 0x105bb, 0x105bd, 0x105c0, 0x105f4, 0x10600, 0x10737, 0x10740, 0x10756, 0x10760, 0x10768,
    0x10780, 0x10786, 0x10787, 0x107b1, 0x107b2, 0x107bb, 0x10800, 0x10806, 0x10808, 0x10809, 0x1080a, 0x10836,
    0x10837, 0x10839, 0x1083c, 0x1083d, 0x1083f, 0x10856, 0x10857, 0x1089f, 0x108a7, 0x108b0, 0x108e0, 0x108f3,
    0x108f4, 0x108f6, 0x108fb, 0x1091c, 0x1091f, 0x1093a, 0x1093f, 0x1095a, 0x10980, 0x109b8, 0x109bc, 0x109d0,
    0x109d2, 0x10a04, 0x10a05, 0x10a07, 0x10a0c, 0x10a14, 0x10a15, 0x10a18, 0x10a19, 0x10a36, 0x10a38, 0x10a3b,
    0x10a3f, 0x10a49, 0x10a50, 0x10a59, 0x10a60, 0x10aa0, 0x10ac0, 0x10ae7, 0x10aeb, 0x10af7, 0x10b00, 0x10b36,
    0x10b39, 0x10b56, 0x10b58, 0x10b73, 0x10b78, 0x10b92, 0x10b99, 0x10b9d, 0x10ba9, 0x10bb0, 0x10c00, 0x10c49,
    0x10c80, 0x10cb3, 0x10cc0, 0x10cf3, 0x10cfa, 0x10d28, 0x10d30, 0x10d3a, 0x10d40, 0x10d66, 0x10d69, 0x10d86,
    0x10d8e, 0x10d90, 0x10e60, 0x10e7f, 0x10e80, 0x10eaa, 0x10eab, 0x10eae, 0x10eb0, 0x10eb2, 0x10ec2, 0x10ec8,
    0x10ed0, 0x10ed9, 0x10efa, 0x10f28, 0x10f30, 0x10f5a, 0x10f70, 0x10f8a, 0x10fb0, 0x10fcc, 0x10fe0, 0x10ff7,
    0x11000, 0x1104e, 0x11052, 0x11076, 0x1107f, 0x110c3, 0x110cd, 0x110ce, 0x110d0, 0x110e9, 0x110f0, 0x110fa,
    0x11100, 0x11135, 0x11136, 0x11148, 0x11150, 0x11177, 0x11180, 0x111e0, 0x111e1, 0x111f5, 0x11200, 0x11212,
    0x11213, 0x11242, 0x11280, 0x11287, 0x11288, 0x11289, 0x1128a, 0x1128e, 0x1128f, 0x1129e, 0x1129f, 0x112aa,
    0x112b0, 0x112eb, 0x112f0, 0x112fa, 0x11300, 0x11304, 0x11305, 0x1130d, 0x1130f, 0x11311, 0x11313, 0x11329,
    0x1132a, 0x11331, 0x11332, 0x11334, 0x11335, 0x1133a, 0x1133b, 0x11345, 0x11347, 0x11349, 0x1134b, 0x1134e,
    0x11350, 0x11351, 0x11357, 0x11358, 0x1135d, 0x11364, 0x11366, 0x1136d, 0x11370, 0x11375, 0x11380, 0x1138a,
    0x1138b, 0x1138c, 0x1138e, 0x1138f, 0x11390, 0x113b6, 0x113b7, 0x113c1, 0x113c2, 0x113c3, 0x113c5, 0x113c6,
    0x113c7, 0x113cb, 0x113cc, 0x113d6, 0x113d7, 0x113d9, 0x113e1, 0x113e3, 0x11400, 0x1145c, 0x1145d, 0x11462,
    0x11480, 0x114c8, 0x114d0, 0x114da, 0x11580, 0x115b6, 0x115b8, 0x115de, 0x11600, 0x11645, 0x11650, 0x1165a,
    0x11660, 0x1166d, 0x11680, 0x116ba, 0x116c0, 0x116ca, 0x116d0, 0x116e4, 0x11700, 0x1171b, 0x1171d, 0x1172c,
    0x11730, 0x11747, 0x11800, 0x1183c, 0x118a0, 0x118f3, 0x118ff, 0x11907, 0x11909, 0x1190a, 0x1190c, 0x11914,
    0x11915, 0x11917, 0x11918, 0x11936, 0x11937, 0x11939, 0x1193b, 0x11947, 0x11950, 0x1195a, 0x119a0, 0x119a8,
    0x119aa, 0x119d8, 0x119da, 0x119e5, 0x11a00, 0x11a48, 0x11a50, 0x11aa3, 0x11ab0, 0x11af9, 0x11b00, 0x11b0a,
    0x11b60, 0x11b68, 0x11bc0, 0x11be2, 0x11bf0, 0x11bfa, 0x11c00, 0x11c09, 0x11c0a, 0x11c37, 0x11c38, 0x11c46,
    0x11c50, 0x11c6d, 0x11c70, 0x11c90, 0x11c92, 0x11ca8, 0x11ca9, 0x11cb7, 0x11d00, 0x11d07, 0x11d08, 0x11d0a,
    0x11d0b, 0x11d37, 0x11d3a, 0x11d3b, 0x11d3c, 0x11d3e, 0x11d3f, 0x11d48, 0x11d50, 0x11d5a, 0x11d60, 0x11d66,
    0x11d67, 0x11d69, 0x11d6a, 0x11d8f, 0x11d90, 0x11d92, 0x11d93, 0x11d99, 0x11da0, 0x11daa, 0x11db0, 0x11ddc,
    0x11de0, 0x11dea, 0x11ee0, 0x11ef9, 0x11f00, 0x11f11, 0x11f12, 0x11f3b, 0x11f3e, 0x11f5b, 0x11fb0, 0x11fb1,
    0x11fc0, 0x11ff2, 0x11fff, 0x1239a, 0x12400, 0x1246f, 0x12470, 0x12475, 0x12480, 0x12544, 0x12f90, 0x12ff3,
    0x13000, 0x13456, 0x13460, 0x143fb, 0x14400, 0x14647, 0x16100, 0x1613a, 0x16800, 0x16a39, 0x16a40, 0x16a5f,
    0x16a60, 0x16a6a, 0x16a6e, 0x16abf, 0x16ac0, 0x16aca, 0x16ad0, 0x16aee, 0x16af0, 0x16af6, 0x16b00, 0x16b46,
    0x16b50, 0x16b5a, 0x16b5b, 0x16b62, 0x16b63, 0x16b78, 0x16b7d, 0x16b90, 0x16d40, 0x16d7a, 0x16e40, 0x16e9b,
    0x16ea0, 0x16eb9, 0x16ebb, 0x16ed4, 0x16f00, 0x16f4b, 0x16f4f, 0x16f88, 0x16f8f, 0x16fa0, 0x16fe0, 0x16fe5,
    0x16ff0, 0x16ff7, 0x17000, 0x18cd6, 0x18cff, 0x18d1f, 0x18d80, 0x18df3, 0x1aff0, 0x1aff4, 0x1aff5, 0x1affc,
    0x1affd, 0x1afff, 0x1b000, 0x1b123, 0x1b132, 0x1b133, 0x1b150, 0x1b153, 0x1b155, 0x1b156, 0x1b164, 0x1b168,
    0x1b170, 0x1b2fc, 0x1bc00, 0x1bc6b, 0x1bc70, 0x1bc7d, 0x1bc80, 0x1bc89, 0x1bc90, 0x1bc9a, 0x1bc9c, 0x1bca4,
    0x1cc00, 0x1ccfd, 0x1cd00, 0x1ceb4, 0x1ceba, 0x1ced1, 0x1cee0, 0x1cef1, 0x1cf00, 0x1cf2e, 0x1cf30, 0x1cf47,
    0x1cf50, 0x1cfc4, 0x1d000, 0x1d0f6, 0x1d100, 0x1d127, 0x1d129, 0x1d1eb, 0x1d200, 0x1d246, 0x1d2c0, 0x1d2d4,
    0x1d2e0, 0x1d2f4, 0x1d300, 0x1d357, 0x1d360, 0x1d379, 0x1d400, 0x1d455, 0x1d456, 0x1d49d, 0x1d49e, 0x1d4a0,
    0x1d4a2, 0x1d4a3, 0x1d4a5, 0x1d4a7, 0x1d4a9, 0x1d4ad, 0x1d4ae, 0x1d4ba, 0x1d4bb, 0x1d4bc, 0x1d4bd, 0x1d4c4,
    0x1d4c5, 0x1d506, 0x1d507, 0x1d50b, 0x1d50d, 0x1d515, 0x1d516, 0x1d51d, 0x1d51e, 0x1d53a, 0x1d53b, 0x1d53f,
    0x1d540, 0x1d545, 0x1d546, 0x1d547, 0x1d54a, 0x1d551, 0x1d552, 0x1d6a6, 0x1d6a8, 0x1d7cc, 0x1d7ce, 0x1da8c,
    0x1da9b, 0x1daa0, 0x1daa1, 0x1dab0, 0x1df00, 0x1df1f, 0x1df25, 0x1df2b, 0x1e000, 0x1e007, 0x1e008, 0x1e019,
    0x1e01b, 0x1e022, 0x1e023, 0x1e025, 0x1e026, 0x1e02b, 0x1e030, 0x1e06e, 0x1e08f, 0x1e090, 0x1e100, 0x1e12d,
    0x1e130, 0x1e13e, 0x1e140, 0x1e14a, 0x1e14e, 0x1e150, 0x1e290, 0x1e2af, 0x1e2c0, 0x1e2fa, 0x1e2ff, 0x1e300,
    0x1e4d0, 0x1e4fa, 0x1e5d0, 0x1e5fb, 0x1e5ff, 0x1e600, 0x1e6c0, 0x1e6df, 0x1e6e0, 0x1e6f6, 0x1e6fe, 0x1e700,
    0x1e7e0, 0x1e7e7, 0x1e7e8, 0x1e7ec, 0x1e7ed, 0x1e7ef, 0x1e7f0, 0x1e7ff, 0x1e800, 0x1e8c5, 0x1e8c7, 0x1e8d7,
    0x1e900, 0x1e94c, 0x1e950, 0x1e95a, 0x1e95e, 0x1e960, 0x1ec71, 0x1ecb5, 0x1ed01, 0x1ed3e, 0x1ee00, 0x1ee04,
    0x1ee05, 0x1ee20, 0x1ee21, 0x1ee23, 0x1ee24, 0x1ee25, 0x1ee27, 0x1ee28, 0x1ee29, 0x1ee33, 0x1ee34, 0x1ee38,
    0x1ee39, 0x1ee3a, 0x1ee3b, 0x1ee3c, 0x1ee42, 0x1ee43, 0x1ee47, 0x1ee48, 0x1ee49, 0x1ee4a, 0x1ee4b, 0x1ee4c,
    0x1ee4d, 0x1ee50, 0x1ee51, 0x1ee53, 0x1ee54, 0x1ee55, 0x1ee57, 0x1ee58, 0x1ee59, 0x1ee5a, 0x1ee5b, 0x1ee5c,
    0x1ee5d, 0x1ee5e, 0x1ee5f, 0x1ee60, 0x1ee61, 0x1ee63, 0x1ee64, 0x1ee65, 0x1ee67, 0x1ee6b, 0x1ee6c, 0x1ee73,
    0x1ee74, 0x1ee78, 0x1ee79, 0x1ee7d, 0x1ee7e, 0x1ee7f, 0x1ee80, 0x1ee8a, 0x1ee8b, 0x1ee9c, 0x1eea1, 0x1eea4,
    0x1eea5, 0x1eeaa, 0x1eeab, 0x1eebc, 0x1eef0, 0x1eef2, 0x1f000, 0x1f02c, 0x1f030, 0x1f094, 0x1f0a0, 0x1f0af,
    0x1f0b1, 0x1f0c0, 0x1f0c1, 0x1f0d0, 0x1f0d1, 0x1f0f6, 0x1f100, 0x1f1ae, 0x1f1e6, 0x1f203, 0x1f210, 0x1f23c,
    0x1f240, 0x1f249, 0x1f250, 0x1f252, 0x1f260, 0x1f266, 0x1f300, 0x1f6d9, 0x1f6dc, 0x1f6ed, 0x1f6f0, 0x1f6fd,
    0x1f700, 0x1f7da, 0x1f7e0, 0x1f7ec, 0x1f7f0, 0x1f7f1, 0x1f800, 0x1f80c, 0x1f810, 0x1f848, 0x1f850, 0x1f85a,
    0x1f860, 0x1f888, 0x1f890, 0x1f8ae, 0x1f8b0, 0x1f8bc, 0x1f8c0, 0x1f8c2, 0x1f8d0, 0x1f8d9, 0x1f900, 0x1fa58,
    0x1fa60, 0x1fa6e, 0x1fa70, 0x1fa7d, 0x1fa80, 0x1fa8b, 0x1fa8e, 0x1fac7, 0x1fac8, 0x1fac9, 0x1facd, 0x1fadd,
    0x1fadf, 0x1faeb, 0x1faef, 0x1faf9, 0x1fb00, 0x1fb93, 0x1fb94, 0x1fbfb, 0x20000, 0x2a6e0, 0x2a700, 0x2b81e,
    0x2b820, 0x2ceae, 0x2ceb0, 0x2ebe1, 0x2ebf0, 0x2ee5e, 0x2f800, 0x2fa1e, 0x30000, 0x3134b, 0x31350, 0x3347a,
    0xe0001, 0xe0002, 0xe0020, 0xe0080, 0xe0100, 0xe01f0, 0xf0000, 0xffffe, 0x100000, 0x10fffe,
];

static BINARY_PROPERTY_BIDI_CONTROL: &[i32] = &[
    0x61c, 0x61d, 0x200e, 0x2010, 0x202a, 0x202f, 0x2066, 0x206a,
];

static BINARY_PROPERTY_BIDI_MIRRORED: &[i32] = &[
    0x28, 0x2a, 0x3c, 0x3d, 0x3e, 0x3f, 0x5b, 0x5c, 0x5d, 0x5e, 0x7b, 0x7c,
    0x7d, 0x7e, 0xab, 0xac, 0xbb, 0xbc, 0xf3a, 0xf3e, 0x169b, 0x169d, 0x2039, 0x203b,
    0x2045, 0x2047, 0x207d, 0x207f, 0x208d, 0x208f, 0x2140, 0x2141, 0x2201, 0x2205, 0x2208, 0x220e,
    0x2211, 0x2212, 0x2215, 0x2217, 0x221a, 0x221e, 0x221f, 0x2223, 0x2224, 0x2225, 0x2226, 0x2227,
    0x222b, 0x2234, 0x2239, 0x223a, 0x223b, 0x224d, 0x2252, 0x2256, 0x225f, 0x2261, 0x2262, 0x2263,
    0x2264, 0x226c, 0x226d, 0x228d, 0x228f, 0x2293, 0x2298, 0x2299, 0x22a2, 0x22a4, 0x22a6, 0x22b9,
    0x22be, 0x22c0, 0x22c9, 0x22ce, 0x22d0, 0x22d2, 0x22d6, 0x22ee, 0x22f0, 0x2300, 0x2308, 0x230c,
    0x2320, 0x2322, 0x2329, 0x232b, 0x2768, 0x2776, 0x27c0, 0x27c1, 0x27c3, 0x27c7, 0x27c8, 0x27ca,
    0x27cb, 0x27ce, 0x27d3, 0x27d7, 0x27dc, 0x27df, 0x27e2, 0x27f0, 0x2983, 0x2999, 0x299b, 0x29a1,
    0x29a2, 0x29b0, 0x29b8, 0x29b9, 0x29c0, 0x29c6, 0x29c9, 0x29ca, 0x29ce, 0x29d3, 0x29d4, 0x29d6,
    0x29d8, 0x29dd, 0x29e1, 0x29e2, 0x29e3, 0x29e6, 0x29e8, 0x29ea, 0x29f4, 0x29fa, 0x29fc, 0x29fe,
    0x2a0a, 0x2a1d, 0x2a1e, 0x2a22, 0x2a24, 0x2a25, 0x2a26, 0x2a27, 0x2a29, 0x2a2a, 0x2a2b, 0x2a2f,
    0x2a34, 0x2a36, 0x2a3c, 0x2a3f, 0x2a57, 0x2a59, 0x2a64, 0x2a66, 0x2a6a, 0x2a6e, 0x2a6f, 0x2a71,
    0x2a73, 0x2a75, 0x2a79, 0x2aa4, 0x2aa6, 0x2aae, 0x2aaf, 0x2ad7, 0x2adc, 0x2add, 0x2ade, 0x2adf,
    0x2ae2, 0x2ae7, 0x2aec, 0x2aef, 0x2af3, 0x2af4, 0x2af7, 0x2afc, 0x2afd, 0x2afe, 0x2bfe, 0x2bff,
    0x2e02, 0x2e06, 0x2e09, 0x2e0b, 0x2e0c, 0x2e0e, 0x2e1c, 0x2e1e, 0x2e20, 0x2e2a, 0x2e55, 0x2e5d,
    0x3008, 0x3012, 0x3014, 0x301c, 0xfe59, 0xfe5f, 0xfe64, 0xfe66, 0xff08, 0xff0a, 0xff1c, 0xff1d,
    0xff1e, 0xff1f, 0xff3b, 0xff3c, 0xff3d, 0xff3e, 0xff5b, 0xff5c, 0xff5d, 0xff5e, 0xff5f, 0xff61,
    0xff62, 0xff64, 0x1d6db, 0x1d6dc, 0x1d715, 0x1d716, 0x1d74f, 0x1d750, 0x1d789, 0x1d78a, 0x1d7c3, 0x1d7c4,
];

static BINARY_PROPERTY_CASE_IGNORABLE: &[i32] = &[
    0x27, 0x28, 0x2e, 0x2f, 0x3a, 0x3b, 0x5e, 0x5f, 0x60, 0x61, 0xa8, 0xa9,
    0xad, 0xae, 0xaf, 0xb0, 0xb4, 0xb5, 0xb7, 0xb9, 0x2b0, 0x370, 0x374, 0x376,
    0x37a, 0x37b, 0x384, 0x386, 0x387, 0x388, 0x483, 0x48a, 0x559, 0x55a, 0x55f, 0x560,
    0x591, 0x5be, 0x5bf, 0x5c0, 0x5c1, 0x5c3, 0x5c4, 0x5c6, 0x5c7, 0x5c8, 0x5f4, 0x5f5,
    0x600, 0x606, 0x610, 0x61b, 0x61c, 0x61d, 0x640, 0x641, 0x64b, 0x660, 0x670, 0x671,
    0x6d6, 0x6de, 0x6df, 0x6e9, 0x6ea, 0x6ee, 0x70f, 0x710, 0x711, 0x712, 0x730, 0x74b,
    0x7a6, 0x7b1, 0x7eb, 0x7f6, 0x7fa, 0x7fb, 0x7fd, 0x7fe, 0x816, 0x82e, 0x859, 0x85c,
    0x888, 0x889, 0x890, 0x892, 0x897, 0x8a0, 0x8c9, 0x903, 0x93a, 0x93b, 0x93c, 0x93d,
    0x941, 0x949, 0x94d, 0x94e, 0x951, 0x958, 0x962, 0x964, 0x971, 0x972, 0x981, 0x982,
    0x9bc, 0x9bd, 0x9c1, 0x9c5, 0x9cd, 0x9ce, 0x9e2, 0x9e4, 0x9fe, 0x9ff, 0xa01, 0xa03,
    0xa3c, 0xa3d, 0xa41, 0xa43, 0xa47, 0xa49, 0xa4b, 0xa4e, 0xa51, 0xa52, 0xa70, 0xa72,
    0xa75, 0xa76, 0xa81, 0xa83, 0xabc, 0xabd, 0xac1, 0xac6, 0xac7, 0xac9, 0xacd, 0xace,
    0xae2, 0xae4, 0xafa, 0xb00, 0xb01, 0xb02, 0xb3c, 0xb3d, 0xb3f, 0xb40, 0xb41, 0xb45,
    0xb4d, 0xb4e, 0xb55, 0xb57, 0xb62, 0xb64, 0xb82, 0xb83, 0xbc0, 0xbc1, 0xbcd, 0xbce,
    0xc00, 0xc01, 0xc04, 0xc05, 0xc3c, 0xc3d, 0xc3e, 0xc41, 0xc46, 0xc49, 0xc4a, 0xc4e,
    0xc55, 0xc57, 0xc62, 0xc64, 0xc81, 0xc82, 0xcbc, 0xcbd, 0xcbf, 0xcc0, 0xcc6, 0xcc7,
    0xccc, 0xcce, 0xce2, 0xce4, 0xd00, 0xd02, 0xd3b, 0xd3d, 0xd41, 0xd45, 0xd4d, 0xd4e,
    0xd62, 0xd64, 0xd81, 0xd82, 0xdca, 0xdcb, 0xdd2, 0xdd5, 0xdd6, 0xdd7, 0xe31, 0xe32,
    0xe34, 0xe3b, 0xe46, 0xe4f, 0xeb1, 0xeb2, 0xeb4, 0xebd, 0xec6, 0xec7, 0xec8, 0xecf,
    0xf18, 0xf1a, 0xf35, 0xf36, 0xf37, 0xf38, 0xf39, 0xf3a, 0xf71, 0xf7f, 0xf80, 0xf85,
    0xf86, 0xf88, 0xf8d, 0xf98, 0xf99, 0xfbd, 0xfc6, 0xfc7, 0x102d, 0x1031, 0x1032, 0x1038,
    0x1039, 0x103b, 0x103d, 0x103f, 0x1058, 0x105a, 0x105e, 0x1061, 0x1071, 0x1075, 0x1082, 0x1083,
    0x1085, 0x1087, 0x108d, 0x108e, 0x109d, 0x109e, 0x10fc, 0x10fd, 0x135d, 0x1360, 0x1712, 0x1715,
    0x1732, 0x1734, 0x1752, 0x1754, 0x1772, 0x1774, 0x17b4, 0x17b6, 0x17b7, 0x17be, 0x17c6, 0x17c7,
    0x17c9, 0x17d4, 0x17d7, 0x17d8, 0x17dd, 0x17de, 0x180b, 0x1810, 0x1843, 0x1844, 0x1885, 0x1887,
    0x18a9, 0x18aa, 0x1920, 0x1923, 0x1927, 0x1929, 0x1932, 0x1933, 0x1939, 0x193c, 0x1a17, 0x1a19,
    0x1a1b, 0x1a1c, 0x1a56, 0x1a57, 0x1a58, 0x1a5f, 0x1a60, 0x1a61, 0x1a62, 0x1a63, 0x1a65, 0x1a6d,
    0x1a73, 0x1a7d, 0x1a7f, 0x1a80, 0x1aa7, 0x1aa8, 0x1ab0, 0x1ade, 0x1ae0, 0x1aec, 0x1b00, 0x1b04,
    0x1b34, 0x1b35, 0x1b36, 0x1b3b, 0x1b3c, 0x1b3d, 0x1b42, 0x1b43, 0x1b6b, 0x1b74, 0x1b80, 0x1b82,
    0x1ba2, 0x1ba6, 0x1ba8, 0x1baa, 0x1bab, 0x1bae, 0x1be6, 0x1be7, 0x1be8, 0x1bea, 0x1bed, 0x1bee,
    0x1bef, 0x1bf2, 0x1c2c, 0x1c34, 0x1c36, 0x1c38, 0x1c78, 0x1c7e, 0x1cd0, 0x1cd3, 0x1cd4, 0x1ce1,
    0x1ce2, 0x1ce9, 0x1ced, 0x1cee, 0x1cf4, 0x1cf5, 0x1cf8, 0x1cfa, 0x1d2c, 0x1d6b, 0x1d78, 0x1d79,
    0x1d9b, 0x1e00, 0x1fbd, 0x1fbe, 0x1fbf, 0x1fc2, 0x1fcd, 0x1fd0, 0x1fdd, 0x1fe0, 0x1fed, 0x1ff0,
    0x1ffd, 0x1fff, 0x200b, 0x2010, 0x2018, 0x201a, 0x2024, 0x2025, 0x2027, 0x2028, 0x202a, 0x202f,
    0x2060, 0x2065, 0x2066, 0x2070, 0x2071, 0x2072, 0x207f, 0x2080, 0x2090, 0x209d, 0x20d0, 0x20f1,
    0x2c7c, 0x2c7e, 0x2cef, 0x2cf2, 0x2d6f, 0x2d70, 0x2d7f, 0x2d80, 0x2de0, 0x2e00, 0x2e2f, 0x2e30,
    0x3005, 0x3006, 0x302a, 0x302e, 0x3031, 0x3036, 0x303b, 0x303c, 0x3099, 0x309f, 0x30fc, 0x30ff,
    0xa015, 0xa016, 0xa4f8, 0xa4fe, 0xa60c, 0xa60d, 0xa66f, 0xa673, 0xa674, 0xa67e, 0xa67f, 0xa680,
    0xa69c, 0xa6a0, 0xa6f0, 0xa6f2, 0xa700, 0xa722, 0xa770, 0xa771, 0xa788, 0xa78b, 0xa7f1, 0xa7f5,
    0xa7f8, 0xa7fa, 0xa802, 0xa803, 0xa806, 0xa807, 0xa80b, 0xa80c, 0xa825, 0xa827, 0xa82c, 0xa82d,
    0xa8c4, 0xa8c6, 0xa8e0, 0xa8f2, 0xa8ff, 0xa900, 0xa926, 0xa92e, 0xa947, 0xa952, 0xa980, 0xa983,
    0xa9b3, 0xa9b4, 0xa9b6, 0xa9ba, 0xa9bc, 0xa9be, 0xa9cf, 0xa9d0, 0xa9e5, 0xa9e7, 0xaa29, 0xaa2f,
    0xaa31, 0xaa33, 0xaa35, 0xaa37, 0xaa43, 0xaa44, 0xaa4c, 0xaa4d, 0xaa70, 0xaa71, 0xaa7c, 0xaa7d,
    0xaab0, 0xaab1, 0xaab2, 0xaab5, 0xaab7, 0xaab9, 0xaabe, 0xaac0, 0xaac1, 0xaac2, 0xaadd, 0xaade,
    0xaaec, 0xaaee, 0xaaf3, 0xaaf5, 0xaaf6, 0xaaf7, 0xab5b, 0xab60, 0xab69, 0xab6c, 0xabe5, 0xabe6,
    0xabe8, 0xabe9, 0xabed, 0xabee, 0xfb1e, 0xfb1f, 0xfbb2, 0xfbc3, 0xfe00, 0xfe10, 0xfe13, 0xfe14,
    0xfe20, 0xfe30, 0xfe52, 0xfe53, 0xfe55, 0xfe56, 0xfeff, 0xff00, 0xff07, 0xff08, 0xff0e, 0xff0f,
    0xff1a, 0xff1b, 0xff3e, 0xff3f, 0xff40, 0xff41, 0xff70, 0xff71, 0xff9e, 0xffa0, 0xffe3, 0xffe4,
    0xfff9, 0xfffc, 0x101fd, 0x101fe, 0x102e0, 0x102e1, 0x10376, 0x1037b, 0x10780, 0x10786, 0x10787, 0x107b1,
    0x107b2, 0x107bb, 0x10a01, 0x10a04, 0x10a05, 0x10a07, 0x10a0c, 0x10a10, 0x10a38, 0x10a3b, 0x10a3f, 0x10a40,
    0x10ae5, 0x10ae7, 0x10d24, 0x10d28, 0x10d4e, 0x10d4f, 0x10d69, 0x10d6e, 0x10d6f, 0x10d70, 0x10eab, 0x10ead,
    0x10ec5, 0x10ec6, 0x10efa, 0x10f00, 0x10f46, 0x10f51, 0x10f82, 0x10f86, 0x11001, 0x11002, 0x11038, 0x11047,
    0x11070, 0x11071, 0x11073, 0x11075, 0x1107f, 0x11082, 0x110b3, 0x110b7, 0x110b9, 0x110bb, 0x110bd, 0x110be,
    0x110c2, 0x110c3, 0x110cd, 0x110ce, 0x11100, 0x11103, 0x11127, 0x1112c, 0x1112d, 0x11135, 0x11173, 0x11174,
    0x11180, 0x11182, 0x111b6, 0x111bf, 0x111c9, 0x111cd, 0x111cf, 0x111d0, 0x1122f, 0x11232, 0x11234, 0x11235,
    0x11236, 0x11238, 0x1123e, 0x1123f, 0x11241, 0x11242, 0x112df, 0x112e0, 0x112e3, 0x112eb, 0x11300, 0x11302,
    0x1133b, 0x1133d, 0x11340, 0x11341, 0x11366, 0x1136d, 0x11370, 0x11375, 0x113bb, 0x113c1, 0x113ce, 0x113cf,
    0x113d0, 0x113d1, 0x113d2, 0x113d3, 0x113e1, 0x113e3, 0x11438, 0x11440, 0x11442, 0x11445, 0x11446, 0x11447,
    0x1145e, 0x1145f, 0x114b3, 0x114b9, 0x114ba, 0x114bb, 0x114bf, 0x114c1, 0x114c2, 0x114c4, 0x115b2, 0x115b6,
    0x115bc, 0x115be, 0x115bf, 0x115c1, 0x115dc, 0x115de, 0x11633, 0x1163b, 0x1163d, 0x1163e, 0x1163f, 0x11641,
    0x116ab, 0x116ac, 0x116ad, 0x116ae, 0x116b0, 0x116b6, 0x116b7, 0x116b8, 0x1171d, 0x1171e, 0x1171f, 0x11720,
    0x11722, 0x11726, 0x11727, 0x1172c, 0x1182f, 0x11838, 0x11839, 0x1183b, 0x1193b, 0x1193d, 0x1193e, 0x1193f,
    0x11943, 0x11944, 0x119d4, 0x119d8, 0x119da, 0x119dc, 0x119e0, 0x119e1, 0x11a01, 0x11a0b, 0x11a33, 0x11a39,
    0x11a3b, 0x11a3f, 0x11a47, 0x11a48, 0x11a51, 0x11a57, 0x11a59, 0x11a5c, 0x11a8a, 0x11a97, 0x11a98, 0x11a9a,
    0x11b60, 0x11b61, 0x11b62, 0x11b65, 0x11b66, 0x11b67, 0x11c30, 0x11c37, 0x11c38, 0x11c3e, 0x11c3f, 0x11c40,
    0x11c92, 0x11ca8, 0x11caa, 0x11cb1, 0x11cb2, 0x11cb4, 0x11cb5, 0x11cb7, 0x11d31, 0x11d37, 0x11d3a, 0x11d3b,
    0x11d3c, 0x11d3e, 0x11d3f, 0x11d46, 0x11d47, 0x11d48, 0x11d90, 0x11d92, 0x11d95, 0x11d96, 0x11d97, 0x11d98,
    0x11dd9, 0x11dda, 0x11ef3, 0x11ef5, 0x11f00, 0x11f02, 0x11f36, 0x11f3b, 0x11f40, 0x11f41, 0x11f42, 0x11f43,
    0x11f5a, 0x11f5b, 0x13430, 0x13441, 0x13447, 0x13456, 0x1611e, 0x1612a, 0x1612d, 0x16130, 0x16af0, 0x16af5,
    0x16b30, 0x16b37, 0x16b40, 0x16b44, 0x16d40, 0x16d43, 0x16d6b, 0x16d6d, 0x16f4f, 0x16f50, 0x16f8f, 0x16fa0,
    0x16fe0, 0x16fe2, 0x16fe3, 0x16fe5, 0x16ff2, 0x16ff4, 0x1aff0, 0x1aff4, 0x1aff5, 0x1affc, 0x1affd, 0x1afff,
    0x1bc9d, 0x1bc9f, 0x1bca0, 0x1bca4, 0x1cf00, 0x1cf2e, 0x1cf30, 0x1cf47, 0x1d167, 0x1d16a, 0x1d173, 0x1d183,
    0x1d185, 0x1d18c, 0x1d1aa, 0x1d1ae, 0x1d242, 0x1d245, 0x1da00, 0x1da37, 0x1da3b, 0x1da6d, 0x1da75, 0x1da76,
    0x1da84, 0x1da85, 0x1da9b, 0x1daa0, 0x1daa1, 0x1dab0, 0x1e000, 0x1e007, 0x1e008, 0x1e019, 0x1e01b, 0x1e022,
    0x1e023, 0x1e025, 0x1e026, 0x1e02b, 0x1e030, 0x1e06e, 0x1e08f, 0x1e090, 0x1e130, 0x1e13e, 0x1e2ae, 0x1e2af,
    0x1e2ec, 0x1e2f0, 0x1e4eb, 0x1e4f0, 0x1e5ee, 0x1e5f0, 0x1e6e3, 0x1e6e4, 0x1e6e6, 0x1e6e7, 0x1e6ee, 0x1e6f0,
    0x1e6f5, 0x1e6f6, 0x1e6ff, 0x1e700, 0x1e8d0, 0x1e8d7, 0x1e944, 0x1e94c, 0x1f3fb, 0x1f400, 0xe0001, 0xe0002,
    0xe0020, 0xe0080, 0xe0100, 0xe01f0,
];

static BINARY_PROPERTY_CASED: &[i32] = &[
    0x41, 0x5b, 0x61, 0x7b, 0xaa, 0xab, 0xb5, 0xb6, 0xba, 0xbb, 0xc0, 0xd7,
    0xd8, 0xf7, 0xf8, 0x1bb, 0x1bc, 0x1c0, 0x1c4, 0x294, 0x296, 0x2b9, 0x2c0, 0x2c2,
    0x2e0, 0x2e5, 0x345, 0x346, 0x370, 0x374, 0x376, 0x378, 0x37a, 0x37e, 0x37f, 0x380,
    0x386, 0x387, 0x388, 0x38b, 0x38c, 0x38d, 0x38e, 0x3a2, 0x3a3, 0x3f6, 0x3f7, 0x482,
    0x48a, 0x530, 0x531, 0x557, 0x560, 0x589, 0x10a0, 0x10c6, 0x10c7, 0x10c8, 0x10cd, 0x10ce,
    0x10d0, 0x10fb, 0x10fc, 0x1100, 0x13a0, 0x13f6, 0x13f8, 0x13fe, 0x1c80, 0x1c8b, 0x1c90, 0x1cbb,
    0x1cbd, 0x1cc0, 0x1d00, 0x1dc0, 0x1e00, 0x1f16, 0x1f18, 0x1f1e, 0x1f20, 0x1f46, 0x1f48, 0x1f4e,
    0x1f50, 0x1f58, 0x1f59, 0x1f5a, 0x1f5b, 0x1f5c, 0x1f5d, 0x1f5e, 0x1f5f, 0x1f7e, 0x1f80, 0x1fb5,
    0x1fb6, 0x1fbd, 0x1fbe, 0x1fbf, 0x1fc2, 0x1fc5, 0x1fc6, 0x1fcd, 0x1fd0, 0x1fd4, 0x1fd6, 0x1fdc,
    0x1fe0, 0x1fed, 0x1ff2, 0x1ff5, 0x1ff6, 0x1ffd, 0x2071, 0x2072, 0x207f, 0x2080, 0x2090, 0x209d,
    0x2102, 0x2103, 0x2107, 0x2108, 0x210a, 0x2114, 0x2115, 0x2116, 0x2119, 0x211e, 0x2124, 0x2125,
    0x2126, 0x2127, 0x2128, 0x2129, 0x212a, 0x212e, 0x212f, 0x2135, 0x2139, 0x213a, 0x213c, 0x2140,
    0x2145, 0x214a, 0x214e, 0x214f, 0x2160, 0x2180, 0x2183, 0x2185, 0x24b6, 0x24ea, 0x2c00, 0x2ce5,
    0x2ceb, 0x2cef, 0x2cf2, 0x2cf4, 0x2d00, 0x2d26, 0x2d27, 0x2d28, 0x2d2d, 0x2d2e, 0xa640, 0xa66e,
    0xa680, 0xa69e, 0xa722, 0xa788, 0xa78b, 0xa78f, 0xa790, 0xa7dd, 0xa7f1, 0xa7f7, 0xa7f8, 0xa7fb,
    0xab30, 0xab5b, 0xab5c, 0xab6a, 0xab70, 0xabc0, 0xfb00, 0xfb07, 0xfb13, 0xfb18, 0xff21, 0xff3b,
    0xff41, 0xff5b, 0x10400, 0x10450, 0x104b0, 0x104d4, 0x104d8, 0x104fc, 0x10570, 0x1057b, 0x1057c, 0x1058b,
    0x1058c, 0x10593, 0x10594, 0x10596, 0x10597, 0x105a2, 0x105a3, 0x105b2, 0x105b3, 0x105ba, 0x105bb, 0x105bd,
    0x10780, 0x10781, 0x10783, 0x10786, 0x10787, 0x107b1, 0x107b2, 0x107bb, 0x10c80, 0x10cb3, 0x10cc0, 0x10cf3,
    0x10d50, 0x10d66, 0x10d70, 0x10d86, 0x118a0, 0x118e0, 0x16e40, 0x16e80, 0x16ea0, 0x16eb9, 0x16ebb, 0x16ed4,
    0x1d400, 0x1d455, 0x1d456, 0x1d49d, 0x1d49e, 0x1d4a0, 0x1d4a2, 0x1d4a3, 0x1d4a5, 0x1d4a7, 0x1d4a9, 0x1d4ad,
    0x1d4ae, 0x1d4ba, 0x1d4bb, 0x1d4bc, 0x1d4bd, 0x1d4c4, 0x1d4c5, 0x1d506, 0x1d507, 0x1d50b, 0x1d50d, 0x1d515,
    0x1d516, 0x1d51d, 0x1d51e, 0x1d53a, 0x1d53b, 0x1d53f, 0x1d540, 0x1d545, 0x1d546, 0x1d547, 0x1d54a, 0x1d551,
    0x1d552, 0x1d6a6, 0x1d6a8, 0x1d6c1, 0x1d6c2, 0x1d6db, 0x1d6dc, 0x1d6fb, 0x1d6fc, 0x1d715, 0x1d716, 0x1d735,
    0x1d736, 0x1d74f, 0x1d750, 0x1d76f, 0x1d770, 0x1d789, 0x1d78a, 0x1d7a9, 0x1d7aa, 0x1d7c3, 0x1d7c4, 0x1d7cc,
    0x1df00, 0x1df0a, 0x1df0b, 0x1df1f, 0x1df25, 0x1df2b, 0x1e030, 0x1e06e, 0x1e900, 0x1e944, 0x1f130, 0x1f14a,
    0x1f150, 0x1f16a, 0x1f170, 0x1f18a,
];

static BINARY_PROPERTY_CHANGES_WHEN_CASEFOLDED: &[i32] = &[
    0x41, 0x5b, 0xb5, 0xb6, 0xc0, 0xd7, 0xd8, 0xe0, 0x100, 0x101, 0x102, 0x103,
    0x104, 0x105, 0x106, 0x107, 0x108, 0x109, 0x10a, 0x10b, 0x10c, 0x10d, 0x10e, 0x10f,
    0x110, 0x111, 0x112, 0x113, 0x114, 0x115, 0x116, 0x117, 0x118, 0x119, 0x11a, 0x11b,
    0x11c, 0x11d, 0x11e, 0x11f, 0x120, 0x121, 0x122, 0x123, 0x124, 0x125, 0x126, 0x127,
    0x128, 0x129, 0x12a, 0x12b, 0x12c, 0x12d, 0x12e, 0x12f, 0x130, 0x131, 0x132, 0x133,
    0x134, 0x135, 0x136, 0x137, 0x139, 0x13a, 0x13b, 0x13c, 0x13d, 0x13e, 0x13f, 0x140,
    0x141, 0x142, 0x143, 0x144, 0x145, 0x146, 0x147, 0x148, 0x149, 0x14b, 0x14c, 0x14d,
    0x14e, 0x14f, 0x150, 0x151, 0x152, 0x153, 0x154, 0x155, 0x156, 0x157, 0x158, 0x159,
    0x15a, 0x15b, 0x15c, 0x15d, 0x15e, 0x15f, 0x160, 0x161, 0x162, 0x163, 0x164, 0x165,
    0x166, 0x167, 0x168, 0x169, 0x16a, 0x16b, 0x16c, 0x16d, 0x16e, 0x16f, 0x170, 0x171,
    0x172, 0x173, 0x174, 0x175, 0x176, 0x177, 0x178, 0x17a, 0x17b, 0x17c, 0x17d, 0x17e,
    0x17f, 0x180, 0x181, 0x183, 0x184, 0x185, 0x186, 0x188, 0x189, 0x18c, 0x18e, 0x192,
    0x193, 0x195, 0x196, 0x199, 0x19c, 0x19e, 0x19f, 0x1a1, 0x1a2, 0x1a3, 0x1a4, 0x1a5,
    0x1a6, 0x1a8, 0x1a9, 0x1aa, 0x1ac, 0x1ad, 0x1ae, 0x1b0, 0x1b1, 0x1b4, 0x1b5, 0x1b6,
    0x1b7, 0x1b9, 0x1bc, 0x1bd, 0x1c4, 0x1c6, 0x1c7, 0x1c9, 0x1ca, 0x1cc, 0x1cd, 0x1ce,
    0x1cf, 0x1d0, 0x1d1, 0x1d2, 0x1d3, 0x1d4, 0x1d5, 0x1d6, 0x1d7, 0x1d8, 0x1d9, 0x1da,
    0x1db, 0x1dc, 0x1de, 0x1df, 0x1e0, 0x1e1, 0x1e2, 0x1e3, 0x1e4, 0x1e5, 0x1e6, 0x1e7,
    0x1e8, 0x1e9, 0x1ea, 0x1eb, 0x1ec, 0x1ed, 0x1ee, 0x1ef, 0x1f1, 0x1f3, 0x1f4, 0x1f5,
    0x1f6, 0x1f9, 0x1fa, 0x1fb, 0x1fc, 0x1fd, 0x1fe, 0x1ff, 0x200, 0x201, 0x202, 0x203,
    0x204, 0x205, 0x206, 0x207, 0x208, 0x209, 0x20a, 0x20b, 0x20c, 0x20d, 0x20e, 0x20f,
    0x210, 0x211, 0x212, 0x213, 0x214, 0x215, 0x216, 0x217, 0x218, 0x219, 0x21a, 0x21b,
    0x21c, 0x21d, 0x21e, 0x21f, 0x220, 0x221, 0x222, 0x223, 0x224, 0x225, 0x226, 0x227,
    0x228, 0x229, 0x22a, 0x22b, 0x22c, 0x22d, 0x22e, 0x22f, 0x230, 0x231, 0x232, 0x233,
    0x23a, 0x23c, 0x23d, 0x23f, 0x241, 0x242, 0x243, 0x247, 0x248, 0x249, 0x24a, 0x24b,
    0x24c, 0x24d, 0x24e, 0x24f, 0x345, 0x346, 0x370, 0x371, 0x372, 0x373, 0x376, 0x377,
    0x37f, 0x380, 0x386, 0x387, 0x388, 0x38b, 0x38c, 0x38d, 0x38e, 0x390, 0x391, 0x3a2,
    0x3a3, 0x3ac, 0x3c2, 0x3c3, 0x3cf, 0x3d2, 0x3d5, 0x3d7, 0x3d8, 0x3d9, 0x3da, 0x3db,
    0x3dc, 0x3dd, 0x3de, 0x3df, 0x3e0, 0x3e1, 0x3e2, 0x3e3, 0x3e4, 0x3e5, 0x3e6, 0x3e7,
    0x3e8, 0x3e9, 0x3ea, 0x3eb, 0x3ec, 0x3ed, 0x3ee, 0x3ef, 0x3f0, 0x3f2, 0x3f4, 0x3f6,
    0x3f7, 0x3f8, 0x3f9, 0x3fb, 0x3fd, 0x430, 0x460, 0x461, 0x462, 0x463, 0x464, 0x465,
    0x466, 0x467, 0x468, 0x469, 0x46a, 0x46b, 0x46c, 0x46d, 0x46e, 0x46f, 0x470, 0x471,
    0x472, 0x473, 0x474, 0x475, 0x476, 0x477, 0x478, 0x479, 0x47a, 0x47b, 0x47c, 0x47d,
    0x47e, 0x47f, 0x480, 0x481, 0x48a, 0x48b, 0x48c, 0x48d, 0x48e, 0x48f, 0x490, 0x491,
    0x492, 0x493, 0x494, 0x495, 0x496, 0x497, 0x498, 0x499, 0x49a, 0x49b, 0x49c, 0x49d,
    0x49e, 0x49f, 0x4a0, 0x4a1, 0x4a2, 0x4a3, 0x4a4, 0x4a5, 0x4a6, 0x4a7, 0x4a8, 0x4a9,
    0x4aa, 0x4ab, 0x4ac, 0x4ad, 0x4ae, 0x4af, 0x4b0, 0x4b1, 0x4b2, 0x4b3, 0x4b4, 0x4b5,
    0x4b6, 0x4b7, 0x4b8, 0x4b9, 0x4ba, 0x4bb, 0x4bc, 0x4bd, 0x4be, 0x4bf, 0x4c0, 0x4c2,
    0x4c3, 0x4c4, 0x4c5, 0x4c6, 0x4c7, 0x4c8, 0x4c9, 0x4ca, 0x4cb, 0x4cc, 0x4cd, 0x4ce,
    0x4d0, 0x4d1, 0x4d2, 0x4d3, 0x4d4, 0x4d5, 0x4d6, 0x4d7, 0x4d8, 0x4d9, 0x4da, 0x4db,
    0x4dc, 0x4dd, 0x4de, 0x4df, 0x4e0, 0x4e1, 0x4e2, 0x4e3, 0x4e4, 0x4e5, 0x4e6, 0x4e7,
    0x4e8, 0x4e9, 0x4ea, 0x4eb, 0x4ec, 0x4ed, 0x4ee, 0x4ef, 0x4f0, 0x4f1, 0x4f2, 0x4f3,
    0x4f4, 0x4f5, 0x4f6, 0x4f7, 0x4f8, 0x4f9, 0x4fa, 0x4fb, 0x4fc, 0x4fd, 0x4fe, 0x4ff,
    0x500, 0x501, 0x502, 0x503, 0x504, 0x505, 0x506, 0x507, 0x508, 0x509, 0x50a, 0x50b,
    0x50c, 0x50d, 0x50e, 0x50f, 0x510, 0x511, 0x512, 0x513, 0x514, 0x515, 0x516, 0x517,
    0x518, 0x519, 0x51a, 0x51b, 0x51c, 0x51d, 0x51e, 0x51f, 0x520, 0x521, 0x522, 0x523,
    0x524, 0x525, 0x526, 0x527, 0x528, 0x529, 0x52a, 0x52b, 0x52c, 0x52d, 0x52e, 0x52f,
    0x531, 0x557, 0x587, 0x588, 0x10a0, 0x10c6, 0x10c7, 0x10c8, 0x10cd, 0x10ce, 0x13f8, 0x13fe,
    0x1c80, 0x1c8a, 0x1c90, 0x1cbb, 0x1cbd, 0x1cc0, 0x1e00, 0x1e01, 0x1e02, 0x1e03, 0x1e04, 0x1e05,
    0x1e06, 0x1e07, 0x1e08, 0x1e09, 0x1e0a, 0x1e0b, 0x1e0c, 0x1e0d, 0x1e0e, 0x1e0f, 0x1e10, 0x1e11,
    0x1e12, 0x1e13, 0x1e14, 0x1e15, 0x1e16, 0x1e17, 0x1e18, 0x1e19, 0x1e1a, 0x1e1b, 0x1e1c, 0x1e1d,
    0x1e1e, 0x1e1f, 0x1e20, 0x1e21, 0x1e22, 0x1e23, 0x1e24, 0x1e25, 0x1e26, 0x1e27, 0x1e28, 0x1e29,
    0x1e2a, 0x1e2b, 0x1e2c, 0x1e2d, 0x1e2e, 0x1e2f, 0x1e30, 0x1e31, 0x1e32, 0x1e33, 0x1e34, 0x1e35,
    0x1e36, 0x1e37, 0x1e38, 0x1e39, 0x1e3a, 0x1e3b, 0x1e3c, 0x1e3d, 0x1e3e, 0x1e3f, 0x1e40, 0x1e41,
    0x1e42, 0x1e43, 0x1e44, 0x1e45, 0x1e46, 0x1e47, 0x1e48, 0x1e49, 0x1e4a, 0x1e4b, 0x1e4c, 0x1e4d,
    0x1e4e, 0x1e4f, 0x1e50, 0x1e51, 0x1e52, 0x1e53, 0x1e54, 0x1e55, 0x1e56, 0x1e57, 0x1e58, 0x1e59,
    0x1e5a, 0x1e5b, 0x1e5c, 0x1e5d, 0x1e5e, 0x1e5f, 0x1e60, 0x1e61, 0x1e62, 0x1e63, 0x1e64, 0x1e65,
    0x1e66, 0x1e67, 0x1e68, 0x1e69, 0x1e6a, 0x1e6b, 0x1e6c, 0x1e6d, 0x1e6e, 0x1e6f, 0x1e70, 0x1e71,
    0x1e72, 0x1e73, 0x1e74, 0x1e75, 0x1e76, 0x1e77, 0x1e78, 0x1e79, 0x1e7a, 0x1e7b, 0x1e7c, 0x1e7d,
    0x1e7e, 0x1e7f, 0x1e80, 0x1e81, 0x1e82, 0x1e83, 0x1e84, 0x1e85, 0x1e86, 0x1e87, 0x1e88, 0x1e89,
    0x1e8a, 0x1e8b, 0x1e8c, 0x1e8d, 0x1e8e, 0x1e8f, 0x1e90, 0x1e91, 0x1e92, 0x1e93, 0x1e94, 0x1e95,
    0x1e9a, 0x1e9c, 0x1e9e, 0x1e9f, 0x1ea0, 0x1ea1, 0x1ea2, 0x1ea3, 0x1ea4, 0x1ea5, 0x1ea6, 0x1ea7,
    0x1ea8, 0x1ea9, 0x1eaa, 0x1eab, 0x1eac, 0x1ead, 0x1eae, 0x1eaf, 0x1eb0, 0x1eb1, 0x1eb2, 0x1eb3,
    0x1eb4, 0x1eb5, 0x1eb6, 0x1eb7, 0x1eb8, 0x1eb9, 0x1eba, 0x1ebb, 0x1ebc, 0x1ebd, 0x1ebe, 0x1ebf,
    0x1ec0, 0x1ec1, 0x1ec2, 0x1ec3, 0x1ec4, 0x1ec5, 0x1ec6, 0x1ec7, 0x1ec8, 0x1ec9, 0x1eca, 0x1ecb,
    0x1ecc, 0x1ecd, 0x1ece, 0x1ecf, 0x1ed0, 0x1ed1, 0x1ed2, 0x1ed3, 0x1ed4, 0x1ed5, 0x1ed6, 0x1ed7,
    0x1ed8, 0x1ed9, 0x1eda, 0x1edb, 0x1edc, 0x1edd, 0x1ede, 0x1edf, 0x1ee0, 0x1ee1, 0x1ee2, 0x1ee3,
    0x1ee4, 0x1ee5, 0x1ee6, 0x1ee7, 0x1ee8, 0x1ee9, 0x1eea, 0x1eeb, 0x1eec, 0x1eed, 0x1eee, 0x1eef,
    0x1ef0, 0x1ef1, 0x1ef2, 0x1ef3, 0x1ef4, 0x1ef5, 0x1ef6, 0x1ef7, 0x1ef8, 0x1ef9, 0x1efa, 0x1efb,
    0x1efc, 0x1efd, 0x1efe, 0x1eff, 0x1f08, 0x1f10, 0x1f18, 0x1f1e, 0x1f28, 0x1f30, 0x1f38, 0x1f40,
    0x1f48, 0x1f4e, 0x1f59, 0x1f5a, 0x1f5b, 0x1f5c, 0x1f5d, 0x1f5e, 0x1f5f, 0x1f60, 0x1f68, 0x1f70,
    0x1f80, 0x1fb0, 0x1fb2, 0x1fb5, 0x1fb7, 0x1fbd, 0x1fc2, 0x1fc5, 0x1fc7, 0x1fcd, 0x1fd8, 0x1fdc,
    0x1fe8, 0x1fed, 0x1ff2, 0x1ff5, 0x1ff7, 0x1ffd, 0x2126, 0x2127, 0x212a, 0x212c, 0x2132, 0x2133,
    0x2160, 0x2170, 0x2183, 0x2184, 0x24b6, 0x24d0, 0x2c00, 0x2c30, 0x2c60, 0x2c61, 0x2c62, 0x2c65,
    0x2c67, 0x2c68, 0x2c69, 0x2c6a, 0x2c6b, 0x2c6c, 0x2c6d, 0x2c71, 0x2c72, 0x2c73, 0x2c75, 0x2c76,
    0x2c7e, 0x2c81, 0x2c82, 0x2c83, 0x2c84, 0x2c85, 0x2c86, 0x2c87, 0x2c88, 0x2c89, 0x2c8a, 0x2c8b,
    0x2c8c, 0x2c8d, 0x2c8e, 0x2c8f, 0x2c90, 0x2c91, 0x2c92, 0x2c93, 0x2c94, 0x2c95, 0x2c96, 0x2c97,
    0x2c98, 0x2c99, 0x2c9a, 0x2c9b, 0x2c9c, 0x2c9d, 0x2c9e, 0x2c9f, 0x2ca0, 0x2ca1, 0x2ca2, 0x2ca3,
    0x2ca4, 0x2ca5, 0x2ca6, 0x2ca7, 0x2ca8, 0x2ca9, 0x2caa, 0x2cab, 0x2cac, 0x2cad, 0x2cae, 0x2caf,
    0x2cb0, 0x2cb1, 0x2cb2, 0x2cb3, 0x2cb4, 0x2cb5, 0x2cb6, 0x2cb7, 0x2cb8, 0x2cb9, 0x2cba, 0x2cbb,
    0x2cbc, 0x2cbd, 0x2cbe, 0x2cbf, 0x2cc0, 0x2cc1, 0x2cc2, 0x2cc3, 0x2cc4, 0x2cc5, 0x2cc6, 0x2cc7,
    0x2cc8, 0x2cc9, 0x2cca, 0x2ccb, 0x2ccc, 0x2ccd, 0x2cce, 0x2ccf, 0x2cd0, 0x2cd1, 0x2cd2, 0x2cd3,
    0x2cd4, 0x2cd5, 0x2cd6, 0x2cd7, 0x2cd8, 0x2cd9, 0x2cda, 0x2cdb, 0x2cdc, 0x2cdd, 0x2cde, 0x2cdf,
    0x2ce0, 0x2ce1, 0x2ce2, 0x2ce3, 0x2ceb, 0x2cec, 0x2ced, 0x2cee, 0x2cf2, 0x2cf3, 0xa640, 0xa641,
    0xa642, 0xa643, 0xa644, 0xa645, 0xa646, 0xa647, 0xa648, 0xa649, 0xa64a, 0xa64b, 0xa64c, 0xa64d,
    0xa64e, 0xa64f, 0xa650, 0xa651, 0xa652, 0xa653, 0xa654, 0xa655, 0xa656, 0xa657, 0xa658, 0xa659,
    0xa65a, 0xa65b, 0xa65c, 0xa65d, 0xa65e, 0xa65f, 0xa660, 0xa661, 0xa662, 0xa663, 0xa664, 0xa665,
    0xa666, 0xa667, 0xa668, 0xa669, 0xa66a, 0xa66b, 0xa66c, 0xa66d, 0xa680, 0xa681, 0xa682, 0xa683,
    0xa684, 0xa685, 0xa686, 0xa687, 0xa688, 0xa689, 0xa68a, 0xa68b, 0xa68c, 0xa68d, 0xa68e, 0xa68f,
    0xa690, 0xa691, 0xa692, 0xa693, 0xa694, 0xa695, 0xa696, 0xa697, 0xa698, 0xa699, 0xa69a, 0xa69b,
    0xa722, 0xa723, 0xa724, 0xa725, 0xa726, 0xa727, 0xa728, 0xa729, 0xa72a, 0xa72b, 0xa72c, 0xa72d,
    0xa72e, 0xa72f, 0xa732, 0xa733, 0xa734, 0xa735, 0xa736, 0xa737, 0xa738, 0xa739, 0xa73a, 0xa73b,
    0xa73c, 0xa73d, 0xa73e, 0xa73f, 0xa740, 0xa741, 0xa742, 0xa743, 0xa744, 0xa745, 0xa746, 0xa747,
    0xa748, 0xa749, 0xa74a, 0xa74b, 0xa74c, 0xa74d, 0xa74e, 0xa74f, 0xa750, 0xa751, 0xa752, 0xa753,
    0xa754, 0xa755, 0xa756, 0xa757, 0xa758, 0xa759, 0xa75a, 0xa75b, 0xa75c, 0xa75d, 0xa75e, 0xa75f,
    0xa760, 0xa761, 0xa762, 0xa763, 0xa764, 0xa765, 0xa766, 0xa767, 0xa768, 0xa769, 0xa76a, 0xa76b,
    0xa76c, 0xa76d, 0xa76e, 0xa76f, 0xa779, 0xa77a, 0xa77b, 0xa77c, 0xa77d, 0xa77f, 0xa780, 0xa781,
    0xa782, 0xa783, 0xa784, 0xa785, 0xa786, 0xa787, 0xa78b, 0xa78c, 0xa78d, 0xa78e, 0xa790, 0xa791,
    0xa792, 0xa793, 0xa796, 0xa797, 0xa798, 0xa799, 0xa79a, 0xa79b, 0xa79c, 0xa79d, 0xa79e, 0xa79f,
    0xa7a0, 0xa7a1, 0xa7a2, 0xa7a3, 0xa7a4, 0xa7a5, 0xa7a6, 0xa7a7, 0xa7a8, 0xa7a9, 0xa7aa, 0xa7af,
    0xa7b0, 0xa7b5, 0xa7b6, 0xa7b7, 0xa7b8, 0xa7b9, 0xa7ba, 0xa7bb, 0xa7bc, 0xa7bd, 0xa7be, 0xa7bf,
    0xa7c0, 0xa7c1, 0xa7c2, 0xa7c3, 0xa7c4, 0xa7c8, 0xa7c9, 0xa7ca, 0xa7cb, 0xa7cd, 0xa7ce, 0xa7cf,
    0xa7d0, 0xa7d1, 0xa7d2, 0xa7d3, 0xa7d4, 0xa7d5, 0xa7d6, 0xa7d7, 0xa7d8, 0xa7d9, 0xa7da, 0xa7db,
    0xa7dc, 0xa7dd, 0xa7f5, 0xa7f6, 0xab70, 0xabc0, 0xfb00, 0xfb07, 0xfb13, 0xfb18, 0xff21, 0xff3b,
    0x10400, 0x10428, 0x104b0, 0x104d4, 0x10570, 0x1057b, 0x1057c, 0x1058b, 0x1058c, 0x10593, 0x10594, 0x10596,
    0x10c80, 0x10cb3, 0x10d50, 0x10d66, 0x118a0, 0x118c0, 0x16e40, 0x16e60, 0x16ea0, 0x16eb9, 0x1e900, 0x1e922,
];

static BINARY_PROPERTY_CHANGES_WHEN_CASEMAPPED: &[i32] = &[
    0x41, 0x5b, 0x61, 0x7b, 0xb5, 0xb6, 0xc0, 0xd7, 0xd8, 0xf7, 0xf8, 0x138,
    0x139, 0x18d, 0x18e, 0x1aa, 0x1ac, 0x1ba, 0x1bc, 0x1be, 0x1bf, 0x1c0, 0x1c4, 0x221,
    0x222, 0x234, 0x23a, 0x255, 0x256, 0x258, 0x259, 0x25a, 0x25b, 0x25d, 0x260, 0x262,
    0x263, 0x267, 0x268, 0x26d, 0x26f, 0x270, 0x271, 0x273, 0x275, 0x276, 0x27d, 0x27e,
    0x280, 0x281, 0x282, 0x284, 0x287, 0x28d, 0x292, 0x293, 0x29d, 0x29f, 0x345, 0x346,
    0x370, 0x374, 0x376, 0x378, 0x37b, 0x37e, 0x37f, 0x380, 0x386, 0x387, 0x388, 0x38b,
    0x38c, 0x38d, 0x38e, 0x3a2, 0x3a3, 0x3d2, 0x3d5, 0x3f6, 0x3f7, 0x3fc, 0x3fd, 0x482,
    0x48a, 0x530, 0x531, 0x557, 0x561, 0x588, 0x10a0, 0x10c6, 0x10c7, 0x10c8, 0x10cd, 0x10ce,
    0x10d0, 0x10fb, 0x10fd, 0x1100, 0x13a0, 0x13f6, 0x13f8, 0x13fe, 0x1c80, 0x1c8b, 0x1c90, 0x1cbb,
    0x1cbd, 0x1cc0, 0x1d79, 0x1d7a, 0x1d7d, 0x1d7e, 0x1d8e, 0x1d8f, 0x1e00, 0x1e9c, 0x1e9e, 0x1e9f,
    0x1ea0, 0x1f16, 0x1f18, 0x1f1e, 0x1f20, 0x1f46, 0x1f48, 0x1f4e, 0x1f50, 0x1f58, 0x1f59, 0x1f5a,
    0x1f5b, 0x1f5c, 0x1f5d, 0x1f5e, 0x1f5f, 0x1f7e, 0x1f80, 0x1fb5, 0x1fb6, 0x1fbd, 0x1fbe, 0x1fbf,
    0x1fc2, 0x1fc5, 0x1fc6, 0x1fcd, 0x1fd0, 0x1fd4, 0x1fd6, 0x1fdc, 0x1fe0, 0x1fed, 0x1ff2, 0x1ff5,
    0x1ff6, 0x1ffd, 0x2126, 0x2127, 0x212a, 0x212c, 0x2132, 0x2133, 0x214e, 0x214f, 0x2160, 0x2180,
    0x2183, 0x2185, 0x24b6, 0x24ea, 0x2c00, 0x2c71, 0x2c72, 0x2c74, 0x2c75, 0x2c77, 0x2c7e, 0x2ce4,
    0x2ceb, 0x2cef, 0x2cf2, 0x2cf4, 0x2d00, 0x2d26, 0x2d27, 0x2d28, 0x2d2d, 0x2d2e, 0xa640, 0xa66e,
    0xa680, 0xa69c, 0xa722, 0xa730, 0xa732, 0xa770, 0xa779, 0xa788, 0xa78b, 0xa78e, 0xa790, 0xa795,
    0xa796, 0xa7af, 0xa7b0, 0xa7dd, 0xa7f5, 0xa7f7, 0xab53, 0xab54, 0xab70, 0xabc0, 0xfb00, 0xfb07,
    0xfb13, 0xfb18, 0xff21, 0xff3b, 0xff41, 0xff5b, 0x10400, 0x10450, 0x104b0, 0x104d4, 0x104d8, 0x104fc,
    0x10570, 0x1057b, 0x1057c, 0x1058b, 0x1058c, 0x10593, 0x10594, 0x10596, 0x10597, 0x105a2, 0x105a3, 0x105b2,
    0x105b3, 0x105ba, 0x105bb, 0x105bd, 0x10c80, 0x10cb3, 0x10cc0, 0x10cf3, 0x10d50, 0x10d66, 0x10d70, 0x10d86,
    0x118a0, 0x118e0, 0x16e40, 0x16e80, 0x16ea0, 0x16eb9, 0x16ebb, 0x16ed4, 0x1e900, 0x1e944,
];

static BINARY_PROPERTY_CHANGES_WHEN_LOWERCASED: &[i32] = &[
    0x41, 0x5b, 0xc0, 0xd7, 0xd8, 0xdf, 0x100, 0x101, 0x102, 0x103, 0x104, 0x105,
    0x106, 0x107, 0x108, 0x109, 0x10a, 0x10b, 0x10c, 0x10d, 0x10e, 0x10f, 0x110, 0x111,
    0x112, 0x113, 0x114, 0x115, 0x116, 0x117, 0x118, 0x119, 0x11a, 0x11b, 0x11c, 0x11d,
    0x11e, 0x11f, 0x120, 0x121, 0x122, 0x123, 0x124, 0x125, 0x126, 0x127, 0x128, 0x129,
    0x12a, 0x12b, 0x12c, 0x12d, 0x12e, 0x12f, 0x130, 0x131, 0x132, 0x133, 0x134, 0x135,
    0x136, 0x137, 0x139, 0x13a, 0x13b, 0x13c, 0x13d, 0x13e, 0x13f, 0x140, 0x141, 0x142,
    0x143, 0x144, 0x145, 0x146, 0x147, 0x148, 0x14a, 0x14b, 0x14c, 0x14d, 0x14e, 0x14f,
    0x150, 0x151, 0x152, 0x153, 0x154, 0x155, 0x156, 0x157, 0x158, 0x159, 0x15a, 0x15b,
    0x15c, 0x15d, 0x15e, 0x15f, 0x160, 0x161, 0x162, 0x163, 0x164, 0x165, 0x166, 0x167,
    0x168, 0x169, 0x16a, 0x16b, 0x16c, 0x16d, 0x16e, 0x16f, 0x170, 0x171, 0x172, 0x173,
    0x174, 0x175, 0x176, 0x177, 0x178, 0x17a, 0x17b, 0x17c, 0x17d, 0x17e, 0x181, 0x183,
    0x184, 0x185, 0x186, 0x188, 0x189, 0x18c, 0x18e, 0x192, 0x193, 0x195, 0x196, 0x199,
    0x19c, 0x19e, 0x19f, 0x1a1, 0x1a2, 0x1a3, 0x1a4, 0x1a5, 0x1a6, 0x1a8, 0x1a9, 0x1aa,
    0x1ac, 0x1ad, 0x1ae, 0x1b0, 0x1b1, 0x1b4, 0x1b5, 0x1b6, 0x1b7, 0x1b9, 0x1bc, 0x1bd,
    0x1c4, 0x1c6, 0x1c7, 0x1c9, 0x1ca, 0x1cc, 0x1cd, 0x1ce, 0x1cf, 0x1d0, 0x1d1, 0x1d2,
    0x1d3, 0x1d4, 0x1d5, 0x1d6, 0x1d7, 0x1d8, 0x1d9, 0x1da, 0x1db, 0x1dc, 0x1de, 0x1df,
    0x1e0, 0x1e1, 0x1e2, 0x1e3, 0x1e4, 0x1e5, 0x1e6, 0x1e7, 0x1e8, 0x1e9, 0x1ea, 0x1eb,
    0x1ec, 0x1ed, 0x1ee, 0x1ef, 0x1f1, 0x1f3, 0x1f4, 0x1f5, 0x1f6, 0x1f9, 0x1fa, 0x1fb,
    0x1fc, 0x1fd, 0x1fe, 0x1ff, 0x200, 0x201, 0x202, 0x203, 0x204, 0x205, 0x206, 0x207,
    0x208, 0x209, 0x20a, 0x20b, 0x20c, 0x20d, 0x20e, 0x20f, 0x210, 0x211, 0x212, 0x213,
    0x214, 0x215, 0x216, 0x217, 0x218, 0x219, 0x21a, 0x21b, 0x21c, 0x21d, 0x21e, 0x21f,
    0x220, 0x221, 0x222, 0x223, 0x224, 0x225, 0x226, 0x227, 0x228, 0x229, 0x22a, 0x22b,
    0x22c, 0x22d, 0x22e, 0x22f, 0x230, 0x231, 0x232, 0x233, 0x23a, 0x23c, 0x23d, 0x23f,
    0x241, 0x242, 0x243, 0x247, 0x248, 0x249, 0x24a, 0x24b, 0x24c, 0x24d, 0x24e, 0x24f,
    0x370, 0x371, 0x372, 0x373, 0x376, 0x377, 0x37f, 0x380, 0x386, 0x387, 0x388, 0x38b,
    0x38c, 0x38d, 0x38e, 0x390, 0x391, 0x3a2, 0x3a3, 0x3ac, 0x3cf, 0x3d0, 0x3d8, 0x3d9,
    0x3da, 0x3db, 0x3dc, 0x3dd, 0x3de, 0x3df, 0x3e0, 0x3e1, 0x3e2, 0x3e3, 0x3e4, 0x3e5,
    0x3e6, 0x3e7, 0x3e8, 0x3e9, 0x3ea, 0x3eb, 0x3ec, 0x3ed, 0x3ee, 0x3ef, 0x3f4, 0x3f5,
    0x3f7, 0x3f8, 0x3f9, 0x3fb, 0x3fd, 0x430, 0x460, 0x461, 0x462, 0x463, 0x464, 0x465,
    0x466, 0x467, 0x468, 0x469, 0x46a, 0x46b, 0x46c, 0x46d, 0x46e, 0x46f, 0x470, 0x471,
    0x472, 0x473, 0x474, 0x475, 0x476, 0x477, 0x478, 0x479, 0x47a, 0x47b, 0x47c, 0x47d,
    0x47e, 0x47f, 0x480, 0x481, 0x48a, 0x48b, 0x48c, 0x48d, 0x48e, 0x48f, 0x490, 0x491,
    0x492, 0x493, 0x494, 0x495, 0x496, 0x497, 0x498, 0x499, 0x49a, 0x49b, 0x49c, 0x49d,
    0x49e, 0x49f, 0x4a0, 0x4a1, 0x4a2, 0x4a3, 0x4a4, 0x4a5, 0x4a6, 0x4a7, 0x4a8, 0x4a9,
    0x4aa, 0x4ab, 0x4ac, 0x4ad, 0x4ae, 0x4af, 0x4b0, 0x4b1, 0x4b2, 0x4b3, 0x4b4, 0x4b5,
    0x4b6, 0x4b7, 0x4b8, 0x4b9, 0x4ba, 0x4bb, 0x4bc, 0x4bd, 0x4be, 0x4bf, 0x4c0, 0x4c2,
    0x4c3, 0x4c4, 0x4c5, 0x4c6, 0x4c7, 0x4c8, 0x4c9, 0x4ca, 0x4cb, 0x4cc, 0x4cd, 0x4ce,
    0x4d0, 0x4d1, 0x4d2, 0x4d3, 0x4d4, 0x4d5, 0x4d6, 0x4d7, 0x4d8, 0x4d9, 0x4da, 0x4db,
    0x4dc, 0x4dd, 0x4de, 0x4df, 0x4e0, 0x4e1, 0x4e2, 0x4e3, 0x4e4, 0x4e5, 0x4e6, 0x4e7,
    0x4e8, 0x4e9, 0x4ea, 0x4eb, 0x4ec, 0x4ed, 0x4ee, 0x4ef, 0x4f0, 0x4f1, 0x4f2, 0x4f3,
    0x4f4, 0x4f5, 0x4f6, 0x4f7, 0x4f8, 0x4f9, 0x4fa, 0x4fb, 0x4fc, 0x4fd, 0x4fe, 0x4ff,
    0x500, 0x501, 0x502, 0x503, 0x504, 0x505, 0x506, 0x507, 0x508, 0x509, 0x50a, 0x50b,
    0x50c, 0x50d, 0x50e, 0x50f, 0x510, 0x511, 0x512, 0x513, 0x514, 0x515, 0x516, 0x517,
    0x518, 0x519, 0x51a, 0x51b, 0x51c, 0x51d, 0x51e, 0x51f, 0x520, 0x521, 0x522, 0x523,
    0x524, 0x525, 0x526, 0x527, 0x528, 0x529, 0x52a, 0x52b, 0x52c, 0x52d, 0x52e, 0x52f,
    0x531, 0x557, 0x10a0, 0x10c6, 0x10c7, 0x10c8, 0x10cd, 0x10ce, 0x13a0, 0x13f6, 0x1c89, 0x1c8a,
    0x1c90, 0x1cbb, 0x1cbd, 0x1cc0, 0x1e00, 0x1e01, 0x1e02, 0x1e03, 0x1e04, 0x1e05, 0x1e06, 0x1e07,
    0x1e08, 0x1e09, 0x1e0a, 0x1e0b, 0x1e0c, 0x1e0d, 0x1e0e, 0x1e0f, 0x1e10, 0x1e11, 0x1e12, 0x1e13,
    0x1e14, 0x1e15, 0x1e16, 0x1e17, 0x1e18, 0x1e19, 0x1e1a, 0x1e1b, 0x1e1c, 0x1e1d, 0x1e1e, 0x1e1f,
    0x1e20, 0x1e21, 0x1e22, 0x1e23, 0x1e24, 0x1e25, 0x1e26, 0x1e27, 0x1e28, 0x1e29, 0x1e2a, 0x1e2b,
    0x1e2c, 0x1e2d, 0x1e2e, 0x1e2f, 0x1e30, 0x1e31, 0x1e32, 0x1e33, 0x1e34, 0x1e35, 0x1e36, 0x1e37,
    0x1e38, 0x1e39, 0x1e3a, 0x1e3b, 0x1e3c, 0x1e3d, 0x1e3e, 0x1e3f, 0x1e40, 0x1e41, 0x1e42, 0x1e43,
    0x1e44, 0x1e45, 0x1e46, 0x1e47, 0x1e48, 0x1e49, 0x1e4a, 0x1e4b, 0x1e4c, 0x1e4d, 0x1e4e, 0x1e4f,
    0x1e50, 0x1e51, 0x1e52, 0x1e53, 0x1e54, 0x1e55, 0x1e56, 0x1e57, 0x1e58, 0x1e59, 0x1e5a, 0x1e5b,
    0x1e5c, 0x1e5d, 0x1e5e, 0x1e5f, 0x1e60, 0x1e61, 0x1e62, 0x1e63, 0x1e64, 0x1e65, 0x1e66, 0x1e67,
    0x1e68, 0x1e69, 0x1e6a, 0x1e6b, 0x1e6c, 0x1e6d, 0x1e6e, 0x1e6f, 0x1e70, 0x1e71, 0x1e72, 0x1e73,
    0x1e74, 0x1e75, 0x1e76, 0x1e77, 0x1e78, 0x1e79, 0x1e7a, 0x1e7b, 0x1e7c, 0x1e7d, 0x1e7e, 0x1e7f,
    0x1e80, 0x1e81, 0x1e82, 0x1e83, 0x1e84, 0x1e85, 0x1e86, 0x1e87, 0x1e88, 0x1e89, 0x1e8a, 0x1e8b,
    0x1e8c, 0x1e8d, 0x1e8e, 0x1e8f, 0x1e90, 0x1e91, 0x1e92, 0x1e93, 0x1e94, 0x1e95, 0x1e9e, 0x1e9f,
    0x1ea0, 0x1ea1, 0x1ea2, 0x1ea3, 0x1ea4, 0x1ea5, 0x1ea6, 0x1ea7, 0x1ea8, 0x1ea9, 0x1eaa, 0x1eab,
    0x1eac, 0x1ead, 0x1eae, 0x1eaf, 0x1eb0, 0x1eb1, 0x1eb2, 0x1eb3, 0x1eb4, 0x1eb5, 0x1eb6, 0x1eb7,
    0x1eb8, 0x1eb9, 0x1eba, 0x1ebb, 0x1ebc, 0x1ebd, 0x1ebe, 0x1ebf, 0x1ec0, 0x1ec1, 0x1ec2, 0x1ec3,
    0x1ec4, 0x1ec5, 0x1ec6, 0x1ec7, 0x1ec8, 0x1ec9, 0x1eca, 0x1ecb, 0x1ecc, 0x1ecd, 0x1ece, 0x1ecf,
    0x1ed0, 0x1ed1, 0x1ed2, 0x1ed3, 0x1ed4, 0x1ed5, 0x1ed6, 0x1ed7, 0x1ed8, 0x1ed9, 0x1eda, 0x1edb,
    0x1edc, 0x1edd, 0x1ede, 0x1edf, 0x1ee0, 0x1ee1, 0x1ee2, 0x1ee3, 0x1ee4, 0x1ee5, 0x1ee6, 0x1ee7,
    0x1ee8, 0x1ee9, 0x1eea, 0x1eeb, 0x1eec, 0x1eed, 0x1eee, 0x1eef, 0x1ef0, 0x1ef1, 0x1ef2, 0x1ef3,
    0x1ef4, 0x1ef5, 0x1ef6, 0x1ef7, 0x1ef8, 0x1ef9, 0x1efa, 0x1efb, 0x1efc, 0x1efd, 0x1efe, 0x1eff,
    0x1f08, 0x1f10, 0x1f18, 0x1f1e, 0x1f28, 0x1f30, 0x1f38, 0x1f40, 0x1f48, 0x1f4e, 0x1f59, 0x1f5a,
    0x1f5b, 0x1f5c, 0x1f5d, 0x1f5e, 0x1f5f, 0x1f60, 0x1f68, 0x1f70, 0x1f88, 0x1f90, 0x1f98, 0x1fa0,
    0x1fa8, 0x1fb0, 0x1fb8, 0x1fbd, 0x1fc8, 0x1fcd, 0x1fd8, 0x1fdc, 0x1fe8, 0x1fed, 0x1ff8, 0x1ffd,
    0x2126, 0x2127, 0x212a, 0x212c, 0x2132, 0x2133, 0x2160, 0x2170, 0x2183, 0x2184, 0x24b6, 0x24d0,
    0x2c00, 0x2c30, 0x2c60, 0x2c61, 0x2c62, 0x2c65, 0x2c67, 0x2c68, 0x2c69, 0x2c6a, 0x2c6b, 0x2c6c,
    0x2c6d, 0x2c71, 0x2c72, 0x2c73, 0x2c75, 0x2c76, 0x2c7e, 0x2c81, 0x2c82, 0x2c83, 0x2c84, 0x2c85,
    0x2c86, 0x2c87, 0x2c88, 0x2c89, 0x2c8a, 0x2c8b, 0x2c8c, 0x2c8d, 0x2c8e, 0x2c8f, 0x2c90, 0x2c91,
    0x2c92, 0x2c93, 0x2c94, 0x2c95, 0x2c96, 0x2c97, 0x2c98, 0x2c99, 0x2c9a, 0x2c9b, 0x2c9c, 0x2c9d,
    0x2c9e, 0x2c9f, 0x2ca0, 0x2ca1, 0x2ca2, 0x2ca3, 0x2ca4, 0x2ca5, 0x2ca6, 0x2ca7, 0x2ca8, 0x2ca9,
    0x2caa, 0x2cab, 0x2cac, 0x2cad, 0x2cae, 0x2caf, 0x2cb0, 0x2cb1, 0x2cb2, 0x2cb3, 0x2cb4, 0x2cb5,
    0x2cb6, 0x2cb7, 0x2cb8, 0x2cb9, 0x2cba, 0x2cbb, 0x2cbc, 0x2cbd, 0x2cbe, 0x2cbf, 0x2cc0, 0x2cc1,
    0x2cc2, 0x2cc3, 0x2cc4, 0x2cc5, 0x2cc6, 0x2cc7, 0x2cc8, 0x2cc9, 0x2cca, 0x2ccb, 0x2ccc, 0x2ccd,
    0x2cce, 0x2ccf, 0x2cd0, 0x2cd1, 0x2cd2, 0x2cd3, 0x2cd4, 0x2cd5, 0x2cd6, 0x2cd7, 0x2cd8, 0x2cd9,
    0x2cda, 0x2cdb, 0x2cdc, 0x2cdd, 0x2cde, 0x2cdf, 0x2ce0, 0x2ce1, 0x2ce2, 0x2ce3, 0x2ceb, 0x2cec,
    0x2ced, 0x2cee, 0x2cf2, 0x2cf3, 0xa640, 0xa641, 0xa642, 0xa643, 0xa644, 0xa645, 0xa646, 0xa647,
    0xa648, 0xa649, 0xa64a, 0xa64b, 0xa64c, 0xa64d, 0xa64e, 0xa64f, 0xa650, 0xa651, 0xa652, 0xa653,
    0xa654, 0xa655, 0xa656, 0xa657, 0xa658, 0xa659, 0xa65a, 0xa65b, 0xa65c, 0xa65d, 0xa65e, 0xa65f,
    0xa660, 0xa661, 0xa662, 0xa663, 0xa664, 0xa665, 0xa666, 0xa667, 0xa668, 0xa669, 0xa66a, 0xa66b,
    0xa66c, 0xa66d, 0xa680, 0xa681, 0xa682, 0xa683, 0xa684, 0xa685, 0xa686, 0xa687, 0xa688, 0xa689,
    0xa68a, 0xa68b, 0xa68c, 0xa68d, 0xa68e, 0xa68f, 0xa690, 0xa691, 0xa692, 0xa693, 0xa694, 0xa695,
    0xa696, 0xa697, 0xa698, 0xa699, 0xa69a, 0xa69b, 0xa722, 0xa723, 0xa724, 0xa725, 0xa726, 0xa727,
    0xa728, 0xa729, 0xa72a, 0xa72b, 0xa72c, 0xa72d, 0xa72e, 0xa72f, 0xa732, 0xa733, 0xa734, 0xa735,
    0xa736, 0xa737, 0xa738, 0xa739, 0xa73a, 0xa73b, 0xa73c, 0xa73d, 0xa73e, 0xa73f, 0xa740, 0xa741,
    0xa742, 0xa743, 0xa744, 0xa745, 0xa746, 0xa747, 0xa748, 0xa749, 0xa74a, 0xa74b, 0xa74c, 0xa74d,
    0xa74e, 0xa74f, 0xa750, 0xa751, 0xa752, 0xa753, 0xa754, 0xa755, 0xa756, 0xa757, 0xa758, 0xa759,
    0xa75a, 0xa75b, 0xa75c, 0xa75d, 0xa75e, 0xa75f, 0xa760, 0xa761, 0xa762, 0xa763, 0xa764, 0xa765,
    0xa766, 0xa767, 0xa768, 0xa769, 0xa76a, 0xa76b, 0xa76c, 0xa76d, 0xa76e, 0xa76f, 0xa779, 0xa77a,
    0xa77b, 0xa77c, 0xa77d, 0xa77f, 0xa780, 0xa781, 0xa782, 0xa783, 0xa784, 0xa785, 0xa786, 0xa787,
    0xa78b, 0xa78c, 0xa78d, 0xa78e, 0xa790, 0xa791, 0xa792, 0xa793, 0xa796, 0xa797, 0xa798, 0xa799,
    0xa79a, 0xa79b, 0xa79c, 0xa79d, 0xa79e, 0xa79f, 0xa7a0, 0xa7a1, 0xa7a2, 0xa7a3, 0xa7a4, 0xa7a5,
    0xa7a6, 0xa7a7, 0xa7a8, 0xa7a9, 0xa7aa, 0xa7af, 0xa7b0, 0xa7b5, 0xa7b6, 0xa7b7, 0xa7b8, 0xa7b9,
    0xa7ba, 0xa7bb, 0xa7bc, 0xa7bd, 0xa7be, 0xa7bf, 0xa7c0, 0xa7c1, 0xa7c2, 0xa7c3, 0xa7c4, 0xa7c8,
    0xa7c9, 0xa7ca, 0xa7cb, 0xa7cd, 0xa7ce, 0xa7cf, 0xa7d0, 0xa7d1, 0xa7d2, 0xa7d3, 0xa7d4, 0xa7d5,
    0xa7d6, 0xa7d7, 0xa7d8, 0xa7d9, 0xa7da, 0xa7db, 0xa7dc, 0xa7dd, 0xa7f5, 0xa7f6, 0xff21, 0xff3b,
    0x10400, 0x10428, 0x104b0, 0x104d4, 0x10570, 0x1057b, 0x1057c, 0x1058b, 0x1058c, 0x10593, 0x10594, 0x10596,
    0x10c80, 0x10cb3, 0x10d50, 0x10d66, 0x118a0, 0x118c0, 0x16e40, 0x16e60, 0x16ea0, 0x16eb9, 0x1e900, 0x1e922,
];

static BINARY_PROPERTY_CHANGES_WHEN_NFKC_CASEFOLDED: &[i32] = &[
    0x41, 0x5b, 0xa0, 0xa1, 0xa8, 0xa9, 0xaa, 0xab, 0xad, 0xae, 0xaf, 0xb0,
    0xb2, 0xb6, 0xb8, 0xbb, 0xbc, 0xbf, 0xc0, 0xd7, 0xd8, 0xe0, 0x100, 0x101,
    0x102, 0x103, 0x104, 0x105, 0x106, 0x107, 0x108, 0x109, 0x10a, 0x10b, 0x10c, 0x10d,
    0x10e, 0x10f, 0x110, 0x111, 0x112, 0x113, 0x114, 0x115, 0x116, 0x117, 0x118, 0x119,
    0x11a, 0x11b, 0x11c, 0x11d, 0x11e, 0x11f, 0x120, 0x121, 0x122, 0x123, 0x124, 0x125,
    0x126, 0x127, 0x128, 0x129, 0x12a, 0x12b, 0x12c, 0x12d, 0x12e, 0x12f, 0x130, 0x131,
    0x132, 0x135, 0x136, 0x137, 0x139, 0x13a, 0x13b, 0x13c, 0x13d, 0x13e, 0x13f, 0x142,
    0x143, 0x144, 0x145, 0x146, 0x147, 0x148, 0x149, 0x14b, 0x14c, 0x14d, 0x14e, 0x14f,
    0x150, 0x151, 0x152, 0x153, 0x154, 0x155, 0x156, 0x157, 0x158, 0x159, 0x15a, 0x15b,
    0x15c, 0x15d, 0x15e, 0x15f, 0x160, 0x161, 0x162, 0x163, 0x164, 0x165, 0x166, 0x167,
    0x168, 0x169, 0x16a, 0x16b, 0x16c, 0x16d, 0x16e, 0x16f, 0x170, 0x171, 0x172, 0x173,
    0x174, 0x175, 0x176, 0x177, 0x178, 0x17a, 0x17b, 0x17c, 0x17d, 0x17e, 0x17f, 0x180,
    0x181, 0x183, 0x184, 0x185, 0x186, 0x188, 0x189, 0x18c, 0x18e, 0x192, 0x193, 0x195,
    0x196, 0x199, 0x19c, 0x19e, 0x19f, 0x1a1, 0x1a2, 0x1a3, 0x1a4, 0x1a5, 0x1a6, 0x1a8,
    0x1a9, 0x1aa, 0x1ac, 0x1ad, 0x1ae, 0x1b0, 0x1b1, 0x1b4, 0x1b5, 0x1b6, 0x1b7, 0x1b9,
    0x1bc, 0x1bd, 0x1c4, 0x1ce, 0x1cf, 0x1d0, 0x1d1, 0x1d2, 0x1d3, 0x1d4, 0x1d5, 0x1d6,
    0x1d7, 0x1d8, 0x1d9, 0x1da, 0x1db, 0x1dc, 0x1de, 0x1df, 0x1e0, 0x1e1, 0x1e2, 0x1e3,
    0x1e4, 0x1e5, 0x1e6, 0x1e7, 0x1e8, 0x1e9, 0x1ea, 0x1eb, 0x1ec, 0x1ed, 0x1ee, 0x1ef,
    0x1f1, 0x1f5, 0x1f6, 0x1f9, 0x1fa, 0x1fb, 0x1fc, 0x1fd, 0x1fe, 0x1ff, 0x200, 0x201,
    0x202, 0x203, 0x204, 0x205, 0x206, 0x207, 0x208, 0x209, 0x20a, 0x20b, 0x20c, 0x20d,
    0x20e, 0x20f, 0x210, 0x211, 0x212, 0x213, 0x214, 0x215, 0x216, 0x217, 0x218, 0x219,
    0x21a, 0x21b, 0x21c, 0x21d, 0x21e, 0x21f, 0x220, 0x221, 0x222, 0x223, 0x224, 0x225,
    0x226, 0x227, 0x228, 0x229, 0x22a, 0x22b, 0x22c, 0x22d, 0x22e, 0x22f, 0x230, 0x231,
    0x232, 0x233, 0x23a, 0x23c, 0x23d, 0x23f, 0x241, 0x242, 0x243, 0x247, 0x248, 0x249,
    0x24a, 0x24b, 0x24c, 0x24d, 0x24e, 0x24f, 0x2b0, 0x2b9, 0x2d8, 0x2de, 0x2e0, 0x2e5,
    0x340, 0x342, 0x343, 0x346, 0x34f, 0x350, 0x370, 0x371, 0x372, 0x373, 0x374, 0x375,
    0x376, 0x377, 0x37a, 0x37b, 0x37e, 0x380, 0x384, 0x38b, 0x38c, 0x38d, 0x38e, 0x390,
    0x391, 0x3a2, 0x3a3, 0x3ac, 0x3c2, 0x3c3, 0x3cf, 0x3d7, 0x3d8, 0x3d9, 0x3da, 0x3db,
    0x3dc, 0x3dd, 0x3de, 0x3df, 0x3e0, 0x3e1, 0x3e2, 0x3e3, 0x3e4, 0x3e5, 0x3e6, 0x3e7,
    0x3e8, 0x3e9, 0x3ea, 0x3eb, 0x3ec, 0x3ed, 0x3ee, 0x3ef, 0x3f0, 0x3f3, 0x3f4, 0x3f6,
    0x3f7, 0x3f8, 0x3f9, 0x3fb, 0x3fd, 0x430, 0x460, 0x461, 0x462, 0x463, 0x464, 0x465,
    0x466, 0x467, 0x468, 0x469, 0x46a, 0x46b, 0x46c, 0x46d, 0x46e, 0x46f, 0x470, 0x471,
    0x472, 0x473, 0x474, 0x475, 0x476, 0x477, 0x478, 0x479, 0x47a, 0x47b, 0x47c, 0x47d,
    0x47e, 0x47f, 0x480, 0x481, 0x48a, 0x48b, 0x48c, 0x48d, 0x48e, 0x48f, 0x490, 0x491,
    0x492, 0x493, 0x494, 0x495, 0x496, 0x497, 0x498, 0x499, 0x49a, 0x49b, 0x49c, 0x49d,
    0x49e, 0x49f, 0x4a0, 0x4a1, 0x4a2, 0x4a3, 0x4a4, 0x4a5, 0x4a6, 0x4a7, 0x4a8, 0x4a9,
    0x4aa, 0x4ab, 0x4ac, 0x4ad, 0x4ae, 0x4af, 0x4b0, 0x4b1, 0x4b2, 0x4b3, 0x4b4, 0x4b5,
    0x4b6, 0x4b7, 0x4b8, 0x4b9, 0x4ba, 0x4bb, 0x4bc, 0x4bd, 0x4be, 0x4bf, 0x4c0, 0x4c2,
    0x4c3, 0x4c4, 0x4c5, 0x4c6, 0x4c7, 0x4c8, 0x4c9, 0x4ca, 0x4cb, 0x4cc, 0x4cd, 0x4ce,
    0x4d0, 0x4d1, 0x4d2, 0x4d3, 0x4d4, 0x4d5, 0x4d6, 0x4d7, 0x4d8, 0x4d9, 0x4da, 0x4db,
    0x4dc, 0x4dd, 0x4de, 0x4df, 0x4e0, 0x4e1, 0x4e2, 0x4e3, 0x4e4, 0x4e5, 0x4e6, 0x4e7,
    0x4e8, 0x4e9, 0x4ea, 0x4eb, 0x4ec, 0x4ed, 0x4ee, 0x4ef, 0x4f0, 0x4f1, 0x4f2, 0x4f3,
    0x4f4, 0x4f5, 0x4f6, 0x4f7, 0x4f8, 0x4f9, 0x4fa, 0x4fb, 0x4fc, 0x4fd, 0x4fe, 0x4ff,
    0x500, 0x501, 0x502, 0x503, 0x504, 0x505, 0x506, 0x507, 0x508, 0x509, 0x50a, 0x50b,
    0x50c, 0x50d, 0x50e, 0x50f, 0x510, 0x511, 0x512, 0x513, 0x514, 0x515, 0x516, 0x517,
    0x518, 0x519, 0x51a, 0x51b, 0x51c, 0x51d, 0x51e, 0x51f, 0x520, 0x521, 0x522, 0x523,
    0x524, 0x525, 0x526, 0x527, 0x528, 0x529, 0x52a, 0x52b, 0x52c, 0x52d, 0x52e, 0x52f,
    0x531, 0x557, 0x587, 0x588, 0x61c, 0x61d, 0x675, 0x679, 0x958, 0x960, 0x9dc, 0x9de,
    0x9df, 0x9e0, 0xa33, 0xa34, 0xa36, 0xa37, 0xa59, 0xa5c, 0xa5e, 0xa5f, 0xb5c, 0xb5e,
    0xe33, 0xe34, 0xeb3, 0xeb4, 0xedc, 0xede, 0xf0c, 0xf0d, 0xf43, 0xf44, 0xf4d, 0xf4e,
    0xf52, 0xf53, 0xf57, 0xf58, 0xf5c, 0xf5d, 0xf69, 0xf6a, 0xf73, 0xf74, 0xf75, 0xf7a,
    0xf81, 0xf82, 0xf93, 0xf94, 0xf9d, 0xf9e, 0xfa2, 0xfa3, 0xfa7, 0xfa8, 0xfac, 0xfad,
    0xfb9, 0xfba, 0x10a0, 0x10c6, 0x10c7, 0x10c8, 0x10cd, 0x10ce, 0x10fc, 0x10fd, 0x115f, 0x1161,
    0x13f8, 0x13fe, 0x17b4, 0x17b6, 0x180b, 0x1810, 0x1c80, 0x1c8a, 0x1c90, 0x1cbb, 0x1cbd, 0x1cc0,
    0x1d2c, 0x1d2f, 0x1d30, 0x1d3b, 0x1d3c, 0x1d4e, 0x1d4f, 0x1d6b, 0x1d78, 0x1d79, 0x1d9b, 0x1dc0,
    0x1e00, 0x1e01, 0x1e02, 0x1e03, 0x1e04, 0x1e05, 0x1e06, 0x1e07, 0x1e08, 0x1e09, 0x1e0a, 0x1e0b,
    0x1e0c, 0x1e0d, 0x1e0e, 0x1e0f, 0x1e10, 0x1e11, 0x1e12, 0x1e13, 0x1e14, 0x1e15, 0x1e16, 0x1e17,
    0x1e18, 0x1e19, 0x1e1a, 0x1e1b, 0x1e1c, 0x1e1d, 0x1e1e, 0x1e1f, 0x1e20, 0x1e21, 0x1e22, 0x1e23,
    0x1e24, 0x1e25, 0x1e26, 0x1e27, 0x1e28, 0x1e29, 0x1e2a, 0x1e2b, 0x1e2c, 0x1e2d, 0x1e2e, 0x1e2f,
    0x1e30, 0x1e31, 0x1e32, 0x1e33, 0x1e34, 0x1e35, 0x1e36, 0x1e37, 0x1e38, 0x1e39, 0x1e3a, 0x1e3b,
    0x1e3c, 0x1e3d, 0x1e3e, 0x1e3f, 0x1e40, 0x1e41, 0x1e42, 0x1e43, 0x1e44, 0x1e45, 0x1e46, 0x1e47,
    0x1e48, 0x1e49, 0x1e4a, 0x1e4b, 0x1e4c, 0x1e4d, 0x1e4e, 0x1e4f, 0x1e50, 0x1e51, 0x1e52, 0x1e53,
    0x1e54, 0x1e55, 0x1e56, 0x1e57, 0x1e58, 0x1e59, 0x1e5a, 0x1e5b, 0x1e5c, 0x1e5d, 0x1e5e, 0x1e5f,
    0x1e60, 0x1e61, 0x1e62, 0x1e63, 0x1e64, 0x1e65, 0x1e66, 0x1e67, 0x1e68, 0x1e69, 0x1e6a, 0x1e6b,
    0x1e6c, 0x1e6d, 0x1e6e, 0x1e6f, 0x1e70, 0x1e71, 0x1e72, 0x1e73, 0x1e74, 0x1e75, 0x1e76, 0x1e77,
    0x1e78, 0x1e79, 0x1e7a, 0x1e7b, 0x1e7c, 0x1e7d, 0x1e7e, 0x1e7f, 0x1e80, 0x1e81, 0x1e82, 0x1e83,
    0x1e84, 0x1e85, 0x1e86, 0x1e87, 0x1e88, 0x1e89, 0x1e8a, 0x1e8b, 0x1e8c, 0x1e8d, 0x1e8e, 0x1e8f,
    0x1e90, 0x1e91, 0x1e92, 0x1e93, 0x1e94, 0x1e95, 0x1e9a, 0x1e9c, 0x1e9e, 0x1e9f, 0x1ea0, 0x1ea1,
    0x1ea2, 0x1ea3, 0x1ea4, 0x1ea5, 0x1ea6, 0x1ea7, 0x1ea8, 0x1ea9, 0x1eaa, 0x1eab, 0x1eac, 0x1ead,
    0x1eae, 0x1eaf, 0x1eb0, 0x1eb1, 0x1eb2, 0x1eb3, 0x1eb4, 0x1eb5, 0x1eb6, 0x1eb7, 0x1eb8, 0x1eb9,
    0x1eba, 0x1ebb, 0x1ebc, 0x1ebd, 0x1ebe, 0x1ebf, 0x1ec0, 0x1ec1, 0x1ec2, 0x1ec3, 0x1ec4, 0x1ec5,
    0x1ec6, 0x1ec7, 0x1ec8, 0x1ec9, 0x1eca, 0x1ecb, 0x1ecc, 0x1ecd, 0x1ece, 0x1ecf, 0x1ed0, 0x1ed1,
    0x1ed2, 0x1ed3, 0x1ed4, 0x1ed5, 0x1ed6, 0x1ed7, 0x1ed8, 0x1ed9, 0x1eda, 0x1edb, 0x1edc, 0x1edd,
    0x1ede, 0x1edf, 0x1ee0, 0x1ee1, 0x1ee2, 0x1ee3, 0x1ee4, 0x1ee5, 0x1ee6, 0x1ee7, 0x1ee8, 0x1ee9,
    0x1eea, 0x1eeb, 0x1eec, 0x1eed, 0x1eee, 0x1eef, 0x1ef0, 0x1ef1, 0x1ef2, 0x1ef3, 0x1ef4, 0x1ef5,
    0x1ef6, 0x1ef7, 0x1ef8, 0x1ef9, 0x1efa, 0x1efb, 0x1efc, 0x1efd, 0x1efe, 0x1eff, 0x1f08, 0x1f10,
    0x1f18, 0x1f1e, 0x1f28, 0x1f30, 0x1f38, 0x1f40, 0x1f48, 0x1f4e, 0x1f59, 0x1f5a, 0x1f5b, 0x1f5c,
    0x1f5d, 0x1f5e, 0x1f5f, 0x1f60, 0x1f68, 0x1f70, 0x1f71, 0x1f72, 0x1f73, 0x1f74, 0x1f75, 0x1f76,
    0x1f77, 0x1f78, 0x1f79, 0x1f7a, 0x1f7b, 0x1f7c, 0x1f7d, 0x1f7e, 0x1f80, 0x1fb0, 0x1fb2, 0x1fb5,
    0x1fb7, 0x1fc5, 0x1fc7, 0x1fd0, 0x1fd3, 0x1fd4, 0x1fd8, 0x1fdc, 0x1fdd, 0x1fe0, 0x1fe3, 0x1fe4,
    0x1fe8, 0x1ff0, 0x1ff2, 0x1ff5, 0x1ff7, 0x1fff, 0x2000, 0x2010, 0x2011, 0x2012, 0x2017, 0x2018,
    0x2024, 0x2027, 0x202a, 0x2030, 0x2033, 0x2035, 0x2036, 0x2038, 0x203c, 0x203d, 0x203e, 0x203f,
    0x2047, 0x204a, 0x2057, 0x2058, 0x205f, 0x2072, 0x2074, 0x208f, 0x2090, 0x209d, 0x20a8, 0x20a9,
    0x2100, 0x2104, 0x2105, 0x2108, 0x2109, 0x2114, 0x2115, 0x2117, 0x2119, 0x211e, 0x2120, 0x2123,
    0x2124, 0x2125, 0x2126, 0x2127, 0x2128, 0x2129, 0x212a, 0x212e, 0x212f, 0x213a, 0x213b, 0x2141,
    0x2145, 0x214a, 0x2150, 0x2180, 0x2183, 0x2184, 0x2189, 0x218a, 0x222c, 0x222e, 0x222f, 0x2231,
    0x2329, 0x232b, 0x2460, 0x24eb, 0x2a0c, 0x2a0d, 0x2a74, 0x2a77, 0x2adc, 0x2add, 0x2c00, 0x2c30,
    0x2c60, 0x2c61, 0x2c62, 0x2c65, 0x2c67, 0x2c68, 0x2c69, 0x2c6a, 0x2c6b, 0x2c6c, 0x2c6d, 0x2c71,
    0x2c72, 0x2c73, 0x2c75, 0x2c76, 0x2c7c, 0x2c81, 0x2c82, 0x2c83, 0x2c84, 0x2c85, 0x2c86, 0x2c87,
    0x2c88, 0x2c89, 0x2c8a, 0x2c8b, 0x2c8c, 0x2c8d, 0x2c8e, 0x2c8f, 0x2c90, 0x2c91, 0x2c92, 0x2c93,
    0x2c94, 0x2c95, 0x2c96, 0x2c97, 0x2c98, 0x2c99, 0x2c9a, 0x2c9b, 0x2c9c, 0x2c9d, 0x2c9e, 0x2c9f,
    0x2ca0, 0x2ca1, 0x2ca2, 0x2ca3, 0x2ca4, 0x2ca5, 0x2ca6, 0x2ca7, 0x2ca8, 0x2ca9, 0x2caa, 0x2cab,
    0x2cac, 0x2cad, 0x2cae, 0x2caf, 0x2cb0, 0x2cb1, 0x2cb2, 0x2cb3, 0x2cb4, 0x2cb5, 0x2cb6, 0x2cb7,
    0x2cb8, 0x2cb9, 0x2cba, 0x2cbb, 0x2cbc, 0x2cbd, 0x2cbe, 0x2cbf, 0x2cc0, 0x2cc1, 0x2cc2, 0x2cc3,
    0x2cc4, 0x2cc5, 0x2cc6, 0x2cc7, 0x2cc8, 0x2cc9, 0x2cca, 0x2ccb, 0x2ccc, 0x2ccd, 0x2cce, 0x2ccf,
    0x2cd0, 0x2cd1, 0x2cd2, 0x2cd3, 0x2cd4, 0x2cd5, 0x2cd6, 0x2cd7, 0x2cd8, 0x2cd9, 0x2cda, 0x2cdb,
    0x2cdc, 0x2cdd, 0x2cde, 0x2cdf, 0x2ce0, 0x2ce1, 0x2ce2, 0x2ce3, 0x2ceb, 0x2cec, 0x2ced, 0x2cee,
    0x2cf2, 0x2cf3, 0x2d6f, 0x2d70, 0x2e9f, 0x2ea0, 0x2ef3, 0x2ef4, 0x2f00, 0x2fd6, 0x3000, 0x3001,
    0x3036, 0x3037, 0x3038, 0x303b, 0x309b, 0x309d, 0x309f, 0x30a0, 0x30ff, 0x3100, 0x3131, 0x318f,
    0x3192, 0x31a0, 0x3200, 0x321f, 0x3220, 0x3248, 0x3250, 0x327f, 0x3280, 0x3400, 0xa640, 0xa641,
    0xa642, 0xa643, 0xa644, 0xa645, 0xa646, 0xa647, 0xa648, 0xa649, 0xa64a, 0xa64b, 0xa64c, 0xa64d,
    0xa64e, 0xa64f, 0xa650, 0xa651, 0xa652, 0xa653, 0xa654, 0xa655, 0xa656, 0xa657, 0xa658, 0xa659,
    0xa65a, 0xa65b, 0xa65c, 0xa65d, 0xa65e, 0xa65f, 0xa660, 0xa661, 0xa662, 0xa663, 0xa664, 0xa665,
    0xa666, 0xa667, 0xa668, 0xa669, 0xa66a, 0xa66b, 0xa66c, 0xa66d, 0xa680, 0xa681, 0xa682, 0xa683,
    0xa684, 0xa685, 0xa686, 0xa687, 0xa688, 0xa689, 0xa68a, 0xa68b, 0xa68c, 0xa68d, 0xa68e, 0xa68f,
    0xa690, 0xa691, 0xa692, 0xa693, 0xa694, 0xa695, 0xa696, 0xa697, 0xa698, 0xa699, 0xa69a, 0xa69b,
    0xa69c, 0xa69e, 0xa722, 0xa723, 0xa724, 0xa725, 0xa726, 0xa727, 0xa728, 0xa729, 0xa72a, 0xa72b,
    0xa72c, 0xa72d, 0xa72e, 0xa72f, 0xa732, 0xa733, 0xa734, 0xa735, 0xa736, 0xa737, 0xa738, 0xa739,
    0xa73a, 0xa73b, 0xa73c, 0xa73d, 0xa73e, 0xa73f, 0xa740, 0xa741, 0xa742, 0xa743, 0xa744, 0xa745,
    0xa746, 0xa747, 0xa748, 0xa749, 0xa74a, 0xa74b, 0xa74c, 0xa74d, 0xa74e, 0xa74f, 0xa750, 0xa751,
    0xa752, 0xa753, 0xa754, 0xa755, 0xa756, 0xa757, 0xa758, 0xa759, 0xa75a, 0xa75b, 0xa75c, 0xa75d,
    0xa75e, 0xa75f, 0xa760, 0xa761, 0xa762, 0xa763, 0xa764, 0xa765, 0xa766, 0xa767, 0xa768, 0xa769,
    0xa76a, 0xa76b, 0xa76c, 0xa76d, 0xa76e, 0xa76f, 0xa770, 0xa771, 0xa779, 0xa77a, 0xa77b, 0xa77c,
    0xa77d, 0xa77f, 0xa780, 0xa781, 0xa782, 0xa783, 0xa784, 0xa785, 0xa786, 0xa787, 0xa78b, 0xa78c,
    0xa78d, 0xa78e, 0xa790, 0xa791, 0xa792, 0xa793, 0xa796, 0xa797, 0xa798, 0xa799, 0xa79a, 0xa79b,
    0xa79c, 0xa79d, 0xa79e, 0xa79f, 0xa7a0, 0xa7a1, 0xa7a2, 0xa7a3, 0xa7a4, 0xa7a5, 0xa7a6, 0xa7a7,
    0xa7a8, 0xa7a9, 0xa7aa, 0xa7af, 0xa7b0, 0xa7b5, 0xa7b6, 0xa7b7, 0xa7b8, 0xa7b9, 0xa7ba, 0xa7bb,
    0xa7bc, 0xa7bd, 0xa7be, 0xa7bf, 0xa7c0, 0xa7c1, 0xa7c2, 0xa7c3, 0xa7c4, 0xa7c8, 0xa7c9, 0xa7ca,
    0xa7cb, 0xa7cd, 0xa7ce, 0xa7cf, 0xa7d0, 0xa7d1, 0xa7d2, 0xa7d3, 0xa7d4, 0xa7d5, 0xa7d6, 0xa7d7,
    0xa7d8, 0xa7d9, 0xa7da, 0xa7db, 0xa7dc, 0xa7dd, 0xa7f1, 0xa7f6, 0xa7f8, 0xa7fa, 0xab5c, 0xab60,
    0xab69, 0xab6a, 0xab70, 0xabc0, 0xf900, 0xfa0e, 0xfa10, 0xfa11, 0xfa12, 0xfa13, 0xfa15, 0xfa1f,
    0xfa20, 0xfa21, 0xfa22, 0xfa23, 0xfa25, 0xfa27, 0xfa2a, 0xfa6e, 0xfa70, 0xfada, 0xfb00, 0xfb07,
    0xfb13, 0xfb18, 0xfb1d, 0xfb1e, 0xfb1f, 0xfb37, 0xfb38, 0xfb3d, 0xfb3e, 0xfb3f, 0xfb40, 0xfb42,
    0xfb43, 0xfb45, 0xfb46, 0xfbb2, 0xfbd3, 0xfd3e, 0xfd50, 0xfd90, 0xfd92, 0xfdc8, 0xfdf0, 0xfdfd,
    0xfe00, 0xfe1a, 0xfe30, 0xfe45, 0xfe47, 0xfe53, 0xfe54, 0xfe67, 0xfe68, 0xfe6c, 0xfe70, 0xfe73,
    0xfe74, 0xfe75, 0xfe76, 0xfefd, 0xfeff, 0xff00, 0xff01, 0xffbf, 0xffc2, 0xffc8, 0xffca, 0xffd0,
    0xffd2, 0xffd8, 0xffda, 0xffdd, 0xffe0, 0xffe7, 0xffe8, 0xffef, 0xfff0, 0xfff9, 0x10400, 0x10428,
    0x104b0, 0x104d4, 0x10570, 0x1057b, 0x1057c, 0x1058b, 0x1058c, 0x10593, 0x10594, 0x10596, 0x10781, 0x10786,
    0x10787, 0x107b1, 0x107b2, 0x107bb, 0x10c80, 0x10cb3, 0x10d50, 0x10d66, 0x118a0, 0x118c0, 0x16e40, 0x16e60,
    0x16ea0, 0x16eb9, 0x1bca0, 0x1bca4, 0x1ccd6, 0x1ccfa, 0x1d15e, 0x1d165, 0x1d173, 0x1d17b, 0x1d1bb, 0x1d1c1,
    0x1d400, 0x1d455, 0x1d456, 0x1d49d, 0x1d49e, 0x1d4a0, 0x1d4a2, 0x1d4a3, 0x1d4a5, 0x1d4a7, 0x1d4a9, 0x1d4ad,
    0x1d4ae, 0x1d4ba, 0x1d4bb, 0x1d4bc, 0x1d4bd, 0x1d4c4, 0x1d4c5, 0x1d506, 0x1d507, 0x1d50b, 0x1d50d, 0x1d515,
    0x1d516, 0x1d51d, 0x1d51e, 0x1d53a, 0x1d53b, 0x1d53f, 0x1d540, 0x1d545, 0x1d546, 0x1d547, 0x1d54a, 0x1d551,
    0x1d552, 0x1d6a6, 0x1d6a8, 0x1d7cc, 0x1d7ce, 0x1d800, 0x1e030, 0x1e06e, 0x1e900, 0x1e922, 0x1ee00, 0x1ee04,
    0x1ee05, 0x1ee20, 0x1ee21, 0x1ee23, 0x1ee24, 0x1ee25, 0x1ee27, 0x1ee28, 0x1ee29, 0x1ee33, 0x1ee34, 0x1ee38,
    0x1ee39, 0x1ee3a, 0x1ee3b, 0x1ee3c, 0x1ee42, 0x1ee43, 0x1ee47, 0x1ee48, 0x1ee49, 0x1ee4a, 0x1ee4b, 0x1ee4c,
    0x1ee4d, 0x1ee50, 0x1ee51, 0x1ee53, 0x1ee54, 0x1ee55, 0x1ee57, 0x1ee58, 0x1ee59, 0x1ee5a, 0x1ee5b, 0x1ee5c,
    0x1ee5d, 0x1ee5e, 0x1ee5f, 0x1ee60, 0x1ee61, 0x1ee63, 0x1ee64, 0x1ee65, 0x1ee67, 0x1ee6b, 0x1ee6c, 0x1ee73,
    0x1ee74, 0x1ee78, 0x1ee79, 0x1ee7d, 0x1ee7e, 0x1ee7f, 0x1ee80, 0x1ee8a, 0x1ee8b, 0x1ee9c, 0x1eea1, 0x1eea4,
    0x1eea5, 0x1eeaa, 0x1eeab, 0x1eebc, 0x1f100, 0x1f10b, 0x1f110, 0x1f12f, 0x1f130, 0x1f150, 0x1f16a, 0x1f16d,
    0x1f190, 0x1f191, 0x1f200, 0x1f203, 0x1f210, 0x1f23c, 0x1f240, 0x1f249, 0x1f250, 0x1f252, 0x1fbf0, 0x1fbfa,
    0x2f800, 0x2fa1e, 0xe0000, 0xe1000,
];

static BINARY_PROPERTY_CHANGES_WHEN_TITLECASED: &[i32] = &[
    0x61, 0x7b, 0xb5, 0xb6, 0xdf, 0xf7, 0xf8, 0x100, 0x101, 0x102, 0x103, 0x104,
    0x105, 0x106, 0x107, 0x108, 0x109, 0x10a, 0x10b, 0x10c, 0x10d, 0x10e, 0x10f, 0x110,
    0x111, 0x112, 0x113, 0x114, 0x115, 0x116, 0x117, 0x118, 0x119, 0x11a, 0x11b, 0x11c,
    0x11d, 0x11e, 0x11f, 0x120, 0x121, 0x122, 0x123, 0x124, 0x125, 0x126, 0x127, 0x128,
    0x129, 0x12a, 0x12b, 0x12c, 0x12d, 0x12e, 0x12f, 0x130, 0x131, 0x132, 0x133, 0x134,
    0x135, 0x136, 0x137, 0x138, 0x13a, 0x13b, 0x13c, 0x13d, 0x13e, 0x13f, 0x140, 0x141,
    0x142, 0x143, 0x144, 0x145, 0x146, 0x147, 0x148, 0x14a, 0x14b, 0x14c, 0x14d, 0x14e,
    0x14f, 0x150, 0x151, 0x152, 0x153, 0x154, 0x155, 0x156, 0x157, 0x158, 0x159, 0x15a,
    0x15b, 0x15c, 0x15d, 0x15e, 0x15f, 0x160, 0x161, 0x162, 0x163, 0x164, 0x165, 0x166,
    0x167, 0x168, 0x169, 0x16a, 0x16b, 0x16c, 0x16d, 0x16e, 0x16f, 0x170, 0x171, 0x172,
    0x173, 0x174, 0x175, 0x176, 0x177, 0x178, 0x17a, 0x17b, 0x17c, 0x17d, 0x17e, 0x181,
    0x183, 0x184, 0x185, 0x186, 0x188, 0x189, 0x18c, 0x18d, 0x192, 0x193, 0x195, 0x196,
    0x199, 0x19c, 0x19e, 0x19f, 0x1a1, 0x1a2, 0x1a3, 0x1a4, 0x1a5, 0x1a6, 0x1a8, 0x1a9,
    0x1ad, 0x1ae, 0x1b0, 0x1b1, 0x1b4, 0x1b5, 0x1b6, 0x1b7, 0x1b9, 0x1ba, 0x1bd, 0x1be,
    0x1bf, 0x1c0, 0x1c4, 0x1c5, 0x1c6, 0x1c8, 0x1c9, 0x1cb, 0x1cc, 0x1cd, 0x1ce, 0x1cf,
    0x1d0, 0x1d1, 0x1d2, 0x1d3, 0x1d4, 0x1d5, 0x1d6, 0x1d7, 0x1d8, 0x1d9, 0x1da, 0x1db,
    0x1dc, 0x1de, 0x1df, 0x1e0, 0x1e1, 0x1e2, 0x1e3, 0x1e4, 0x1e5, 0x1e6, 0x1e7, 0x1e8,
    0x1e9, 0x1ea, 0x1eb, 0x1ec, 0x1ed, 0x1ee, 0x1ef, 0x1f2, 0x1f3, 0x1f4, 0x1f5, 0x1f6,
    0x1f9, 0x1fa, 0x1fb, 0x1fc, 0x1fd, 0x1fe, 0x1ff, 0x200, 0x201, 0x202, 0x203, 0x204,
    0x205, 0x206, 0x207, 0x208, 0x209, 0x20a, 0x20b, 0x20c, 0x20d, 0x20e, 0x20f, 0x210,
    0x211, 0x212, 0x213, 0x214, 0x215, 0x216, 0x217, 0x218, 0x219, 0x21a, 0x21b, 0x21c,
    0x21d, 0x21e, 0x21f, 0x220, 0x223, 0x224, 0x225, 0x226, 0x227, 0x228, 0x229, 0x22a,
    0x22b, 0x22c, 0x22d, 0x22e, 0x22f, 0x230, 0x231, 0x232, 0x233, 0x234, 0x23c, 0x23d,
    0x23f, 0x241, 0x242, 0x243, 0x247, 0x248, 0x249, 0x24a, 0x24b, 0x24c, 0x24d, 0x24e,
    0x24f, 0x255, 0x256, 0x258, 0x259, 0x25a, 0x25b, 0x25d, 0x260, 0x262, 0x263, 0x267,
    0x268, 0x26d, 0x26f, 0x270, 0x271, 0x273, 0x275, 0x276, 0x27d, 0x27e, 0x280, 0x281,
    0x282, 0x284, 0x287, 0x28d, 0x292, 0x293, 0x29d, 0x29f, 0x345, 0x346, 0x371, 0x372,
    0x373, 0x374, 0x377, 0x378, 0x37b, 0x37e, 0x390, 0x391, 0x3ac, 0x3cf, 0x3d0, 0x3d2,
    0x3d5, 0x3d8, 0x3d9, 0x3da, 0x3db, 0x3dc, 0x3dd, 0x3de, 0x3df, 0x3e0, 0x3e1, 0x3e2,
    0x3e3, 0x3e4, 0x3e5, 0x3e6, 0x3e7, 0x3e8, 0x3e9, 0x3ea, 0x3eb, 0x3ec, 0x3ed, 0x3ee,
    0x3ef, 0x3f4, 0x3f5, 0x3f6, 0x3f8, 0x3f9, 0x3fb, 0x3fc, 0x430, 0x460, 0x461, 0x462,
    0x463, 0x464, 0x465, 0x466, 0x467, 0x468, 0x469, 0x46a, 0x46b, 0x46c, 0x46d, 0x46e,
    0x46f, 0x470, 0x471, 0x472, 0x473, 0x474, 0x475, 0x476, 0x477, 0x478, 0x479, 0x47a,
    0x47b, 0x47c, 0x47d, 0x47e, 0x47f, 0x480, 0x481, 0x482, 0x48b, 0x48c, 0x48d, 0x48e,
    0x48f, 0x490, 0x491, 0x492, 0x493, 0x494, 0x495, 0x496, 0x497, 0x498, 0x499, 0x49a,
    0x49b, 0x49c, 0x49d, 0x49e, 0x49f, 0x4a0, 0x4a1, 0x4a2, 0x4a3, 0x4a4, 0x4a5, 0x4a6,
    0x4a7, 0x4a8, 0x4a9, 0x4aa, 0x4ab, 0x4ac, 0x4ad, 0x4ae, 0x4af, 0x4b0, 0x4b1, 0x4b2,
    0x4b3, 0x4b4, 0x4b5, 0x4b6, 0x4b7, 0x4b8, 0x4b9, 0x4ba, 0x4bb, 0x4bc, 0x4bd, 0x4be,
    0x4bf, 0x4c0, 0x4c2, 0x4c3, 0x4c4, 0x4c5, 0x4c6, 0x4c7, 0x4c8, 0x4c9, 0x4ca, 0x4cb,
    0x4cc, 0x4cd, 0x4ce, 0x4d0, 0x4d1, 0x4d2, 0x4d3, 0x4d4, 0x4d5, 0x4d6, 0x4d7, 0x4d8,
    0x4d9, 0x4da, 0x4db, 0x4dc, 0x4dd, 0x4de, 0x4df, 0x4e0, 0x4e1, 0x4e2, 0x4e3, 0x4e4,
    0x4e5, 0x4e6, 0x4e7, 0x4e8, 0x4e9, 0x4ea, 0x4eb, 0x4ec, 0x4ed, 0x4ee, 0x4ef, 0x4f0,
    0x4f1, 0x4f2, 0x4f3, 0x4f4, 0x4f5, 0x4f6, 0x4f7, 0x4f8, 0x4f9, 0x4fa, 0x4fb, 0x4fc,
    0x4fd, 0x4fe, 0x4ff, 0x500, 0x501, 0x502, 0x503, 0x504, 0x505, 0x506, 0x507, 0x508,
    0x509, 0x50a, 0x50b, 0x50c, 0x50d, 0x50e, 0x50f, 0x510, 0x511, 0x512, 0x513, 0x514,
    0x515, 0x516, 0x517, 0x518, 0x519, 0x51a, 0x51b, 0x51c, 0x51d, 0x51e, 0x51f, 0x520,
    0x521, 0x522, 0x523, 0x524, 0x525, 0x526, 0x527, 0x528, 0x529, 0x52a, 0x52b, 0x52c,
    0x52d, 0x52e, 0x52f, 0x530, 0x561, 0x588, 0x13f8, 0x13fe, 0x1c80, 0x1c89, 0x1c8a, 0x1c8b,
    0x1d79, 0x1d7a, 0x1d7d, 0x1d7e, 0x1d8e, 0x1d8f, 0x1e01, 0x1e02, 0x1e03, 0x1e04, 0x1e05, 0x1e06,
    0x1e07, 0x1e08, 0x1e09, 0x1e0a, 0x1e0b, 0x1e0c, 0x1e0d, 0x1e0e, 0x1e0f, 0x1e10, 0x1e11, 0x1e12,
    0x1e13, 0x1e14, 0x1e15, 0x1e16, 0x1e17, 0x1e18, 0x1e19, 0x1e1a, 0x1e1b, 0x1e1c, 0x1e1d, 0x1e1e,
    0x1e1f, 0x1e20, 0x1e21, 0x1e22, 0x1e23, 0x1e24, 0x1e25, 0x1e26, 0x1e27, 0x1e28, 0x1e29, 0x1e2a,
    0x1e2b, 0x1e2c, 0x1e2d, 0x1e2e, 0x1e2f, 0x1e30, 0x1e31, 0x1e32, 0x1e33, 0x1e34, 0x1e35, 0x1e36,
    0x1e37, 0x1e38, 0x1e39, 0x1e3a, 0x1e3b, 0x1e3c, 0x1e3d, 0x1e3e, 0x1e3f, 0x1e40, 0x1e41, 0x1e42,
    0x1e43, 0x1e44, 0x1e45, 0x1e46, 0x1e47, 0x1e48, 0x1e49, 0x1e4a, 0x1e4b, 0x1e4c, 0x1e4d, 0x1e4e,
    0x1e4f, 0x1e50, 0x1e51, 0x1e52, 0x1e53, 0x1e54, 0x1e55, 0x1e56, 0x1e57, 0x1e58, 0x1e59, 0x1e5a,
    0x1e5b, 0x1e5c, 0x1e5d, 0x1e5e, 0x1e5f, 0x1e60, 0x1e61, 0x1e62, 0x1e63, 0x1e64, 0x1e65, 0x1e66,
    0x1e67, 0x1e68, 0x1e69, 0x1e6a, 0x1e6b, 0x1e6c, 0x1e6d, 0x1e6e, 0x1e6f, 0x1e70, 0x1e71, 0x1e72,
    0x1e73, 0x1e74, 0x1e75, 0x1e76, 0x1e77, 0x1e78, 0x1e79, 0x1e7a, 0x1e7b, 0x1e7c, 0x1e7d, 0x1e7e,
    0x1e7f, 0x1e80, 0x1e81, 0x1e82, 0x1e83, 0x1e84, 0x1e85, 0x1e86, 0x1e87, 0x1e88, 0x1e89, 0x1e8a,
    0x1e8b, 0x1e8c, 0x1e8d, 0x1e8e, 0x1e8f, 0x1e90, 0x1e91, 0x1e92, 0x1e93, 0x1e94, 0x1e95, 0x1e9c,
    0x1ea1, 0x1ea2, 0x1ea3, 0x1ea4, 0x1ea5, 0x1ea6, 0x1ea7, 0x1ea8, 0x1ea9, 0x1eaa, 0x1eab, 0x1eac,
    0x1ead, 0x1eae, 0x1eaf, 0x1eb0, 0x1eb1, 0x1eb2, 0x1eb3, 0x1eb4, 0x1eb5, 0x1eb6, 0x1eb7, 0x1eb8,
    0x1eb9, 0x1eba, 0x1ebb, 0x1ebc, 0x1ebd, 0x1ebe, 0x1ebf, 0x1ec0, 0x1ec1, 0x1ec2, 0x1ec3, 0x1ec4,
    0x1ec5, 0x1ec6, 0x1ec7, 0x1ec8, 0x1ec9, 0x1eca, 0x1ecb, 0x1ecc, 0x1ecd, 0x1ece, 0x1ecf, 0x1ed0,
    0x1ed1, 0x1ed2, 0x1ed3, 0x1ed4, 0x1ed5, 0x1ed6, 0x1ed7, 0x1ed8, 0x1ed9, 0x1eda, 0x1edb, 0x1edc,
    0x1edd, 0x1ede, 0x1edf, 0x1ee0, 0x1ee1, 0x1ee2, 0x1ee3, 0x1ee4, 0x1ee5, 0x1ee6, 0x1ee7, 0x1ee8,
    0x1ee9, 0x1eea, 0x1eeb, 0x1eec, 0x1eed, 0x1eee, 0x1eef, 0x1ef0, 0x1ef1, 0x1ef2, 0x1ef3, 0x1ef4,
    0x1ef5, 0x1ef6, 0x1ef7, 0x1ef8, 0x1ef9, 0x1efa, 0x1efb, 0x1efc, 0x1efd, 0x1efe, 0x1eff, 0x1f08,
    0x1f10, 0x1f16, 0x1f20, 0x1f28, 0x1f30, 0x1f38, 0x1f40, 0x1f46, 0x1f50, 0x1f58, 0x1f60, 0x1f68,
    0x1f70, 0x1f7e, 0x1f80, 0x1f88, 0x1f90, 0x1f98, 0x1fa0, 0x1fa8, 0x1fb0, 0x1fb5, 0x1fb6, 0x1fb8,
    0x1fbe, 0x1fbf, 0x1fc2, 0x1fc5, 0x1fc6, 0x1fc8, 0x1fd0, 0x1fd4, 0x1fd6, 0x1fd8, 0x1fe0, 0x1fe8,
    0x1ff2, 0x1ff5, 0x1ff6, 0x1ff8, 0x214e, 0x214f, 0x2170, 0x2180, 0x2184, 0x2185, 0x24d0, 0x24ea,
    0x2c30, 0x2c60, 0x2c61, 0x2c62, 0x2c65, 0x2c67, 0x2c68, 0x2c69, 0x2c6a, 0x2c6b, 0x2c6c, 0x2c6d,
    0x2c73, 0x2c74, 0x2c76, 0x2c77, 0x2c81, 0x2c82, 0x2c83, 0x2c84, 0x2c85, 0x2c86, 0x2c87, 0x2c88,
    0x2c89, 0x2c8a, 0x2c8b, 0x2c8c, 0x2c8d, 0x2c8e, 0x2c8f, 0x2c90, 0x2c91, 0x2c92, 0x2c93, 0x2c94,
    0x2c95, 0x2c96, 0x2c97, 0x2c98, 0x2c99, 0x2c9a, 0x2c9b, 0x2c9c, 0x2c9d, 0x2c9e, 0x2c9f, 0x2ca0,
    0x2ca1, 0x2ca2, 0x2ca3, 0x2ca4, 0x2ca5, 0x2ca6, 0x2ca7, 0x2ca8, 0x2ca9, 0x2caa, 0x2cab, 0x2cac,
    0x2cad, 0x2cae, 0x2caf, 0x2cb0, 0x2cb1, 0x2cb2, 0x2cb3, 0x2cb4, 0x2cb5, 0x2cb6, 0x2cb7, 0x2cb8,
    0x2cb9, 0x2cba, 0x2cbb, 0x2cbc, 0x2cbd, 0x2cbe, 0x2cbf, 0x2cc0, 0x2cc1, 0x2cc2, 0x2cc3, 0x2cc4,
    0x2cc5, 0x2cc6, 0x2cc7, 0x2cc8, 0x2cc9, 0x2cca, 0x2ccb, 0x2ccc, 0x2ccd, 0x2cce, 0x2ccf, 0x2cd0,
    0x2cd1, 0x2cd2, 0x2cd3, 0x2cd4, 0x2cd5, 0x2cd6, 0x2cd7, 0x2cd8, 0x2cd9, 0x2cda, 0x2cdb, 0x2cdc,
    0x2cdd, 0x2cde, 0x2cdf, 0x2ce0, 0x2ce1, 0x2ce2, 0x2ce3, 0x2ce4, 0x2cec, 0x2ced, 0x2cee, 0x2cef,
    0x2cf3, 0x2cf4, 0x2d00, 0x2d26, 0x2d27, 0x2d28, 0x2d2d, 0x2d2e, 0xa641, 0xa642, 0xa643, 0xa644,
    0xa645, 0xa646, 0xa647, 0xa648, 0xa649, 0xa64a, 0xa64b, 0xa64c, 0xa64d, 0xa64e, 0xa64f, 0xa650,
    0xa651, 0xa652, 0xa653, 0xa654, 0xa655, 0xa656, 0xa657, 0xa658, 0xa659, 0xa65a, 0xa65b, 0xa65c,
    0xa65d, 0xa65e, 0xa65f, 0xa660, 0xa661, 0xa662, 0xa663, 0xa664, 0xa665, 0xa666, 0xa667, 0xa668,
    0xa669, 0xa66a, 0xa66b, 0xa66c, 0xa66d, 0xa66e, 0xa681, 0xa682, 0xa683, 0xa684, 0xa685, 0xa686,
    0xa687, 0xa688, 0xa689, 0xa68a, 0xa68b, 0xa68c, 0xa68d, 0xa68e, 0xa68f, 0xa690, 0xa691, 0xa692,
    0xa693, 0xa694, 0xa695, 0xa696, 0xa697, 0xa698, 0xa699, 0xa69a, 0xa69b, 0xa69c, 0xa723, 0xa724,
    0xa725, 0xa726, 0xa727, 0xa728, 0xa729, 0xa72a, 0xa72b, 0xa72c, 0xa72d, 0xa72e, 0xa72f, 0xa730,
    0xa733, 0xa734, 0xa735, 0xa736, 0xa737, 0xa738, 0xa739, 0xa73a, 0xa73b, 0xa73c, 0xa73d, 0xa73e,
    0xa73f, 0xa740, 0xa741, 0xa742, 0xa743, 0xa744, 0xa745, 0xa746, 0xa747, 0xa748, 0xa749, 0xa74a,
    0xa74b, 0xa74c, 0xa74d, 0xa74e, 0xa74f, 0xa750, 0xa751, 0xa752, 0xa753, 0xa754, 0xa755, 0xa756,
    0xa757, 0xa758, 0xa759, 0xa75a, 0xa75b, 0xa75c, 0xa75d, 0xa75e, 0xa75f, 0xa760, 0xa761, 0xa762,
    0xa763, 0xa764, 0xa765, 0xa766, 0xa767, 0xa768, 0xa769, 0xa76a, 0xa76b, 0xa76c, 0xa76d, 0xa76e,
    0xa76f, 0xa770, 0xa77a, 0xa77b, 0xa77c, 0xa77d, 0xa77f, 0xa780, 0xa781, 0xa782, 0xa783, 0xa784,
    0xa785, 0xa786, 0xa787, 0xa788, 0xa78c, 0xa78d, 0xa791, 0xa792, 0xa793, 0xa795, 0xa797, 0xa798,
    0xa799, 0xa79a, 0xa79b, 0xa79c, 0xa79d, 0xa79e, 0xa79f, 0xa7a0, 0xa7a1, 0xa7a2, 0xa7a3, 0xa7a4,
    0xa7a5, 0xa7a6, 0xa7a7, 0xa7a8, 0xa7a9, 0xa7aa, 0xa7b5, 0xa7b6, 0xa7b7, 0xa7b8, 0xa7b9, 0xa7ba,
    0xa7bb, 0xa7bc, 0xa7bd, 0xa7be, 0xa7bf, 0xa7c0, 0xa7c1, 0xa7c2, 0xa7c3, 0xa7c4, 0xa7c8, 0xa7c9,
    0xa7ca, 0xa7cb, 0xa7cd, 0xa7ce, 0xa7cf, 0xa7d0, 0xa7d1, 0xa7d2, 0xa7d3, 0xa7d4, 0xa7d5, 0xa7d6,
    0xa7d7, 0xa7d8, 0xa7d9, 0xa7da, 0xa7db, 0xa7dc, 0xa7f6, 0xa7f7, 0xab53, 0xab54, 0xab70, 0xabc0,
    0xfb00, 0xfb07, 0xfb13, 0xfb18, 0xff41, 0xff5b, 0x10428, 0x10450, 0x104d8, 0x104fc, 0x10597, 0x105a2,
    0x105a3, 0x105b2, 0x105b3, 0x105ba, 0x105bb, 0x105bd, 0x10cc0, 0x10cf3, 0x10d70, 0x10d86, 0x118c0, 0x118e0,
    0x16e60, 0x16e80, 0x16ebb, 0x16ed4, 0x1e922, 0x1e944,
];

static BINARY_PROPERTY_CHANGES_WHEN_UPPERCASED: &[i32] = &[
    0x61, 0x7b, 0xb5, 0xb6, 0xdf, 0xf7, 0xf8, 0x100, 0x101, 0x102, 0x103, 0x104,
    0x105, 0x106, 0x107, 0x108, 0x109, 0x10a, 0x10b, 0x10c, 0x10d, 0x10e, 0x10f, 0x110,
    0x111, 0x112, 0x113, 0x114, 0x115, 0x116, 0x117, 0x118, 0x119, 0x11a, 0x11b, 0x11c,
    0x11d, 0x11e, 0x11f, 0x120, 0x121, 0x122, 0x123, 0x124, 0x125, 0x126, 0x127, 0x128,
    0x129, 0x12a, 0x12b, 0x12c, 0x12d, 0x12e, 0x12f, 0x130, 0x131, 0x132, 0x133, 0x134,
    0x135, 0x136, 0x137, 0x138, 0x13a, 0x13b, 0x13c, 0x13d, 0x13e, 0x13f, 0x140, 0x141,
    0x142, 0x143, 0x144, 0x145, 0x146, 0x147, 0x148, 0x14a, 0x14b, 0x14c, 0x14d, 0x14e,
    0x14f, 0x150, 0x151, 0x152, 0x153, 0x154, 0x155, 0x156, 0x157, 0x158, 0x159, 0x15a,
    0x15b, 0x15c, 0x15d, 0x15e, 0x15f, 0x160, 0x161, 0x162, 0x163, 0x164, 0x165, 0x166,
    0x167, 0x168, 0x169, 0x16a, 0x16b, 0x16c, 0x16d, 0x16e, 0x16f, 0x170, 0x171, 0x172,
    0x173, 0x174, 0x175, 0x176, 0x177, 0x178, 0x17a, 0x17b, 0x17c, 0x17d, 0x17e, 0x181,
    0x183, 0x184, 0x185, 0x186, 0x188, 0x189, 0x18c, 0x18d, 0x192, 0x193, 0x195, 0x196,
    0x199, 0x19c, 0x19e, 0x19f, 0x1a1, 0x1a2, 0x1a3, 0x1a4, 0x1a5, 0x1a6, 0x1a8, 0x1a9,
    0x1ad, 0x1ae, 0x1b0, 0x1b1, 0x1b4, 0x1b5, 0x1b6, 0x1b7, 0x1b9, 0x1ba, 0x1bd, 0x1be,
    0x1bf, 0x1c0, 0x1c5, 0x1c7, 0x1c8, 0x1ca, 0x1cb, 0x1cd, 0x1ce, 0x1cf, 0x1d0, 0x1d1,
    0x1d2, 0x1d3, 0x1d4, 0x1d5, 0x1d6, 0x1d7, 0x1d8, 0x1d9, 0x1da, 0x1db, 0x1dc, 0x1de,
    0x1df, 0x1e0, 0x1e1, 0x1e2, 0x1e3, 0x1e4, 0x1e5, 0x1e6, 0x1e7, 0x1e8, 0x1e9, 0x1ea,
    0x1eb, 0x1ec, 0x1ed, 0x1ee, 0x1ef, 0x1f1, 0x1f2, 0x1f4, 0x1f5, 0x1f6, 0x1f9, 0x1fa,
    0x1fb, 0x1fc, 0x1fd, 0x1fe, 0x1ff, 0x200, 0x201, 0x202, 0x203, 0x204, 0x205, 0x206,
    0x207, 0x208, 0x209, 0x20a, 0x20b, 0x20c, 0x20d, 0x20e, 0x20f, 0x210, 0x211, 0x212,
    0x213, 0x214, 0x215, 0x216, 0x217, 0x218, 0x219, 0x21a, 0x21b, 0x21c, 0x21d, 0x21e,
    0x21f, 0x220, 0x223, 0x224, 0x225, 0x226, 0x227, 0x228, 0x229, 0x22a, 0x22b, 0x22c,
    0x22d, 0x22e, 0x22f, 0x230, 0x231, 0x232, 0x233, 0x234, 0x23c, 0x23d, 0x23f, 0x241,
    0x242, 0x243, 0x247, 0x248, 0x249, 0x24a, 0x24b, 0x24c, 0x24d, 0x24e, 0x24f, 0x255,
    0x256, 0x258, 0x259, 0x25a, 0x25b, 0x25d, 0x260, 0x262, 0x263, 0x267, 0x268, 0x26d,
    0x26f, 0x270, 0x271, 0x273, 0x275, 0x276, 0x27d, 0x27e, 0x280, 0x281, 0x282, 0x284,
    0x287, 0x28d, 0x292, 0x293, 0x29d, 0x29f, 0x345, 0x346, 0x371, 0x372, 0x373, 0x374,
    0x377, 0x378, 0x37b, 0x37e, 0x390, 0x391, 0x3ac, 0x3cf, 0x3d0, 0x3d2, 0x3d5, 0x3d8,
    0x3d9, 0x3da, 0x3db, 0x3dc, 0x3dd, 0x3de, 0x3df, 0x3e0, 0x3e1, 0x3e2, 0x3e3, 0x3e4,
    0x3e5, 0x3e6, 0x3e7, 0x3e8, 0x3e9, 0x3ea, 0x3eb, 0x3ec, 0x3ed, 0x3ee, 0x3ef, 0x3f4,
    0x3f5, 0x3f6, 0x3f8, 0x3f9, 0x3fb, 0x3fc, 0x430, 0x460, 0x461, 0x462, 0x463, 0x464,
    0x465, 0x466, 0x467, 0x468, 0x469, 0x46a, 0x46b, 0x46c, 0x46d, 0x46e, 0x46f, 0x470,
    0x471, 0x472, 0x473, 0x474, 0x475, 0x476, 0x477, 0x478, 0x479, 0x47a, 0x47b, 0x47c,
    0x47d, 0x47e, 0x47f, 0x480, 0x481, 0x482, 0x48b, 0x48c, 0x48d, 0x48e, 0x48f, 0x490,
    0x491, 0x492, 0x493, 0x494, 0x495, 0x496, 0x497, 0x498, 0x499, 0x49a, 0x49b, 0x49c,
    0x49d, 0x49e, 0x49f, 0x4a0, 0x4a1, 0x4a2, 0x4a3, 0x4a4, 0x4a5, 0x4a6, 0x4a7, 0x4a8,
    0x4a9, 0x4aa, 0x4ab, 0x4ac, 0x4ad, 0x4ae, 0x4af, 0x4b0, 0x4b1, 0x4b2, 0x4b3, 0x4b4,
    0x4b5, 0x4b6, 0x4b7, 0x4b8, 0x4b9, 0x4ba, 0x4bb, 0x4bc, 0x4bd, 0x4be, 0x4bf, 0x4c0,
    0x4c2, 0x4c3, 0x4c4, 0x4c5, 0x4c6, 0x4c7, 0x4c8, 0x4c9, 0x4ca, 0x4cb, 0x4cc, 0x4cd,
    0x4ce, 0x4d0, 0x4d1, 0x4d2, 0x4d3, 0x4d4, 0x4d5, 0x4d6, 0x4d7, 0x4d8, 0x4d9, 0x4da,
    0x4db, 0x4dc, 0x4dd, 0x4de, 0x4df, 0x4e0, 0x4e1, 0x4e2, 0x4e3, 0x4e4, 0x4e5, 0x4e6,
    0x4e7, 0x4e8, 0x4e9, 0x4ea, 0x4eb, 0x4ec, 0x4ed, 0x4ee, 0x4ef, 0x4f0, 0x4f1, 0x4f2,
    0x4f3, 0x4f4, 0x4f5, 0x4f6, 0x4f7, 0x4f8, 0x4f9, 0x4fa, 0x4fb, 0x4fc, 0x4fd, 0x4fe,
    0x4ff, 0x500, 0x501, 0x502, 0x503, 0x504, 0x505, 0x506, 0x507, 0x508, 0x509, 0x50a,
    0x50b, 0x50c, 0x50d, 0x50e, 0x50f, 0x510, 0x511, 0x512, 0x513, 0x514, 0x515, 0x516,
    0x517, 0x518, 0x519, 0x51a, 0x51b, 0x51c, 0x51d, 0x51e, 0x51f, 0x520, 0x521, 0x522,
    0x523, 0x524, 0x525, 0x526, 0x527, 0x528, 0x529, 0x52a, 0x52b, 0x52c, 0x52d, 0x52e,
    0x52f, 0x530, 0x561, 0x588, 0x10d0, 0x10fb, 0x10fd, 0x1100, 0x13f8, 0x13fe, 0x1c80, 0x1c89,
    0x1c8a, 0x1c8b, 0x1d79, 0x1d7a, 0x1d7d, 0x1d7e, 0x1d8e, 0x1d8f, 0x1e01, 0x1e02, 0x1e03, 0x1e04,
    0x1e05, 0x1e06, 0x1e07, 0x1e08, 0x1e09, 0x1e0a, 0x1e0b, 0x1e0c, 0x1e0d, 0x1e0e, 0x1e0f, 0x1e10,
    0x1e11, 0x1e12, 0x1e13, 0x1e14, 0x1e15, 0x1e16, 0x1e17, 0x1e18, 0x1e19, 0x1e1a, 0x1e1b, 0x1e1c,
    0x1e1d, 0x1e1e, 0x1e1f, 0x1e20, 0x1e21, 0x1e22, 0x1e23, 0x1e24, 0x1e25, 0x1e26, 0x1e27, 0x1e28,
    0x1e29, 0x1e2a, 0x1e2b, 0x1e2c, 0x1e2d, 0x1e2e, 0x1e2f, 0x1e30, 0x1e31, 0x1e32, 0x1e33, 0x1e34,
    0x1e35, 0x1e36, 0x1e37, 0x1e38, 0x1e39, 0x1e3a, 0x1e3b, 0x1e3c, 0x1e3d, 0x1e3e, 0x1e3f, 0x1e40,
    0x1e41, 0x1e42, 0x1e43, 0x1e44, 0x1e45, 0x1e46, 0x1e47, 0x1e48, 0x1e49, 0x1e4a, 0x1e4b, 0x1e4c,
    0x1e4d, 0x1e4e, 0x1e4f, 0x1e50, 0x1e51, 0x1e52, 0x1e53, 0x1e54, 0x1e55, 0x1e56, 0x1e57, 0x1e58,
    0x1e59, 0x1e5a, 0x1e5b, 0x1e5c, 0x1e5d, 0x1e5e, 0x1e5f, 0x1e60, 0x1e61, 0x1e62, 0x1e63, 0x1e64,
    0x1e65, 0x1e66, 0x1e67, 0x1e68, 0x1e69, 0x1e6a, 0x1e6b, 0x1e6c, 0x1e6d, 0x1e6e, 0x1e6f, 0x1e70,
    0x1e71, 0x1e72, 0x1e73, 0x1e74, 0x1e75, 0x1e76, 0x1e77, 0x1e78, 0x1e79, 0x1e7a, 0x1e7b, 0x1e7c,
    0x1e7d, 0x1e7e, 0x1e7f, 0x1e80, 0x1e81, 0x1e82, 0x1e83, 0x1e84, 0x1e85, 0x1e86, 0x1e87, 0x1e88,
    0x1e89, 0x1e8a, 0x1e8b, 0x1e8c, 0x1e8d, 0x1e8e, 0x1e8f, 0x1e90, 0x1e91, 0x1e92, 0x1e93, 0x1e94,
    0x1e95, 0x1e9c, 0x1ea1, 0x1ea2, 0x1ea3, 0x1ea4, 0x1ea5, 0x1ea6, 0x1ea7, 0x1ea8, 0x1ea9, 0x1eaa,
    0x1eab, 0x1eac, 0x1ead, 0x1eae, 0x1eaf, 0x1eb0, 0x1eb1, 0x1eb2, 0x1eb3, 0x1eb4, 0x1eb5, 0x1eb6,
    0x1eb7, 0x1eb8, 0x1eb9, 0x1eba, 0x1ebb, 0x1ebc, 0x1ebd, 0x1ebe, 0x1ebf, 0x1ec0, 0x1ec1, 0x1ec2,
    0x1ec3, 0x1ec4, 0x1ec5, 0x1ec6, 0x1ec7, 0x1ec8, 0x1ec9, 0x1eca, 0x1ecb, 0x1ecc, 0x1ecd, 0x1ece,
    0x1ecf, 0x1ed0, 0x1ed1, 0x1ed2, 0x1ed3, 0x1ed4, 0x1ed5, 0x1ed6, 0x1ed7, 0x1ed8, 0x1ed9, 0x1eda,
    0x1edb, 0x1edc, 0x1edd, 0x1ede, 0x1edf, 0x1ee0, 0x1ee1, 0x1ee2, 0x1ee3, 0x1ee4, 0x1ee5, 0x1ee6,
    0x1ee7, 0x1ee8, 0x1ee9, 0x1eea, 0x1eeb, 0x1eec, 0x1eed, 0x1eee, 0x1eef, 0x1ef0, 0x1ef1, 0x1ef2,
    0x1ef3, 0x1ef4, 0x1ef5, 0x1ef6, 0x1ef7, 0x1ef8, 0x1ef9, 0x1efa, 0x1efb, 0x1efc, 0x1efd, 0x1efe,
    0x1eff, 0x1f08, 0x1f10, 0x1f16, 0x1f20, 0x1f28, 0x1f30, 0x1f38, 0x1f40, 0x1f46, 0x1f50, 0x1f58,
    0x1f60, 0x1f68, 0x1f70, 0x1f7e, 0x1f80, 0x1fb5, 0x1fb6, 0x1fb8, 0x1fbc, 0x1fbd, 0x1fbe, 0x1fbf,
    0x1fc2, 0x1fc5, 0x1fc6, 0x1fc8, 0x1fcc, 0x1fcd, 0x1fd0, 0x1fd4, 0x1fd6, 0x1fd8, 0x1fe0, 0x1fe8,
    0x1ff2, 0x1ff5, 0x1ff6, 0x1ff8, 0x1ffc, 0x1ffd, 0x214e, 0x214f, 0x2170, 0x2180, 0x2184, 0x2185,
    0x24d0, 0x24ea, 0x2c30, 0x2c60, 0x2c61, 0x2c62, 0x2c65, 0x2c67, 0x2c68, 0x2c69, 0x2c6a, 0x2c6b,
    0x2c6c, 0x2c6d, 0x2c73, 0x2c74, 0x2c76, 0x2c77, 0x2c81, 0x2c82, 0x2c83, 0x2c84, 0x2c85, 0x2c86,
    0x2c87, 0x2c88, 0x2c89, 0x2c8a, 0x2c8b, 0x2c8c, 0x2c8d, 0x2c8e, 0x2c8f, 0x2c90, 0x2c91, 0x2c92,
    0x2c93, 0x2c94, 0x2c95, 0x2c96, 0x2c97, 0x2c98, 0x2c99, 0x2c9a, 0x2c9b, 0x2c9c, 0x2c9d, 0x2c9e,
    0x2c9f, 0x2ca0, 0x2ca1, 0x2ca2, 0x2ca3, 0x2ca4, 0x2ca5, 0x2ca6, 0x2ca7, 0x2ca8, 0x2ca9, 0x2caa,
    0x2cab, 0x2cac, 0x2cad, 0x2cae, 0x2caf, 0x2cb0, 0x2cb1, 0x2cb2, 0x2cb3, 0x2cb4, 0x2cb5, 0x2cb6,
    0x2cb7, 0x2cb8, 0x2cb9, 0x2cba, 0x2cbb, 0x2cbc, 0x2cbd, 0x2cbe, 0x2cbf, 0x2cc0, 0x2cc1, 0x2cc2,
    0x2cc3, 0x2cc4, 0x2cc5, 0x2cc6, 0x2cc7, 0x2cc8, 0x2cc9, 0x2cca, 0x2ccb, 0x2ccc, 0x2ccd, 0x2cce,
    0x2ccf, 0x2cd0, 0x2cd1, 0x2cd2, 0x2cd3, 0x2cd4, 0x2cd5, 0x2cd6, 0x2cd7, 0x2cd8, 0x2cd9, 0x2cda,
    0x2cdb, 0x2cdc, 0x2cdd, 0x2cde, 0x2cdf, 0x2ce0, 0x2ce1, 0x2ce2, 0x2ce3, 0x2ce4, 0x2cec, 0x2ced,
    0x2cee, 0x2cef, 0x2cf3, 0x2cf4, 0x2d00, 0x2d26, 0x2d27, 0x2d28, 0x2d2d, 0x2d2e, 0xa641, 0xa642,
    0xa643, 0xa644, 0xa645, 0xa646, 0xa647, 0xa648, 0xa649, 0xa64a, 0xa64b, 0xa64c, 0xa64d, 0xa64e,
    0xa64f, 0xa650, 0xa651, 0xa652, 0xa653, 0xa654, 0xa655, 0xa656, 0xa657, 0xa658, 0xa659, 0xa65a,
    0xa65b, 0xa65c, 0xa65d, 0xa65e, 0xa65f, 0xa660, 0xa661, 0xa662, 0xa663, 0xa664, 0xa665, 0xa666,
    0xa667, 0xa668, 0xa669, 0xa66a, 0xa66b, 0xa66c, 0xa66d, 0xa66e, 0xa681, 0xa682, 0xa683, 0xa684,
    0xa685, 0xa686, 0xa687, 0xa688, 0xa689, 0xa68a, 0xa68b, 0xa68c, 0xa68d, 0xa68e, 0xa68f, 0xa690,
    0xa691, 0xa692, 0xa693, 0xa694, 0xa695, 0xa696, 0xa697, 0xa698, 0xa699, 0xa69a, 0xa69b, 0xa69c,
    0xa723, 0xa724, 0xa725, 0xa726, 0xa727, 0xa728, 0xa729, 0xa72a, 0xa72b, 0xa72c, 0xa72d, 0xa72e,
    0xa72f, 0xa730, 0xa733, 0xa734, 0xa735, 0xa736, 0xa737, 0xa738, 0xa739, 0xa73a, 0xa73b, 0xa73c,
    0xa73d, 0xa73e, 0xa73f, 0xa740, 0xa741, 0xa742, 0xa743, 0xa744, 0xa745, 0xa746, 0xa747, 0xa748,
    0xa749, 0xa74a, 0xa74b, 0xa74c, 0xa74d, 0xa74e, 0xa74f, 0xa750, 0xa751, 0xa752, 0xa753, 0xa754,
    0xa755, 0xa756, 0xa757, 0xa758, 0xa759, 0xa75a, 0xa75b, 0xa75c, 0xa75d, 0xa75e, 0xa75f, 0xa760,
    0xa761, 0xa762, 0xa763, 0xa764, 0xa765, 0xa766, 0xa767, 0xa768, 0xa769, 0xa76a, 0xa76b, 0xa76c,
    0xa76d, 0xa76e, 0xa76f, 0xa770, 0xa77a, 0xa77b, 0xa77c, 0xa77d, 0xa77f, 0xa780, 0xa781, 0xa782,
    0xa783, 0xa784, 0xa785, 0xa786, 0xa787, 0xa788, 0xa78c, 0xa78d, 0xa791, 0xa792, 0xa793, 0xa795,
    0xa797, 0xa798, 0xa799, 0xa79a, 0xa79b, 0xa79c, 0xa79d, 0xa79e, 0xa79f, 0xa7a0, 0xa7a1, 0xa7a2,
    0xa7a3, 0xa7a4, 0xa7a5, 0xa7a6, 0xa7a7, 0xa7a8, 0xa7a9, 0xa7aa, 0xa7b5, 0xa7b6, 0xa7b7, 0xa7b8,
    0xa7b9, 0xa7ba, 0xa7bb, 0xa7bc, 0xa7bd, 0xa7be, 0xa7bf, 0xa7c0, 0xa7c1, 0xa7c2, 0xa7c3, 0xa7c4,
    0xa7c8, 0xa7c9, 0xa7ca, 0xa7cb, 0xa7cd, 0xa7ce, 0xa7cf, 0xa7d0, 0xa7d1, 0xa7d2, 0xa7d3, 0xa7d4,
    0xa7d5, 0xa7d6, 0xa7d7, 0xa7d8, 0xa7d9, 0xa7da, 0xa7db, 0xa7dc, 0xa7f6, 0xa7f7, 0xab53, 0xab54,
    0xab70, 0xabc0, 0xfb00, 0xfb07, 0xfb13, 0xfb18, 0xff41, 0xff5b, 0x10428, 0x10450, 0x104d8, 0x104fc,
    0x10597, 0x105a2, 0x105a3, 0x105b2, 0x105b3, 0x105ba, 0x105bb, 0x105bd, 0x10cc0, 0x10cf3, 0x10d70, 0x10d86,
    0x118c0, 0x118e0, 0x16e60, 0x16e80, 0x16ebb, 0x16ed4, 0x1e922, 0x1e944,
];

static BINARY_PROPERTY_DASH: &[i32] = &[
    0x2d, 0x2e, 0x58a, 0x58b, 0x5be, 0x5bf, 0x1400, 0x1401, 0x1806, 0x1807, 0x2010, 0x2016,
    0x2053, 0x2054, 0x207b, 0x207c, 0x208b, 0x208c, 0x2212, 0x2213, 0x2e17, 0x2e18, 0x2e1a, 0x2e1b,
    0x2e3a, 0x2e3c, 0x2e40, 0x2e41, 0x2e5d, 0x2e5e, 0x301c, 0x301d, 0x3030, 0x3031, 0x30a0, 0x30a1,
    0xfe31, 0xfe33, 0xfe58, 0xfe59, 0xfe63, 0xfe64, 0xff0d, 0xff0e, 0x10d6e, 0x10d6f, 0x10ead, 0x10eae,
];

static BINARY_PROPERTY_DEFAULT_IGNORABLE_CODE_POINT: &[i32] = &[
    0xad, 0xae, 0x34f, 0x350, 0x61c, 0x61d, 0x115f, 0x1161, 0x17b4, 0x17b6, 0x180b, 0x1810,
    0x200b, 0x2010, 0x202a, 0x202f, 0x2060, 0x2070, 0x3164, 0x3165, 0xfe00, 0xfe10, 0xfeff, 0xff00,
    0xffa0, 0xffa1, 0xfff0, 0xfff9, 0x1bca0, 0x1bca4, 0x1d173, 0x1d17b, 0xe0000, 0xe1000,
];

static BINARY_PROPERTY_DEPRECATED: &[i32] = &[
    0x149, 0x14a, 0x673, 0x674, 0xf77, 0xf78, 0xf79, 0xf7a, 0x17a3, 0x17a5, 0x206a, 0x2070,
    0x2329, 0x232b, 0xe0001, 0xe0002,
];

static BINARY_PROPERTY_DIACRITIC: &[i32] = &[
    0x5e, 0x5f, 0x60, 0x61, 0xa8, 0xa9, 0xaf, 0xb0, 0xb4, 0xb5, 0xb7, 0xb9,
    0x2b0, 0x34f, 0x350, 0x358, 0x35d, 0x363, 0x374, 0x376, 0x37a, 0x37b, 0x384, 0x386,
    0x483, 0x488, 0x559, 0x55a, 0x591, 0x5be, 0x5bf, 0x5c0, 0x5c1, 0x5c3, 0x5c4, 0x5c6,
    0x5c7, 0x5c8, 0x64b, 0x653, 0x657, 0x659, 0x6df, 0x6e1, 0x6e5, 0x6e7, 0x6ea, 0x6ed,
    0x730, 0x74b, 0x7a6, 0x7b1, 0x7eb, 0x7f6, 0x818, 0x81a, 0x898, 0x8a0, 0x8c9, 0x8d3,
    0x8e3, 0x8ff, 0x93c, 0x93d, 0x94d, 0x94e, 0x951, 0x955, 0x971, 0x972, 0x9bc, 0x9bd,
    0x9cd, 0x9ce, 0xa3c, 0xa3d, 0xa4d, 0xa4e, 0xabc, 0xabd, 0xacd, 0xace, 0xafd, 0xb00,
    0xb3c, 0xb3d, 0xb4d, 0xb4e, 0xb55, 0xb56, 0xbcd, 0xbce, 0xc3c, 0xc3d, 0xc4d, 0xc4e,
    0xcbc, 0xcbd, 0xccd, 0xcce, 0xd3b, 0xd3d, 0xd4d, 0xd4e, 0xdca, 0xdcb, 0xe3a, 0xe3b,
    0xe47, 0xe4d, 0xe4e, 0xe4f, 0xeba, 0xebb, 0xec8, 0xecd, 0xf18, 0xf1a, 0xf35, 0xf36,
    0xf37, 0xf38, 0xf39, 0xf3a, 0xf3e, 0xf40, 0xf82, 0xf85, 0xf86, 0xf88, 0xfc6, 0xfc7,
    0x1037, 0x1038, 0x1039, 0x103b, 0x1063, 0x1065, 0x1069, 0x106e, 0x1087, 0x108e, 0x108f, 0x1090,
    0x109a, 0x109c, 0x135d, 0x1360, 0x1714, 0x1716, 0x1734, 0x1735, 0x17c9, 0x17d4, 0x17dd, 0x17de,
    0x1939, 0x193c, 0x1a60, 0x1a61, 0x1a75, 0x1a7d, 0x1a7f, 0x1a80, 0x1ab0, 0x1abf, 0x1ac1, 0x1acc,
    0x1acf, 0x1ade, 0x1ae0, 0x1aec, 0x1b34, 0x1b35, 0x1b44, 0x1b45, 0x1b6b, 0x1b74, 0x1baa, 0x1bac,
    0x1be6, 0x1be7, 0x1bf2, 0x1bf4, 0x1c36, 0x1c38, 0x1c78, 0x1c7e, 0x1cd0, 0x1ce9, 0x1ced, 0x1cee,
    0x1cf4, 0x1cf5, 0x1cf7, 0x1cfa, 0x1d2c, 0x1d6b, 0x1d9b, 0x1dbf, 0x1dc4, 0x1dd0, 0x1df5, 0x1e00,
    0x1fbd, 0x1fbe, 0x1fbf, 0x1fc2, 0x1fcd, 0x1fd0, 0x1fdd, 0x1fe0, 0x1fed, 0x1ff0, 0x1ffd, 0x1fff,
    0x2cef, 0x2cf2, 0x2e2f, 0x2e30, 0x302a, 0x3030, 0x3099, 0x309d, 0x30fc, 0x30fd, 0xa66f, 0xa670,
    0xa67c, 0xa67e, 0xa67f, 0xa680, 0xa69c, 0xa69e, 0xa6f0, 0xa6f2, 0xa700, 0xa722, 0xa788, 0xa78b,
    0xa7f1, 0xa7f2, 0xa7f8, 0xa7fa, 0xa806, 0xa807, 0xa82c, 0xa82d, 0xa8c4, 0xa8c5, 0xa8e0, 0xa8f2,
    0xa92b, 0xa92f, 0xa953, 0xa954, 0xa9b3, 0xa9b4, 0xa9c0, 0xa9c1, 0xa9e5, 0xa9e6, 0xaa7b, 0xaa7e,
    0xaabf, 0xaac3, 0xaaf6, 0xaaf7, 0xab5b, 0xab60, 0xab69, 0xab6c, 0xabec, 0xabee, 0xfb1e, 0xfb1f,
    0xfe20, 0xfe30, 0xff3e, 0xff3f, 0xff40, 0xff41, 0xff70, 0xff71, 0xff9e, 0xffa0, 0xffe3, 0xffe4,
    0x102e0, 0x102e1, 0x10780, 0x10786, 0x10787, 0x107b1, 0x107b2, 0x107bb, 0x10a38, 0x10a3b, 0x10a3f, 0x10a40,
    0x10ae5, 0x10ae7, 0x10d22, 0x10d28, 0x10d4e, 0x10d4f, 0x10d69, 0x10d6e, 0x10efa, 0x10efb, 0x10efd, 0x10f00,
    0x10f46, 0x10f51, 0x10f82, 0x10f86, 0x11046, 0x11047, 0x11070, 0x11071, 0x110b9, 0x110bb, 0x11133, 0x11135,
    0x11173, 0x11174, 0x111c0, 0x111c1, 0x111ca, 0x111cd, 0x11235, 0x11237, 0x112e9, 0x112eb, 0x1133b, 0x1133d,
    0x1134d, 0x1134e, 0x11366, 0x1136d, 0x11370, 0x11375, 0x113ce, 0x113d1, 0x113d2, 0x113d4, 0x113e1, 0x113e3,
    0x11442, 0x11443, 0x11446, 0x11447, 0x114c2, 0x114c4, 0x115bf, 0x115c1, 0x1163f, 0x11640, 0x116b6, 0x116b8,
    0x1172b, 0x1172c, 0x11839, 0x1183b, 0x1193d, 0x1193f, 0x11943, 0x11944, 0x119e0, 0x119e1, 0x11a34, 0x11a35,
    0x11a47, 0x11a48, 0x11a99, 0x11a9a, 0x11c3f, 0x11c40, 0x11d42, 0x11d43, 0x11d44, 0x11d46, 0x11d97, 0x11d98,
    0x11dd9, 0x11dda, 0x11f41, 0x11f43, 0x11f5a, 0x11f5b, 0x13447, 0x13456, 0x1612f, 0x16130, 0x16af0, 0x16af5,
    0x16b30, 0x16b37, 0x16d6b, 0x16d6d, 0x16f8f, 0x16fa0, 0x16ff0, 0x16ff2, 0x1aff0, 0x1aff4, 0x1aff5, 0x1affc,
    0x1affd, 0x1afff, 0x1cf00, 0x1cf2e, 0x1cf30, 0x1cf47, 0x1d167, 0x1d16a, 0x1d16d, 0x1d173, 0x1d17b, 0x1d183,
    0x1d185, 0x1d18c, 0x1d1aa, 0x1d1ae, 0x1e030, 0x1e06e, 0x1e130, 0x1e137, 0x1e2ae, 0x1e2af, 0x1e2ec, 0x1e2f0,
    0x1e5ee, 0x1e5f0, 0x1e8d0, 0x1e8d7, 0x1e944, 0x1e947, 0x1e948, 0x1e94b,
];

static BINARY_PROPERTY_EMOJI: &[i32] = &[
    0x23, 0x24, 0x2a, 0x2b, 0x30, 0x3a, 0xa9, 0xaa, 0xae, 0xaf, 0x203c, 0x203d,
    0x2049, 0x204a, 0x2122, 0x2123, 0x2139, 0x213a, 0x2194, 0x219a, 0x21a9, 0x21ab, 0x231a, 0x231c,
    0x2328, 0x2329, 0x23cf, 0x23d0, 0x23e9, 0x23f4, 0x23f8, 0x23fb, 0x24c2, 0x24c3, 0x25aa, 0x25ac,
    0x25b6, 0x25b7, 0x25c0, 0x25c1, 0x25fb, 0x25ff, 0x2600, 0x2605, 0x260e, 0x260f, 0x2611, 0x2612,
    0x2614, 0x2616, 0x2618, 0x2619, 0x261d, 0x261e, 0x2620, 0x2621, 0x2622, 0x2624, 0x2626, 0x2627,
    0x262a, 0x262b, 0x262e, 0x2630, 0x2638, 0x263b, 0x2640, 0x2641, 0x2642, 0x2643, 0x2648, 0x2654,
    0x265f, 0x2661, 0x2663, 0x2664, 0x2665, 0x2667, 0x2668, 0x2669, 0x267b, 0x267c, 0x267e, 0x2680,
    0x2692, 0x2698, 0x2699, 0x269a, 0x269b, 0x269d, 0x26a0, 0x26a2, 0x26a7, 0x26a8, 0x26aa, 0x26ac,
    0x26b0, 0x26b2, 0x26bd, 0x26bf, 0x26c4, 0x26c6, 0x26c8, 0x26c9, 0x26ce, 0x26d0, 0x26d1, 0x26d2,
    0x26d3, 0x26d5, 0x26e9, 0x26eb, 0x26f0, 0x26f6, 0x26f7, 0x26fb, 0x26fd, 0x26fe, 0x2702, 0x2703,
    0x2705, 0x2706, 0x2708, 0x270e, 0x270f, 0x2710, 0x2712, 0x2713, 0x2714, 0x2715, 0x2716, 0x2717,
    0x271d, 0x271e, 0x2721, 0x2722, 0x2728, 0x2729, 0x2733, 0x2735, 0x2744, 0x2745, 0x2747, 0x2748,
    0x274c, 0x274d, 0x274e, 0x274f, 0x2753, 0x2756, 0x2757, 0x2758, 0x2763, 0x2765, 0x2795, 0x2798,
    0x27a1, 0x27a2, 0x27b0, 0x27b1, 0x27bf, 0x27c0, 0x2934, 0x2936, 0x2b05, 0x2b08, 0x2b1b, 0x2b1d,
    0x2b50, 0x2b51, 0x2b55, 0x2b56, 0x3030, 0x3031, 0x303d, 0x303e, 0x3297, 0x3298, 0x3299, 0x329a,
    0x1f004, 0x1f005, 0x1f0cf, 0x1f0d0, 0x1f170, 0x1f172, 0x1f17e, 0x1f180, 0x1f18e, 0x1f18f, 0x1f191, 0x1f19b,
    0x1f1e6, 0x1f200, 0x1f201, 0x1f203, 0x1f21a, 0x1f21b, 0x1f22f, 0x1f230, 0x1f232, 0x1f23b, 0x1f250, 0x1f252,
    0x1f300, 0x1f322, 0x1f324, 0x1f394, 0x1f396, 0x1f398, 0x1f399, 0x1f39c, 0x1f39e, 0x1f3f1, 0x1f3f3, 0x1f3f6,
    0x1f3f7, 0x1f4fe, 0x1f4ff, 0x1f53e, 0x1f549, 0x1f54f, 0x1f550, 0x1f568, 0x1f56f, 0x1f571, 0x1f573, 0x1f57b,
    0x1f587, 0x1f588, 0x1f58a, 0x1f58e, 0x1f590, 0x1f591, 0x1f595, 0x1f597, 0x1f5a4, 0x1f5a6, 0x1f5a8, 0x1f5a9,
    0x1f5b1, 0x1f5b3, 0x1f5bc, 0x1f5bd, 0x1f5c2, 0x1f5c5, 0x1f5d1, 0x1f5d4, 0x1f5dc, 0x1f5df, 0x1f5e1, 0x1f5e2,
    0x1f5e3, 0x1f5e4, 0x1f5e8, 0x1f5e9, 0x1f5ef, 0x1f5f0, 0x1f5f3, 0x1f5f4, 0x1f5fa, 0x1f650, 0x1f680, 0x1f6c6,
    0x1f6cb, 0x1f6d3, 0x1f6d5, 0x1f6d9, 0x1f6dc, 0x1f6e6, 0x1f6e9, 0x1f6ea, 0x1f6eb, 0x1f6ed, 0x1f6f0, 0x1f6f1,
    0x1f6f3, 0x1f6fd, 0x1f7e0, 0x1f7ec, 0x1f7f0, 0x1f7f1, 0x1f90c, 0x1f93b, 0x1f93c, 0x1f946, 0x1f947, 0x1fa00,
    0x1fa70, 0x1fa7d, 0x1fa80, 0x1fa8b, 0x1fa8e, 0x1fac7, 0x1fac8, 0x1fac9, 0x1facd, 0x1fadd, 0x1fadf, 0x1faeb,
    0x1faef, 0x1faf9,
];

static BINARY_PROPERTY_EMOJI_COMPONENT: &[i32] = &[
    0x23, 0x24, 0x2a, 0x2b, 0x30, 0x3a, 0x200d, 0x200e, 0x20e3, 0x20e4, 0xfe0f, 0xfe10,
    0x1f1e6, 0x1f200, 0x1f3fb, 0x1f400, 0x1f9b0, 0x1f9b4, 0xe0020, 0xe0080,
];

static BINARY_PROPERTY_EMOJI_MODIFIER: &[i32] = &[
    0x1f3fb, 0x1f400,
];

static BINARY_PROPERTY_EMOJI_MODIFIER_BASE: &[i32] = &[
    0x261d, 0x261e, 0x26f9, 0x26fa, 0x270a, 0x270e, 0x1f385, 0x1f386, 0x1f3c2, 0x1f3c5, 0x1f3c7, 0x1f3c8,
    0x1f3ca, 0x1f3cd, 0x1f442, 0x1f444, 0x1f446, 0x1f451, 0x1f466, 0x1f479, 0x1f47c, 0x1f47d, 0x1f481, 0x1f484,
    0x1f485, 0x1f488, 0x1f48f, 0x1f490, 0x1f491, 0x1f492, 0x1f4aa, 0x1f4ab, 0x1f574, 0x1f576, 0x1f57a, 0x1f57b,
    0x1f590, 0x1f591, 0x1f595, 0x1f597, 0x1f645, 0x1f648, 0x1f64b, 0x1f650, 0x1f6a3, 0x1f6a4, 0x1f6b4, 0x1f6b7,
    0x1f6c0, 0x1f6c1, 0x1f6cc, 0x1f6cd, 0x1f90c, 0x1f90d, 0x1f90f, 0x1f910, 0x1f918, 0x1f920, 0x1f926, 0x1f927,
    0x1f930, 0x1f93a, 0x1f93c, 0x1f93f, 0x1f977, 0x1f978, 0x1f9b5, 0x1f9b7, 0x1f9b8, 0x1f9ba, 0x1f9bb, 0x1f9bc,
    0x1f9cd, 0x1f9d0, 0x1f9d1, 0x1f9de, 0x1fac3, 0x1fac6, 0x1faf0, 0x1faf9,
];

static BINARY_PROPERTY_EMOJI_PRESENTATION: &[i32] = &[
    0x231a, 0x231c, 0x23e9, 0x23ed, 0x23f0, 0x23f1, 0x23f3, 0x23f4, 0x25fd, 0x25ff, 0x2614, 0x2616,
    0x2648, 0x2654, 0x267f, 0x2680, 0x2693, 0x2694, 0x26a1, 0x26a2, 0x26aa, 0x26ac, 0x26bd, 0x26bf,
    0x26c4, 0x26c6, 0x26ce, 0x26cf, 0x26d4, 0x26d5, 0x26ea, 0x26eb, 0x26f2, 0x26f4, 0x26f5, 0x26f6,
    0x26fa, 0x26fb, 0x26fd, 0x26fe, 0x2705, 0x2706, 0x270a, 0x270c, 0x2728, 0x2729, 0x274c, 0x274d,
    0x274e, 0x274f, 0x2753, 0x2756, 0x2757, 0x2758, 0x2795, 0x2798, 0x27b0, 0x27b1, 0x27bf, 0x27c0,
    0x2b1b, 0x2b1d, 0x2b50, 0x2b51, 0x2b55, 0x2b56, 0x1f004, 0x1f005, 0x1f0cf, 0x1f0d0, 0x1f18e, 0x1f18f,
    0x1f191, 0x1f19b, 0x1f1e6, 0x1f200, 0x1f201, 0x1f202, 0x1f21a, 0x1f21b, 0x1f22f, 0x1f230, 0x1f232, 0x1f237,
    0x1f238, 0x1f23b, 0x1f250, 0x1f252, 0x1f300, 0x1f321, 0x1f32d, 0x1f336, 0x1f337, 0x1f37d, 0x1f37e, 0x1f394,
    0x1f3a0, 0x1f3cb, 0x1f3cf, 0x1f3d4, 0x1f3e0, 0x1f3f1, 0x1f3f4, 0x1f3f5, 0x1f3f8, 0x1f43f, 0x1f440, 0x1f441,
    0x1f442, 0x1f4fd, 0x1f4ff, 0x1f53e, 0x1f54b, 0x1f54f, 0x1f550, 0x1f568, 0x1f57a, 0x1f57b, 0x1f595, 0x1f597,
    0x1f5a4, 0x1f5a5, 0x1f5fb, 0x1f650, 0x1f680, 0x1f6c6, 0x1f6cc, 0x1f6cd, 0x1f6d0, 0x1f6d3, 0x1f6d5, 0x1f6d9,
    0x1f6dc, 0x1f6e0, 0x1f6eb, 0x1f6ed, 0x1f6f4, 0x1f6fd, 0x1f7e0, 0x1f7ec, 0x1f7f0, 0x1f7f1, 0x1f90c, 0x1f93b,
    0x1f93c, 0x1f946, 0x1f947, 0x1fa00, 0x1fa70, 0x1fa7d, 0x1fa80, 0x1fa8b, 0x1fa8e, 0x1fac7, 0x1fac8, 0x1fac9,
    0x1facd, 0x1fadd, 0x1fadf, 0x1faeb, 0x1faef, 0x1faf9,
];

static BINARY_PROPERTY_EXTENDED_PICTOGRAPHIC: &[i32] = &[
    0xa9, 0xaa, 0xae, 0xaf, 0x203c, 0x203d, 0x2049, 0x204a, 0x2122, 0x2123, 0x2139, 0x213a,
    0x2194, 0x219a, 0x21a9, 0x21ab, 0x231a, 0x231c, 0x2328, 0x2329, 0x23cf, 0x23d0, 0x23e9, 0x23f4,
    0x23f8, 0x23fb, 0x24c2, 0x24c3, 0x25aa, 0x25ac, 0x25b6, 0x25b7, 0x25c0, 0x25c1, 0x25fb, 0x25ff,
    0x2600, 0x2605, 0x260e, 0x260f, 0x2611, 0x2612, 0x2614, 0x2616, 0x2618, 0x2619, 0x261d, 0x261e,
    0x2620, 0x2621, 0x2622, 0x2624, 0x2626, 0x2627, 0x262a, 0x262b, 0x262e, 0x2630, 0x2638, 0x263b,
    0x2640, 0x2641, 0x2642, 0x2643, 0x2648, 0x2654, 0x265f, 0x2661, 0x2663, 0x2664, 0x2665, 0x2667,
    0x2668, 0x2669, 0x267b, 0x267c, 0x267e, 0x2680, 0x2692, 0x2698, 0x2699, 0x269a, 0x269b, 0x269d,
    0x26a0, 0x26a2, 0x26a7, 0x26a8, 0x26aa, 0x26ac, 0x26b0, 0x26b2, 0x26bd, 0x26bf, 0x26c4, 0x26c6,
    0x26c8, 0x26c9, 0x26ce, 0x26d0, 0x26d1, 0x26d2, 0x26d3, 0x26d5, 0x26e9, 0x26eb, 0x26f0, 0x26f6,
    0x26f7, 0x26fb, 0x26fd, 0x26fe, 0x2702, 0x2703, 0x2705, 0x2706, 0x2708, 0x270e, 0x270f, 0x2710,
    0x2712, 0x2713, 0x2714, 0x2715, 0x2716, 0x2717, 0x271d, 0x271e, 0x2721, 0x2722, 0x2728, 0x2729,
    0x2733, 0x2735, 0x2744, 0x2745, 0x2747, 0x2748, 0x274c, 0x274d, 0x274e, 0x274f, 0x2753, 0x2756,
    0x2757, 0x2758, 0x2763, 0x2765, 0x2795, 0x2798, 0x27a1, 0x27a2, 0x27b0, 0x27b1, 0x27bf, 0x27c0,
    0x2934, 0x2936, 0x2b05, 0x2b08, 0x2b1b, 0x2b1d, 0x2b50, 0x2b51, 0x2b55, 0x2b56, 0x3030, 0x3031,
    0x303d, 0x303e, 0x3297, 0x3298, 0x3299, 0x329a, 0x1f004, 0x1f005, 0x1f02c, 0x1f030, 0x1f094, 0x1f0a0,
    0x1f0af, 0x1f0b1, 0x1f0c0, 0x1f0c1, 0x1f0cf, 0x1f0d1, 0x1f0f6, 0x1f100, 0x1f170, 0x1f172, 0x1f17e, 0x1f180,
    0x1f18e, 0x1f18f, 0x1f191, 0x1f19b, 0x1f1ae, 0x1f1e6, 0x1f201, 0x1f210, 0x1f21a, 0x1f21b, 0x1f22f, 0x1f230,
    0x1f232, 0x1f23b, 0x1f23c, 0x1f240, 0x1f249, 0x1f260, 0x1f266, 0x1f322, 0x1f324, 0x1f394, 0x1f396, 0x1f398,
    0x1f399, 0x1f39c, 0x1f39e, 0x1f3f1, 0x1f3f3, 0x1f3f6, 0x1f3f7, 0x1f3fb, 0x1f400, 0x1f4fe, 0x1f4ff, 0x1f53e,
    0x1f549, 0x1f54f, 0x1f550, 0x1f568, 0x1f56f, 0x1f571, 0x1f573, 0x1f57b, 0x1f587, 0x1f588, 0x1f58a, 0x1f58e,
    0x1f590, 0x1f591, 0x1f595, 0x1f597, 0x1f5a4, 0x1f5a6, 0x1f5a8, 0x1f5a9, 0x1f5b1, 0x1f5b3, 0x1f5bc, 0x1f5bd,
    0x1f5c2, 0x1f5c5, 0x1f5d1, 0x1f5d4, 0x1f5dc, 0x1f5df, 0x1f5e1, 0x1f5e2, 0x1f5e3, 0x1f5e4, 0x1f5e8, 0x1f5e9,
    0x1f5ef, 0x1f5f0, 0x1f5f3, 0x1f5f4, 0x1f5fa, 0x1f650, 0x1f680, 0x1f6c6, 0x1f6cb, 0x1f6d3, 0x1f6d5, 0x1f6e6,
    0x1f6e9, 0x1f6ea, 0x1f6eb, 0x1f6f1, 0x1f6f3, 0x1f700, 0x1f7da, 0x1f800, 0x1f80c, 0x1f810, 0x1f848, 0x1f850,
    0x1f85a, 0x1f860, 0x1f888, 0x1f890, 0x1f8ae, 0x1f8b0, 0x1f8bc, 0x1f8c0, 0x1f8c2, 0x1f8d0, 0x1f8d9, 0x1f900,
    0x1f90c, 0x1f93b, 0x1f93c, 0x1f946, 0x1f947, 0x1fa00, 0x1fa58, 0x1fa60, 0x1fa6e, 0x1fb00, 0x1fc00, 0x1fffe,
];

static BINARY_PROPERTY_EXTENDER: &[i32] = &[
    0xb7, 0xb8, 0x2d0, 0x2d2, 0x640, 0x641, 0x7fa, 0x7fb, 0xa71, 0xa72, 0xafb, 0xafc,
    0xb55, 0xb56, 0xe46, 0xe47, 0xec6, 0xec7, 0x180a, 0x180b, 0x1843, 0x1844, 0x1aa7, 0x1aa8,
    0x1c36, 0x1c37, 0x1c7b, 0x1c7c, 0x3005, 0x3006, 0x3031, 0x3036, 0x309d, 0x309f, 0x30fc, 0x30ff,
    0xa015, 0xa016, 0xa60c, 0xa60d, 0xa9cf, 0xa9d0, 0xa9e6, 0xa9e7, 0xaa70, 0xaa71, 0xaadd, 0xaade,
    0xaaf3, 0xaaf5, 0xff70, 0xff71, 0x10781, 0x10783, 0x10d4e, 0x10d4f, 0x10d6a, 0x10d6b, 0x10d6f, 0x10d70,
    0x11237, 0x11238, 0x1135d, 0x1135e, 0x113d2, 0x113d4, 0x115c6, 0x115c9, 0x11a98, 0x11a99, 0x11dd9, 0x11dda,
    0x16b42, 0x16b44, 0x16fe0, 0x16fe2, 0x16fe3, 0x16fe4, 0x16ff2, 0x16ff4, 0x1e13c, 0x1e13e, 0x1e5ef, 0x1e5f0,
    0x1e944, 0x1e947,
];

static BINARY_PROPERTY_GRAPHEME_BASE: &[i32] = &[
    0x20, 0x7f, 0xa0, 0xad, 0xae, 0x300, 0x370, 0x378, 0x37a, 0x380, 0x384, 0x38b,
    0x38c, 0x38d, 0x38e, 0x3a2, 0x3a3, 0x483, 0x48a, 0x530, 0x531, 0x557, 0x559, 0x58b,
    0x58d, 0x590, 0x5be, 0x5bf, 0x5c0, 0x5c1, 0x5c3, 0x5c4, 0x5c6, 0x5c7, 0x5d0, 0x5eb,
    0x5ef, 0x5f5, 0x606, 0x610, 0x61b, 0x61c, 0x61d, 0x64b, 0x660, 0x670, 0x671, 0x6d6,
    0x6de, 0x6df, 0x6e5, 0x6e7, 0x6e9, 0x6ea, 0x6ee, 0x70e, 0x710, 0x711, 0x712, 0x730,
    0x74d, 0x7a6, 0x7b1, 0x7b2, 0x7c0, 0x7eb, 0x7f4, 0x7fb, 0x7fe, 0x816, 0x81a, 0x81b,
    0x824, 0x825, 0x828, 0x829, 0x830, 0x83f, 0x840, 0x859, 0x85e, 0x85f, 0x860, 0x86b,
    0x870, 0x890, 0x8a0, 0x8ca, 0x903, 0x93a, 0x93b, 0x93c, 0x93d, 0x941, 0x949, 0x94d,
    0x94e, 0x951, 0x958, 0x962, 0x964, 0x981, 0x982, 0x984, 0x985, 0x98d, 0x98f, 0x991,
    0x993, 0x9a9, 0x9aa, 0x9b1, 0x9b2, 0x9b3, 0x9b6, 0x9ba, 0x9bd, 0x9be, 0x9bf, 0x9c1,
    0x9c7, 0x9c9, 0x9cb, 0x9cd, 0x9ce, 0x9cf, 0x9dc, 0x9de, 0x9df, 0x9e2, 0x9e6, 0x9fe,
    0xa03, 0xa04, 0xa05, 0xa0b, 0xa0f, 0xa11, 0xa13, 0xa29, 0xa2a, 0xa31, 0xa32, 0xa34,
    0xa35, 0xa37, 0xa38, 0xa3a, 0xa3e, 0xa41, 0xa59, 0xa5d, 0xa5e, 0xa5f, 0xa66, 0xa70,
    0xa72, 0xa75, 0xa76, 0xa77, 0xa83, 0xa84, 0xa85, 0xa8e, 0xa8f, 0xa92, 0xa93, 0xaa9,
    0xaaa, 0xab1, 0xab2, 0xab4, 0xab5, 0xaba, 0xabd, 0xac1, 0xac9, 0xaca, 0xacb, 0xacd,
    0xad0, 0xad1, 0xae0, 0xae2, 0xae6, 0xaf2, 0xaf9, 0xafa, 0xb02, 0xb04, 0xb05, 0xb0d,
    0xb0f, 0xb11, 0xb13, 0xb29, 0xb2a, 0xb31, 0xb32, 0xb34, 0xb35, 0xb3a, 0xb3d, 0xb3e,
    0xb40, 0xb41, 0xb47, 0xb49, 0xb4b, 0xb4d, 0xb5c, 0xb5e, 0xb5f, 0xb62, 0xb66, 0xb78,
    0xb83, 0xb84, 0xb85, 0xb8b, 0xb8e, 0xb91, 0xb92, 0xb96, 0xb99, 0xb9b, 0xb9c, 0xb9d,
    0xb9e, 0xba0, 0xba3, 0xba5, 0xba8, 0xbab, 0xbae, 0xbba, 0xbbf, 0xbc0, 0xbc1, 0xbc3,
    0xbc6, 0xbc9, 0xbca, 0xbcd, 0xbd0, 0xbd1, 0xbe6, 0xbfb, 0xc01, 0xc04, 0xc05, 0xc0d,
    0xc0e, 0xc11, 0xc12, 0xc29, 0xc2a, 0xc3a, 0xc3d, 0xc3e, 0xc41, 0xc45, 0xc58, 0xc5b,
    0xc5c, 0xc5e, 0xc60, 0xc62, 0xc66, 0xc70, 0xc77, 0xc81, 0xc82, 0xc8d, 0xc8e, 0xc91,
    0xc92, 0xca9, 0xcaa, 0xcb4, 0xcb5, 0xcba, 0xcbd, 0xcbf, 0xcc1, 0xcc2, 0xcc3, 0xcc5,
    0xcdc, 0xcdf, 0xce0, 0xce2, 0xce6, 0xcf0, 0xcf1, 0xcf4, 0xd02, 0xd0d, 0xd0e, 0xd11,
    0xd12, 0xd3b, 0xd3d, 0xd3e, 0xd3f, 0xd41, 0xd46, 0xd49, 0xd4a, 0xd4d, 0xd4e, 0xd50,
    0xd54, 0xd57, 0xd58, 0xd62, 0xd66, 0xd80, 0xd82, 0xd84, 0xd85, 0xd97, 0xd9a, 0xdb2,
    0xdb3, 0xdbc, 0xdbd, 0xdbe, 0xdc0, 0xdc7, 0xdd0, 0xdd2, 0xdd8, 0xddf, 0xde6, 0xdf0,
    0xdf2, 0xdf5, 0xe01, 0xe31, 0xe32, 0xe34, 0xe3f, 0xe47, 0xe4f, 0xe5c, 0xe81, 0xe83,
    0xe84, 0xe85, 0xe86, 0xe8b, 0xe8c, 0xea4, 0xea5, 0xea6, 0xea7, 0xeb1, 0xeb2, 0xeb4,
    0xebd, 0xebe, 0xec0, 0xec5, 0xec6, 0xec7, 0xed0, 0xeda, 0xedc, 0xee0, 0xf00, 0xf18,
    0xf1a, 0xf35, 0xf36, 0xf37, 0xf38, 0xf39, 0xf3a, 0xf48, 0xf49, 0xf6d, 0xf7f, 0xf80,
    0xf85, 0xf86, 0xf88, 0xf8d, 0xfbe, 0xfc6, 0xfc7, 0xfcd, 0xfce, 0xfdb, 0x1000, 0x102d,
    0x1031, 0x1032, 0x1038, 0x1039, 0x103b, 0x103d, 0x103f, 0x1058, 0x105a, 0x105e, 0x1061, 0x1071,
    0x1075, 0x1082, 0x1083, 0x1085, 0x1087, 0x108d, 0x108e, 0x109d, 0x109e, 0x10c6, 0x10c7, 0x10c8,
    0x10cd, 0x10ce, 0x10d0, 0x1249, 0x124a, 0x124e, 0x1250, 0x1257, 0x1258, 0x1259, 0x125a, 0x125e,
    0x1260, 0x1289, 0x128a, 0x128e, 0x1290, 0x12b1, 0x12b2, 0x12b6, 0x12b8, 0x12bf, 0x12c0, 0x12c1,
    0x12c2, 0x12c6, 0x12c8, 0x12d7, 0x12d8, 0x1311, 0x1312, 0x1316, 0x1318, 0x135b, 0x1360, 0x137d,
    0x1380, 0x139a, 0x13a0, 0x13f6, 0x13f8, 0x13fe, 0x1400, 0x169d, 0x16a0, 0x16f9, 0x1700, 0x1712,
    0x171f, 0x1732, 0x1735, 0x1737, 0x1740, 0x1752, 0x1760, 0x176d, 0x176e, 0x1771, 0x1780, 0x17b4,
    0x17b6, 0x17b7, 0x17be, 0x17c6, 0x17c7, 0x17c9, 0x17d4, 0x17dd, 0x17e0, 0x17ea, 0x17f0, 0x17fa,
    0x1800, 0x180b, 0x1810, 0x181a, 0x1820, 0x1879, 0x1880, 0x1885, 0x1887, 0x18a9, 0x18aa, 0x18ab,
    0x18b0, 0x18f6, 0x1900, 0x191f, 0x1923, 0x1927, 0x1929, 0x192c, 0x1930, 0x1932, 0x1933, 0x1939,
    0x1940, 0x1941, 0x1944, 0x196e, 0x1970, 0x1975, 0x1980, 0x19ac, 0x19b0, 0x19ca, 0x19d0, 0x19db,
    0x19de, 0x1a17, 0x1a19, 0x1a1b, 0x1a1e, 0x1a56, 0x1a57, 0x1a58, 0x1a61, 0x1a62, 0x1a63, 0x1a65,
    0x1a6d, 0x1a73, 0x1a80, 0x1a8a, 0x1a90, 0x1a9a, 0x1aa0, 0x1aae, 0x1b04, 0x1b34, 0x1b3e, 0x1b42,
    0x1b45, 0x1b4d, 0x1b4e, 0x1b6b, 0x1b74, 0x1b80, 0x1b82, 0x1ba2, 0x1ba6, 0x1ba8, 0x1bae, 0x1be6,
    0x1be7, 0x1be8, 0x1bea, 0x1bed, 0x1bee, 0x1bef, 0x1bfc, 0x1c2c, 0x1c34, 0x1c36, 0x1c3b, 0x1c4a,
    0x1c4d, 0x1c8b, 0x1c90, 0x1cbb, 0x1cbd, 0x1cc8, 0x1cd3, 0x1cd4, 0x1ce1, 0x1ce2, 0x1ce9, 0x1ced,
    0x1cee, 0x1cf4, 0x1cf5, 0x1cf8, 0x1cfa, 0x1cfb, 0x1d00, 0x1dc0, 0x1e00, 0x1f16, 0x1f18, 0x1f1e,
    0x1f20, 0x1f46, 0x1f48, 0x1f4e, 0x1f50, 0x1f58, 0x1f59, 0x1f5a, 0x1f5b, 0x1f5c, 0x1f5d, 0x1f5e,
    0x1f5f, 0x1f7e, 0x1f80, 0x1fb5, 0x1fb6, 0x1fc5, 0x1fc6, 0x1fd4, 0x1fd6, 0x1fdc, 0x1fdd, 0x1ff0,
    0x1ff2, 0x1ff5, 0x1ff6, 0x1fff, 0x2000, 0x200b, 0x2010, 0x2028, 0x202f, 0x2060, 0x2070, 0x2072,
    0x2074, 0x208f, 0x2090, 0x209d, 0x20a0, 0x20c2, 0x2100, 0x218c, 0x2190, 0x242a, 0x2440, 0x244b,
    0x2460, 0x2b74, 0x2b76, 0x2cef, 0x2cf2, 0x2cf4, 0x2cf9, 0x2d26, 0x2d27, 0x2d28, 0x2d2d, 0x2d2e,
    0x2d30, 0x2d68, 0x2d6f, 0x2d71, 0x2d80, 0x2d97, 0x2da0, 0x2da7, 0x2da8, 0x2daf, 0x2db0, 0x2db7,
    0x2db8, 0x2dbf, 0x2dc0, 0x2dc7, 0x2dc8, 0x2dcf, 0x2dd0, 0x2dd7, 0x2dd8, 0x2ddf, 0x2e00, 0x2e5e,
    0x2e80, 0x2e9a, 0x2e9b, 0x2ef4, 0x2f00, 0x2fd6, 0x2ff0, 0x302a, 0x3030, 0x3040, 0x3041, 0x3097,
    0x309b, 0x3100, 0x3105, 0x3130, 0x3131, 0x318f, 0x3190, 0x31e6, 0x31ef, 0x321f, 0x3220, 0xa48d,
    0xa490, 0xa4c7, 0xa4d0, 0xa62c, 0xa640, 0xa66f, 0xa673, 0xa674, 0xa67e, 0xa69e, 0xa6a0, 0xa6f0,
    0xa6f2, 0xa6f8, 0xa700, 0xa7dd, 0xa7f1, 0xa802, 0xa803, 0xa806, 0xa807, 0xa80b, 0xa80c, 0xa825,
    0xa827, 0xa82c, 0xa830, 0xa83a, 0xa840, 0xa878, 0xa880, 0xa8c4, 0xa8ce, 0xa8da, 0xa8f2, 0xa8ff,
    0xa900, 0xa926, 0xa92e, 0xa947, 0xa952, 0xa953, 0xa95f, 0xa97d, 0xa983, 0xa9b3, 0xa9b4, 0xa9b6,
    0xa9ba, 0xa9bc, 0xa9be, 0xa9c0, 0xa9c1, 0xa9ce, 0xa9cf, 0xa9da, 0xa9de, 0xa9e5, 0xa9e6, 0xa9ff,
    0xaa00, 0xaa29, 0xaa2f, 0xaa31, 0xaa33, 0xaa35, 0xaa40, 0xaa43, 0xaa44, 0xaa4c, 0xaa4d, 0xaa4e,
    0xaa50, 0xaa5a, 0xaa5c, 0xaa7c, 0xaa7d, 0xaab0, 0xaab1, 0xaab2, 0xaab5, 0xaab7, 0xaab9, 0xaabe,
    0xaac0, 0xaac1, 0xaac2, 0xaac3, 0xaadb, 0xaaec, 0xaaee, 0xaaf6, 0xab01, 0xab07, 0xab09, 0xab0f,
    0xab11, 0xab17, 0xab20, 0xab27, 0xab28, 0xab2f, 0xab30, 0xab6c, 0xab70, 0xabe5, 0xabe6, 0xabe8,
    0xabe9, 0xabed, 0xabf0, 0xabfa, 0xac00, 0xd7a4, 0xd7b0, 0xd7c7, 0xd7cb, 0xd7fc, 0xf900, 0xfa6e,
    0xfa70, 0xfada, 0xfb00, 0xfb07, 0xfb13, 0xfb18, 0xfb1d, 0xfb1e, 0xfb1f, 0xfb37, 0xfb38, 0xfb3d,
    0xfb3e, 0xfb3f, 0xfb40, 0xfb42, 0xfb43, 0xfb45, 0xfb46, 0xfdd0, 0xfdf0, 0xfe00, 0xfe10, 0xfe1a,
    0xfe30, 0xfe53, 0xfe54, 0xfe67, 0xfe68, 0xfe6c, 0xfe70, 0xfe75, 0xfe76, 0xfefd, 0xff01, 0xff9e,
    0xffa0, 0xffbf, 0xffc2, 0xffc8, 0xffca, 0xffd0, 0xffd2, 0xffd8, 0xffda, 0xffdd, 0xffe0, 0xffe7,
    0xffe8, 0xffef, 0xfffc, 0xfffe, 0x10000, 0x1000c, 0x1000d, 0x10027, 0x10028, 0x1003b, 0x1003c, 0x1003e,
    0x1003f, 0x1004e, 0x10050, 0x1005e, 0x10080, 0x100fb, 0x10100, 0x10103, 0x10107, 0x10134, 0x10137, 0x1018f,
    0x10190, 0x1019d, 0x101a0, 0x101a1, 0x101d0, 0x101fd, 0x10280, 0x1029d, 0x102a0, 0x102d1, 0x102e1, 0x102fc,
    0x10300, 0x10324, 0x1032d, 0x1034b, 0x10350, 0x10376, 0x10380, 0x1039e, 0x1039f, 0x103c4, 0x103c8, 0x103d6,
    0x10400, 0x1049e, 0x104a0, 0x104aa, 0x104b0, 0x104d4, 0x104d8, 0x104fc, 0x10500, 0x10528, 0x10530, 0x10564,
    0x1056f, 0x1057b, 0x1057c, 0x1058b, 0x1058c, 0x10593, 0x10594, 0x10596, 0x10597, 0x105a2, 0x105a3, 0x105b2,
    0x105b3, 0x105ba, 0x105bb, 0x105bd, 0x105c0, 0x105f4, 0x10600, 0x10737, 0x10740, 0x10756, 0x10760, 0x10768,
    0x10780, 0x10786, 0x10787, 0x107b1, 0x107b2, 0x107bb, 0x10800, 0x10806, 0x10808, 0x10809, 0x1080a, 0x10836,
    0x10837, 0x10839, 0x1083c, 0x1083d, 0x1083f, 0x10856, 0x10857, 0x1089f, 0x108a7, 0x108b0, 0x108e0, 0x108f3,
    0x108f4, 0x108f6, 0x108fb, 0x1091c, 0x1091f, 0x1093a, 0x1093f, 0x1095a, 0x10980, 0x109b8, 0x109bc, 0x109d0,
    0x109d2, 0x10a01, 0x10a10, 0x10a14, 0x10a15, 0x10a18, 0x10a19, 0x10a36, 0x10a40, 0x10a49, 0x10a50, 0x10a59,
    0x10a60, 0x10aa0, 0x10ac0, 0x10ae5, 0x10aeb, 0x10af7, 0x10b00, 0x10b36, 0x10b39, 0x10b56, 0x10b58, 0x10b73,
    0x10b78, 0x10b92, 0x10b99, 0x10b9d, 0x10ba9, 0x10bb0, 0x10c00, 0x10c49, 0x10c80, 0x10cb3, 0x10cc0, 0x10cf3,
    0x10cfa, 0x10d24, 0x10d30, 0x10d3a, 0x10d40, 0x10d66, 0x10d6e, 0x10d86, 0x10d8e, 0x10d90, 0x10e60, 0x10e7f,
    0x10e80, 0x10eaa, 0x10ead, 0x10eae, 0x10eb0, 0x10eb2, 0x10ec2, 0x10ec8, 0x10ed0, 0x10ed9, 0x10f00, 0x10f28,
    0x10f30, 0x10f46, 0x10f51, 0x10f5a, 0x10f70, 0x10f82, 0x10f86, 0x10f8a, 0x10fb0, 0x10fcc, 0x10fe0, 0x10ff7,
    0x11000, 0x11001, 0x11002, 0x11038, 0x11047, 0x1104e, 0x11052, 0x11070, 0x11071, 0x11073, 0x11075, 0x11076,
    0x11082, 0x110b3, 0x110b7, 0x110b9, 0x110bb, 0x110bd, 0x110be, 0x110c2, 0x110d0, 0x110e9, 0x110f0, 0x110fa,
    0x11103, 0x11127, 0x1112c, 0x1112d, 0x11136, 0x11148, 0x11150, 0x11173, 0x11174, 0x11177, 0x11182, 0x111b6,
    0x111bf, 0x111c0, 0x111c1, 0x111c9, 0x111cd, 0x111cf, 0x111d0, 0x111e0, 0x111e1, 0x111f5, 0x11200, 0x11212,
    0x11213, 0x1122f, 0x11232, 0x11234, 0x11238, 0x1123e, 0x1123f, 0x11241, 0x11280, 0x11287, 0x11288, 0x11289,
    0x1128a, 0x1128e, 0x1128f, 0x1129e, 0x1129f, 0x112aa, 0x112b0, 0x112df, 0x112e0, 0x112e3, 0x112f0, 0x112fa,
    0x11302, 0x11304, 0x11305, 0x1130d, 0x1130f, 0x11311, 0x11313, 0x11329, 0x1132a, 0x11331, 0x11332, 0x11334,
    0x11335, 0x1133a, 0x1133d, 0x1133e, 0x1133f, 0x11340, 0x11341, 0x11345, 0x11347, 0x11349, 0x1134b, 0x1134d,
    0x11350, 0x11351, 0x1135d, 0x11364, 0x11380, 0x1138a, 0x1138b, 0x1138c, 0x1138e, 0x1138f, 0x11390, 0x113b6,
    0x113b7, 0x113b8, 0x113b9, 0x113bb, 0x113ca, 0x113cb, 0x113cc, 0x113ce, 0x113d1, 0x113d2, 0x113d3, 0x113d6,
    0x113d7, 0x113d9, 0x11400, 0x11438, 0x11440, 0x11442, 0x11445, 0x11446, 0x11447, 0x1145c, 0x1145d, 0x1145e,
    0x1145f, 0x11462, 0x11480, 0x114b0, 0x114b1, 0x114b3, 0x114b9, 0x114ba, 0x114bb, 0x114bd, 0x114be, 0x114bf,
    0x114c1, 0x114c2, 0x114c4, 0x114c8, 0x114d0, 0x114da, 0x11580, 0x115af, 0x115b0, 0x115b2, 0x115b8, 0x115bc,
    0x115be, 0x115bf, 0x115c1, 0x115dc, 0x11600, 0x11633, 0x1163b, 0x1163d, 0x1163e, 0x1163f, 0x11641, 0x11645,
    0x11650, 0x1165a, 0x11660, 0x1166d, 0x11680, 0x116ab, 0x116ac, 0x116ad, 0x116ae, 0x116b0, 0x116b8, 0x116ba,
    0x116c0, 0x116ca, 0x116d0, 0x116e4, 0x11700, 0x1171b, 0x1171e, 0x1171f, 0x11720, 0x11722, 0x11726, 0x11727,
    0x11730, 0x11747, 0x11800, 0x1182f, 0x11838, 0x11839, 0x1183b, 0x1183c, 0x118a0, 0x118f3, 0x118ff, 0x11907,
    0x11909, 0x1190a, 0x1190c, 0x11914, 0x11915, 0x11917, 0x11918, 0x11930, 0x11931, 0x11936, 0x11937, 0x11939,
    0x1193f, 0x11943, 0x11944, 0x11947, 0x11950, 0x1195a, 0x119a0, 0x119a8, 0x119aa, 0x119d4, 0x119dc, 0x119e0,
    0x119e1, 0x119e5, 0x11a00, 0x11a01, 0x11a0b, 0x11a33, 0x11a39, 0x11a3b, 0x11a3f, 0x11a47, 0x11a50, 0x11a51,
    0x11a57, 0x11a59, 0x11a5c, 0x11a8a, 0x11a97, 0x11a98, 0x11a9a, 0x11aa3, 0x11ab0, 0x11af9, 0x11b00, 0x11b0a,
    0x11b61, 0x11b62, 0x11b65, 0x11b66, 0x11b67, 0x11b68, 0x11bc0, 0x11be2, 0x11bf0, 0x11bfa, 0x11c00, 0x11c09,
    0x11c0a, 0x11c30, 0x11c3e, 0x11c3f, 0x11c40, 0x11c46, 0x11c50, 0x11c6d, 0x11c70, 0x11c90, 0x11ca9, 0x11caa,
    0x11cb1, 0x11cb2, 0x11cb4, 0x11cb5, 0x11d00, 0x11d07, 0x11d08, 0x11d0a, 0x11d0b, 0x11d31, 0x11d46, 0x11d47,
    0x11d50, 0x11d5a, 0x11d60, 0x11d66, 0x11d67, 0x11d69, 0x11d6a, 0x11d8f, 0x11d93, 0x11d95, 0x11d96, 0x11d97,
    0x11d98, 0x11d99, 0x11da0, 0x11daa, 0x11db0, 0x11ddc, 0x11de0, 0x11dea, 0x11ee0, 0x11ef3, 0x11ef5, 0x11ef9,
    0x11f02, 0x11f11, 0x11f12, 0x11f36, 0x11f3e, 0x11f40, 0x11f43, 0x11f5a, 0x11fb0, 0x11fb1, 0x11fc0, 0x11ff2,
    0x11fff, 0x1239a, 0x12400, 0x1246f, 0x12470, 0x12475, 0x12480, 0x12544, 0x12f90, 0x12ff3, 0x13000, 0x13430,
    0x13441, 0x13447, 0x13460, 0x143fb, 0x14400, 0x14647, 0x16100, 0x1611e, 0x1612a, 0x1612d, 0x16130, 0x1613a,
    0x16800, 0x16a39, 0x16a40, 0x16a5f, 0x16a60, 0x16a6a, 0x16a6e, 0x16abf, 0x16ac0, 0x16aca, 0x16ad0, 0x16aee,
    0x16af5, 0x16af6, 0x16b00, 0x16b30, 0x16b37, 0x16b46, 0x16b50, 0x16b5a, 0x16b5b, 0x16b62, 0x16b63, 0x16b78,
    0x16b7d, 0x16b90, 0x16d40, 0x16d7a, 0x16e40, 0x16e9b, 0x16ea0, 0x16eb9, 0x16ebb, 0x16ed4, 0x16f00, 0x16f4b,
    0x16f50, 0x16f88, 0x16f93, 0x16fa0, 0x16fe0, 0x16fe4, 0x16ff2, 0x16ff7, 0x17000, 0x18cd6, 0x18cff, 0x18d1f,
    0x18d80, 0x18df3, 0x1aff0, 0x1aff4, 0x1aff5, 0x1affc, 0x1affd, 0x1afff, 0x1b000, 0x1b123, 0x1b132, 0x1b133,
    0x1b150, 0x1b153, 0x1b155, 0x1b156, 0x1b164, 0x1b168, 0x1b170, 0x1b2fc, 0x1bc00, 0x1bc6b, 0x1bc70, 0x1bc7d,
    0x1bc80, 0x1bc89, 0x1bc90, 0x1bc9a, 0x1bc9c, 0x1bc9d, 0x1bc9f, 0x1bca0, 0x1cc00, 0x1ccfd, 0x1cd00, 0x1ceb4,
    0x1ceba, 0x1ced1, 0x1cee0, 0x1cef1, 0x1cf50, 0x1cfc4, 0x1d000, 0x1d0f6, 0x1d100, 0x1d127, 0x1d129, 0x1d165,
    0x1d16a, 0x1d16d, 0x1d183, 0x1d185, 0x1d18c, 0x1d1aa, 0x1d1ae, 0x1d1eb, 0x1d200, 0x1d242, 0x1d245, 0x1d246,
    0x1d2c0, 0x1d2d4, 0x1d2e0, 0x1d2f4, 0x1d300, 0x1d357, 0x1d360, 0x1d379, 0x1d400, 0x1d455, 0x1d456, 0x1d49d,
    0x1d49e, 0x1d4a0, 0x1d4a2, 0x1d4a3, 0x1d4a5, 0x1d4a7, 0x1d4a9, 0x1d4ad, 0x1d4ae, 0x1d4ba, 0x1d4bb, 0x1d4bc,
    0x1d4bd, 0x1d4c4, 0x1d4c5, 0x1d506, 0x1d507, 0x1d50b, 0x1d50d, 0x1d515, 0x1d516, 0x1d51d, 0x1d51e, 0x1d53a,
    0x1d53b, 0x1d53f, 0x1d540, 0x1d545, 0x1d546, 0x1d547, 0x1d54a, 0x1d551, 0x1d552, 0x1d6a6, 0x1d6a8, 0x1d7cc,
    0x1d7ce, 0x1da00, 0x1da37, 0x1da3b, 0x1da6d, 0x1da75, 0x1da76, 0x1da84, 0x1da85, 0x1da8c, 0x1df00, 0x1df1f,
    0x1df25, 0x1df2b, 0x1e030, 0x1e06e, 0x1e100, 0x1e12d, 0x1e137, 0x1e13e, 0x1e140, 0x1e14a, 0x1e14e, 0x1e150,
    0x1e290, 0x1e2ae, 0x1e2c0, 0x1e2ec, 0x1e2f0, 0x1e2fa, 0x1e2ff, 0x1e300, 0x1e4d0, 0x1e4ec, 0x1e4f0, 0x1e4fa,
    0x1e5d0, 0x1e5ee, 0x1e5f0, 0x1e5fb, 0x1e5ff, 0x1e600, 0x1e6c0, 0x1e6df, 0x1e6e0, 0x1e6e3, 0x1e6e4, 0x1e6e6,
    0x1e6e7, 0x1e6ee, 0x1e6f0, 0x1e6f5, 0x1e6fe, 0x1e700, 0x1e7e0, 0x1e7e7, 0x1e7e8, 0x1e7ec, 0x1e7ed, 0x1e7ef,
    0x1e7f0, 0x1e7ff, 0x1e800, 0x1e8c5, 0x1e8c7, 0x1e8d0, 0x1e900, 0x1e944, 0x1e94b, 0x1e94c, 0x1e950, 0x1e95a,
    0x1e95e, 0x1e960, 0x1ec71, 0x1ecb5, 0x1ed01, 0x1ed3e, 0x1ee00, 0x1ee04, 0x1ee05, 0x1ee20, 0x1ee21, 0x1ee23,
    0x1ee24, 0x1ee25, 0x1ee27, 0x1ee28, 0x1ee29, 0x1ee33, 0x1ee34, 0x1ee38, 0x1ee39, 0x1ee3a, 0x1ee3b, 0x1ee3c,
    0x1ee42, 0x1ee43, 0x1ee47, 0x1ee48, 0x1ee49, 0x1ee4a, 0x1ee4b, 0x1ee4c, 0x1ee4d, 0x1ee50, 0x1ee51, 0x1ee53,
    0x1ee54, 0x1ee55, 0x1ee57, 0x1ee58, 0x1ee59, 0x1ee5a, 0x1ee5b, 0x1ee5c, 0x1ee5d, 0x1ee5e, 0x1ee5f, 0x1ee60,
    0x1ee61, 0x1ee63, 0x1ee64, 0x1ee65, 0x1ee67, 0x1ee6b, 0x1ee6c, 0x1ee73, 0x1ee74, 0x1ee78, 0x1ee79, 0x1ee7d,
    0x1ee7e, 0x1ee7f, 0x1ee80, 0x1ee8a, 0x1ee8b, 0x1ee9c, 0x1eea1, 0x1eea4, 0x1eea5, 0x1eeaa, 0x1eeab, 0x1eebc,
    0x1eef0, 0x1eef2, 0x1f000, 0x1f02c, 0x1f030, 0x1f094, 0x1f0a0, 0x1f0af, 0x1f0b1, 0x1f0c0, 0x1f0c1, 0x1f0d0,
    0x1f0d1, 0x1f0f6, 0x1f100, 0x1f1ae, 0x1f1e6, 0x1f203, 0x1f210, 0x1f23c, 0x1f240, 0x1f249, 0x1f250, 0x1f252,
    0x1f260, 0x1f266, 0x1f300, 0x1f6d9, 0x1f6dc, 0x1f6ed, 0x1f6f0, 0x1f6fd, 0x1f700, 0x1f7da, 0x1f7e0, 0x1f7ec,
    0x1f7f0, 0x1f7f1, 0x1f800, 0x1f80c, 0x1f810, 0x1f848, 0x1f850, 0x1f85a, 0x1f860, 0x1f888, 0x1f890, 0x1f8ae,
    0x1f8b0, 0x1f8bc, 0x1f8c0, 0x1f8c2, 0x1f8d0, 0x1f8d9, 0x1f900, 0x1fa58, 0x1fa60, 0x1fa6e, 0x1fa70, 0x1fa7d,
    0x1fa80, 0x1fa8b, 0x1fa8e, 0x1fac7, 0x1fac8, 0x1fac9, 0x1facd, 0x1fadd, 0x1fadf, 0x1faeb, 0x1faef, 0x1faf9,
    0x1fb00, 0x1fb93, 0x1fb94, 0x1fbfb, 0x20000, 0x2a6e0, 0x2a700, 0x2b81e, 0x2b820, 0x2ceae, 0x2ceb0, 0x2ebe1,
    0x2ebf0, 0x2ee5e, 0x2f800, 0x2fa1e, 0x30000, 0x3134b, 0x31350, 0x3347a,
];

static BINARY_PROPERTY_GRAPHEME_EXTEND: &[i32] = &[
    0x300, 0x370, 0x483, 0x48a, 0x591, 0x5be, 0x5bf, 0x5c0, 0x5c1, 0x5c3, 0x5c4, 0x5c6,
    0x5c7, 0x5c8, 0x610, 0x61b, 0x64b, 0x660, 0x670, 0x671, 0x6d6, 0x6dd, 0x6df, 0x6e5,
    0x6e7, 0x6e9, 0x6ea, 0x6ee, 0x711, 0x712, 0x730, 0x74b, 0x7a6, 0x7b1, 0x7eb, 0x7f4,
    0x7fd, 0x7fe, 0x816, 0x81a, 0x81b, 0x824, 0x825, 0x828, 0x829, 0x82e, 0x859, 0x85c,
    0x897, 0x8a0, 0x8ca, 0x8e2, 0x8e3, 0x903, 0x93a, 0x93b, 0x93c, 0x93d, 0x941, 0x949,
    0x94d, 0x94e, 0x951, 0x958, 0x962, 0x964, 0x981, 0x982, 0x9bc, 0x9bd, 0x9be, 0x9bf,
    0x9c1, 0x9c5, 0x9cd, 0x9ce, 0x9d7, 0x9d8, 0x9e2, 0x9e4, 0x9fe, 0x9ff, 0xa01, 0xa03,
    0xa3c, 0xa3d, 0xa41, 0xa43, 0xa47, 0xa49, 0xa4b, 0xa4e, 0xa51, 0xa52, 0xa70, 0xa72,
    0xa75, 0xa76, 0xa81, 0xa83, 0xabc, 0xabd, 0xac1, 0xac6, 0xac7, 0xac9, 0xacd, 0xace,
    0xae2, 0xae4, 0xafa, 0xb00, 0xb01, 0xb02, 0xb3c, 0xb3d, 0xb3e, 0xb40, 0xb41, 0xb45,
    0xb4d, 0xb4e, 0xb55, 0xb58, 0xb62, 0xb64, 0xb82, 0xb83, 0xbbe, 0xbbf, 0xbc0, 0xbc1,
    0xbcd, 0xbce, 0xbd7, 0xbd8, 0xc00, 0xc01, 0xc04, 0xc05, 0xc3c, 0xc3d, 0xc3e, 0xc41,
    0xc46, 0xc49, 0xc4a, 0xc4e, 0xc55, 0xc57, 0xc62, 0xc64, 0xc81, 0xc82, 0xcbc, 0xcbd,
    0xcbf, 0xcc1, 0xcc2, 0xcc3, 0xcc6, 0xcc9, 0xcca, 0xcce, 0xcd5, 0xcd7, 0xce2, 0xce4,
    0xd00, 0xd02, 0xd3b, 0xd3d, 0xd3e, 0xd3f, 0xd41, 0xd45, 0xd4d, 0xd4e, 0xd57, 0xd58,
    0xd62, 0xd64, 0xd81, 0xd82, 0xdca, 0xdcb, 0xdcf, 0xdd0, 0xdd2, 0xdd5, 0xdd6, 0xdd7,
    0xddf, 0xde0, 0xe31, 0xe32, 0xe34, 0xe3b, 0xe47, 0xe4f, 0xeb1, 0xeb2, 0xeb4, 0xebd,
    0xec8, 0xecf, 0xf18, 0xf1a, 0xf35, 0xf36, 0xf37, 0xf38, 0xf39, 0xf3a, 0xf71, 0xf7f,
    0xf80, 0xf85, 0xf86, 0xf88, 0xf8d, 0xf98, 0xf99, 0xfbd, 0xfc6, 0xfc7, 0x102d, 0x1031,
    0x1032, 0x1038, 0x1039, 0x103b, 0x103d, 0x103f, 0x1058, 0x105a, 0x105e, 0x1061, 0x1071, 0x1075,
    0x1082, 0x1083, 0x1085, 0x1087, 0x108d, 0x108e, 0x109d, 0x109e, 0x135d, 0x1360, 0x1712, 0x1716,
    0x1732, 0x1735, 0x1752, 0x1754, 0x1772, 0x1774, 0x17b4, 0x17b6, 0x17b7, 0x17be, 0x17c6, 0x17c7,
    0x17c9, 0x17d4, 0x17dd, 0x17de, 0x180b, 0x180e, 0x180f, 0x1810, 0x1885, 0x1887, 0x18a9, 0x18aa,
    0x1920, 0x1923, 0x1927, 0x1929, 0x1932, 0x1933, 0x1939, 0x193c, 0x1a17, 0x1a19, 0x1a1b, 0x1a1c,
    0x1a56, 0x1a57, 0x1a58, 0x1a5f, 0x1a60, 0x1a61, 0x1a62, 0x1a63, 0x1a65, 0x1a6d, 0x1a73, 0x1a7d,
    0x1a7f, 0x1a80, 0x1ab0, 0x1ade, 0x1ae0, 0x1aec, 0x1b00, 0x1b04, 0x1b34, 0x1b3e, 0x1b42, 0x1b45,
    0x1b6b, 0x1b74, 0x1b80, 0x1b82, 0x1ba2, 0x1ba6, 0x1ba8, 0x1bae, 0x1be6, 0x1be7, 0x1be8, 0x1bea,
    0x1bed, 0x1bee, 0x1bef, 0x1bf4, 0x1c2c, 0x1c34, 0x1c36, 0x1c38, 0x1cd0, 0x1cd3, 0x1cd4, 0x1ce1,
    0x1ce2, 0x1ce9, 0x1ced, 0x1cee, 0x1cf4, 0x1cf5, 0x1cf8, 0x1cfa, 0x1dc0, 0x1e00, 0x200c, 0x200d,
    0x20d0, 0x20f1, 0x2cef, 0x2cf2, 0x2d7f, 0x2d80, 0x2de0, 0x2e00, 0x302a, 0x3030, 0x3099, 0x309b,
    0xa66f, 0xa673, 0xa674, 0xa67e, 0xa69e, 0xa6a0, 0xa6f0, 0xa6f2, 0xa802, 0xa803, 0xa806, 0xa807,
    0xa80b, 0xa80c, 0xa825, 0xa827, 0xa82c, 0xa82d, 0xa8c4, 0xa8c6, 0xa8e0, 0xa8f2, 0xa8ff, 0xa900,
    0xa926, 0xa92e, 0xa947, 0xa952, 0xa953, 0xa954, 0xa980, 0xa983, 0xa9b3, 0xa9b4, 0xa9b6, 0xa9ba,
    0xa9bc, 0xa9be, 0xa9c0, 0xa9c1, 0xa9e5, 0xa9e6, 0xaa29, 0xaa2f, 0xaa31, 0xaa33, 0xaa35, 0xaa37,
    0xaa43, 0xaa44, 0xaa4c, 0xaa4d, 0xaa7c, 0xaa7d, 0xaab0, 0xaab1, 0xaab2, 0xaab5, 0xaab7, 0xaab9,
    0xaabe, 0xaac0, 0xaac1, 0xaac2, 0xaaec, 0xaaee, 0xaaf6, 0xaaf7, 0xabe5, 0xabe6, 0xabe8, 0xabe9,
    0xabed, 0xabee, 0xfb1e, 0xfb1f, 0xfe00, 0xfe10, 0xfe20, 0xfe30, 0xff9e, 0xffa0, 0x101fd, 0x101fe,
    0x102e0, 0x102e1, 0x10376, 0x1037b, 0x10a01, 0x10a04, 0x10a05, 0x10a07, 0x10a0c, 0x10a10, 0x10a38, 0x10a3b,
    0x10a3f, 0x10a40, 0x10ae5, 0x10ae7, 0x10d24, 0x10d28, 0x10d69, 0x10d6e, 0x10eab, 0x10ead, 0x10efa, 0x10f00,
    0x10f46, 0x10f51, 0x10f82, 0x10f86, 0x11001, 0x11002, 0x11038, 0x11047, 0x11070, 0x11071, 0x11073, 0x11075,
    0x1107f, 0x11082, 0x110b3, 0x110b7, 0x110b9, 0x110bb, 0x110c2, 0x110c3, 0x11100, 0x11103, 0x11127, 0x1112c,
    0x1112d, 0x11135, 0x11173, 0x11174, 0x11180, 0x11182, 0x111b6, 0x111bf, 0x111c0, 0x111c1, 0x111c9, 0x111cd,
    0x111cf, 0x111d0, 0x1122f, 0x11232, 0x11234, 0x11238, 0x1123e, 0x1123f, 0x11241, 0x11242, 0x112df, 0x112e0,
    0x112e3, 0x112eb, 0x11300, 0x11302, 0x1133b, 0x1133d, 0x1133e, 0x1133f, 0x11340, 0x11341, 0x1134d, 0x1134e,
    0x11357, 0x11358, 0x11366, 0x1136d, 0x11370, 0x11375, 0x113b8, 0x113b9, 0x113bb, 0x113c1, 0x113c2, 0x113c3,
    0x113c5, 0x113c6, 0x113c7, 0x113ca, 0x113ce, 0x113d1, 0x113d2, 0x113d3, 0x113e1, 0x113e3, 0x11438, 0x11440,
    0x11442, 0x11445, 0x11446, 0x11447, 0x1145e, 0x1145f, 0x114b0, 0x114b1, 0x114b3, 0x114b9, 0x114ba, 0x114bb,
    0x114bd, 0x114be, 0x114bf, 0x114c1, 0x114c2, 0x114c4, 0x115af, 0x115b0, 0x115b2, 0x115b6, 0x115bc, 0x115be,
    0x115bf, 0x115c1, 0x115dc, 0x115de, 0x11633, 0x1163b, 0x1163d, 0x1163e, 0x1163f, 0x11641, 0x116ab, 0x116ac,
    0x116ad, 0x116ae, 0x116b0, 0x116b8, 0x1171d, 0x1171e, 0x1171f, 0x11720, 0x11722, 0x11726, 0x11727, 0x1172c,
    0x1182f, 0x11838, 0x11839, 0x1183b, 0x11930, 0x11931, 0x1193b, 0x1193f, 0x11943, 0x11944, 0x119d4, 0x119d8,
    0x119da, 0x119dc, 0x119e0, 0x119e1, 0x11a01, 0x11a0b, 0x11a33, 0x11a39, 0x11a3b, 0x11a3f, 0x11a47, 0x11a48,
    0x11a51, 0x11a57, 0x11a59, 0x11a5c, 0x11a8a, 0x11a97, 0x11a98, 0x11a9a, 0x11b60, 0x11b61, 0x11b62, 0x11b65,
    0x11b66, 0x11b67, 0x11c30, 0x11c37, 0x11c38, 0x11c3e, 0x11c3f, 0x11c40, 0x11c92, 0x11ca8, 0x11caa, 0x11cb1,
    0x11cb2, 0x11cb4, 0x11cb5, 0x11cb7, 0x11d31, 0x11d37, 0x11d3a, 0x11d3b, 0x11d3c, 0x11d3e, 0x11d3f, 0x11d46,
    0x11d47, 0x11d48, 0x11d90, 0x11d92, 0x11d95, 0x11d96, 0x11d97, 0x11d98, 0x11ef3, 0x11ef5, 0x11f00, 0x11f02,
    0x11f36, 0x11f3b, 0x11f40, 0x11f43, 0x11f5a, 0x11f5b, 0x13440, 0x13441, 0x13447, 0x13456, 0x1611e, 0x1612a,
    0x1612d, 0x16130, 0x16af0, 0x16af5, 0x16b30, 0x16b37, 0x16f4f, 0x16f50, 0x16f8f, 0x16f93, 0x16fe4, 0x16fe5,
    0x16ff0, 0x16ff2, 0x1bc9d, 0x1bc9f, 0x1cf00, 0x1cf2e, 0x1cf30, 0x1cf47, 0x1d165, 0x1d16a, 0x1d16d, 0x1d173,
    0x1d17b, 0x1d183, 0x1d185, 0x1d18c, 0x1d1aa, 0x1d1ae, 0x1d242, 0x1d245, 0x1da00, 0x1da37, 0x1da3b, 0x1da6d,
    0x1da75, 0x1da76, 0x1da84, 0x1da85, 0x1da9b, 0x1daa0, 0x1daa1, 0x1dab0, 0x1e000, 0x1e007, 0x1e008, 0x1e019,
    0x1e01b, 0x1e022, 0x1e023, 0x1e025, 0x1e026, 0x1e02b, 0x1e08f, 0x1e090, 0x1e130, 0x1e137, 0x1e2ae, 0x1e2af,
    0x1e2ec, 0x1e2f0, 0x1e4ec, 0x1e4f0, 0x1e5ee, 0x1e5f0, 0x1e6e3, 0x1e6e4, 0x1e6e6, 0x1e6e7, 0x1e6ee, 0x1e6f0,
    0x1e6f5, 0x1e6f6, 0x1e8d0, 0x1e8d7, 0x1e944, 0x1e94b, 0xe0020, 0xe0080, 0xe0100, 0xe01f0,
];

static BINARY_PROPERTY_HEX_DIGIT: &[i32] = &[
    0x30, 0x3a, 0x41, 0x47, 0x61, 0x67, 0xff10, 0xff1a, 0xff21, 0xff27, 0xff41, 0xff47,
];

static BINARY_PROPERTY_IDS_BINARY_OPERATOR: &[i32] = &[
    0x2ff0, 0x2ff2, 0x2ff4, 0x2ffe, 0x31ef, 0x31f0,
];

static BINARY_PROPERTY_IDS_TRINARY_OPERATOR: &[i32] = &[
    0x2ff2, 0x2ff4,
];

static BINARY_PROPERTY_ID_CONTINUE: &[i32] = &[
    0x30, 0x3a, 0x41, 0x5b, 0x5f, 0x60, 0x61, 0x7b, 0xaa, 0xab, 0xb5, 0xb6,
    0xb7, 0xb8, 0xba, 0xbb, 0xc0, 0xd7, 0xd8, 0xf7, 0xf8, 0x2c2, 0x2c6, 0x2d2,
    0x2e0, 0x2e5, 0x2ec, 0x2ed, 0x2ee, 0x2ef, 0x300, 0x375, 0x376, 0x378, 0x37a, 0x37e,
    0x37f, 0x380, 0x386, 0x38b, 0x38c, 0x38d, 0x38e, 0x3a2, 0x3a3, 0x3f6, 0x3f7, 0x482,
    0x483, 0x488, 0x48a, 0x530, 0x531, 0x557, 0x559, 0x55a, 0x560, 0x589, 0x591, 0x5be,
    0x5bf, 0x5c0, 0x5c1, 0x5c3, 0x5c4, 0x5c6, 0x5c7, 0x5c8, 0x5d0, 0x5eb, 0x5ef, 0x5f3,
    0x610, 0x61b, 0x620, 0x66a, 0x66e, 0x6d4, 0x6d5, 0x6dd, 0x6df, 0x6e9, 0x6ea, 0x6fd,
    0x6ff, 0x700, 0x710, 0x74b, 0x74d, 0x7b2, 0x7c0, 0x7f6, 0x7fa, 0x7fb, 0x7fd, 0x7fe,
    0x800, 0x82e, 0x840, 0x85c, 0x860, 0x86b, 0x870, 0x888, 0x889, 0x890, 0x897, 0x8e2,
    0x8e3, 0x964, 0x966, 0x970, 0x971, 0x984, 0x985, 0x98d, 0x98f, 0x991, 0x993, 0x9a9,
    0x9aa, 0x9b1, 0x9b2, 0x9b3, 0x9b6, 0x9ba, 0x9bc, 0x9c5, 0x9c7, 0x9c9, 0x9cb, 0x9cf,
    0x9d7, 0x9d8, 0x9dc, 0x9de, 0x9df, 0x9e4, 0x9e6, 0x9f2, 0x9fc, 0x9fd, 0x9fe, 0x9ff,
    0xa01, 0xa04, 0xa05, 0xa0b, 0xa0f, 0xa11, 0xa13, 0xa29, 0xa2a, 0xa31, 0xa32, 0xa34,
    0xa35, 0xa37, 0xa38, 0xa3a, 0xa3c, 0xa3d, 0xa3e, 0xa43, 0xa47, 0xa49, 0xa4b, 0xa4e,
    0xa51, 0xa52, 0xa59, 0xa5d, 0xa5e, 0xa5f, 0xa66, 0xa76, 0xa81, 0xa84, 0xa85, 0xa8e,
    0xa8f, 0xa92, 0xa93, 0xaa9, 0xaaa, 0xab1, 0xab2, 0xab4, 0xab5, 0xaba, 0xabc, 0xac6,
    0xac7, 0xaca, 0xacb, 0xace, 0xad0, 0xad1, 0xae0, 0xae4, 0xae6, 0xaf0, 0xaf9, 0xb00,
    0xb01, 0xb04, 0xb05, 0xb0d, 0xb0f, 0xb11, 0xb13, 0xb29, 0xb2a, 0xb31, 0xb32, 0xb34,
    0xb35, 0xb3a, 0xb3c, 0xb45, 0xb47, 0xb49, 0xb4b, 0xb4e, 0xb55, 0xb58, 0xb5c, 0xb5e,
    0xb5f, 0xb64, 0xb66, 0xb70, 0xb71, 0xb72, 0xb82, 0xb84, 0xb85, 0xb8b, 0xb8e, 0xb91,
    0xb92, 0xb96, 0xb99, 0xb9b, 0xb9c, 0xb9d, 0xb9e, 0xba0, 0xba3, 0xba5, 0xba8, 0xbab,
    0xbae, 0xbba, 0xbbe, 0xbc3, 0xbc6, 0xbc9, 0xbca, 0xbce, 0xbd0, 0xbd1, 0xbd7, 0xbd8,
    0xbe6, 0xbf0, 0xc00, 0xc0d, 0xc0e, 0xc11, 0xc12, 0xc29, 0xc2a, 0xc3a, 0xc3c, 0xc45,
    0xc46, 0xc49, 0xc4a, 0xc4e, 0xc55, 0xc57, 0xc58, 0xc5b, 0xc5c, 0xc5e, 0xc60, 0xc64,
    0xc66, 0xc70, 0xc80, 0xc84, 0xc85, 0xc8d, 0xc8e, 0xc91, 0xc92, 0xca9, 0xcaa, 0xcb4,
    0xcb5, 0xcba, 0xcbc, 0xcc5, 0xcc6, 0xcc9, 0xcca, 0xcce, 0xcd5, 0xcd7, 0xcdc, 0xcdf,
    0xce0, 0xce4, 0xce6, 0xcf0, 0xcf1, 0xcf4, 0xd00, 0xd0d, 0xd0e, 0xd11, 0xd12, 0xd45,
    0xd46, 0xd49, 0xd4a, 0xd4f, 0xd54, 0xd58, 0xd5f, 0xd64, 0xd66, 0xd70, 0xd7a, 0xd80,
    0xd81, 0xd84, 0xd85, 0xd97, 0xd9a, 0xdb2, 0xdb3, 0xdbc, 0xdbd, 0xdbe, 0xdc0, 0xdc7,
    0xdca, 0xdcb, 0xdcf, 0xdd5, 0xdd6, 0xdd7, 0xdd8, 0xde0, 0xde6, 0xdf0, 0xdf2, 0xdf4,
    0xe01, 0xe3b, 0xe40, 0xe4f, 0xe50, 0xe5a, 0xe81, 0xe83, 0xe84, 0xe85, 0xe86, 0xe8b,
    0xe8c, 0xea4, 0xea5, 0xea6, 0xea7, 0xebe, 0xec0, 0xec5, 0xec6, 0xec7, 0xec8, 0xecf,
    0xed0, 0xeda, 0xedc, 0xee0, 0xf00, 0xf01, 0xf18, 0xf1a, 0xf20, 0xf2a, 0xf35, 0xf36,
    0xf37, 0xf38, 0xf39, 0xf3a, 0xf3e, 0xf48, 0xf49, 0xf6d, 0xf71, 0xf85, 0xf86, 0xf98,
    0xf99, 0xfbd, 0xfc6, 0xfc7, 0x1000, 0x104a, 0x1050, 0x109e, 0x10a0, 0x10c6, 0x10c7, 0x10c8,
    0x10cd, 0x10ce, 0x10d0, 0x10fb, 0x10fc, 0x1249, 0x124a, 0x124e, 0x1250, 0x1257, 0x1258, 0x1259,
    0x125a, 0x125e, 0x1260, 0x1289, 0x128a, 0x128e, 0x1290, 0x12b1, 0x12b2, 0x12b6, 0x12b8, 0x12bf,
    0x12c0, 0x12c1, 0x12c2, 0x12c6, 0x12c8, 0x12d7, 0x12d8, 0x1311, 0x1312, 0x1316, 0x1318, 0x135b,
    0x135d, 0x1360, 0x1369, 0x1372, 0x1380, 0x1390, 0x13a0, 0x13f6, 0x13f8, 0x13fe, 0x1401, 0x166d,
    0x166f, 0x1680, 0x1681, 0x169b, 0x16a0, 0x16eb, 0x16ee, 0x16f9, 0x1700, 0x1716, 0x171f, 0x1735,
    0x1740, 0x1754, 0x1760, 0x176d, 0x176e, 0x1771, 0x1772, 0x1774, 0x1780, 0x17d4, 0x17d7, 0x17d8,
    0x17dc, 0x17de, 0x17e0, 0x17ea, 0x180b, 0x180e, 0x180f, 0x181a, 0x1820, 0x1879, 0x1880, 0x18ab,
    0x18b0, 0x18f6, 0x1900, 0x191f, 0x1920, 0x192c, 0x1930, 0x193c, 0x1946, 0x196e, 0x1970, 0x1975,
    0x1980, 0x19ac, 0x19b0, 0x19ca, 0x19d0, 0x19db, 0x1a00, 0x1a1c, 0x1a20, 0x1a5f, 0x1a60, 0x1a7d,
    0x1a7f, 0x1a8a, 0x1a90, 0x1a9a, 0x1aa7, 0x1aa8, 0x1ab0, 0x1abe, 0x1abf, 0x1ade, 0x1ae0, 0x1aec,
    0x1b00, 0x1b4d, 0x1b50, 0x1b5a, 0x1b6b, 0x1b74, 0x1b80, 0x1bf4, 0x1c00, 0x1c38, 0x1c40, 0x1c4a,
    0x1c4d, 0x1c7e, 0x1c80, 0x1c8b, 0x1c90, 0x1cbb, 0x1cbd, 0x1cc0, 0x1cd0, 0x1cd3, 0x1cd4, 0x1cfb,
    0x1d00, 0x1f16, 0x1f18, 0x1f1e, 0x1f20, 0x1f46, 0x1f48, 0x1f4e, 0x1f50, 0x1f58, 0x1f59, 0x1f5a,
    0x1f5b, 0x1f5c, 0x1f5d, 0x1f5e, 0x1f5f, 0x1f7e, 0x1f80, 0x1fb5, 0x1fb6, 0x1fbd, 0x1fbe, 0x1fbf,
    0x1fc2, 0x1fc5, 0x1fc6, 0x1fcd, 0x1fd0, 0x1fd4, 0x1fd6, 0x1fdc, 0x1fe0, 0x1fed, 0x1ff2, 0x1ff5,
    0x1ff6, 0x1ffd, 0x200c, 0x200e, 0x203f, 0x2041, 0x2054, 0x2055, 0x2071, 0x2072, 0x207f, 0x2080,
    0x2090, 0x209d, 0x20d0, 0x20dd, 0x20e1, 0x20e2, 0x20e5, 0x20f1, 0x2102, 0x2103, 0x2107, 0x2108,
    0x210a, 0x2114, 0x2115, 0x2116, 0x2118, 0x211e, 0x2124, 0x2125, 0x2126, 0x2127, 0x2128, 0x2129,
    0x212a, 0x213a, 0x213c, 0x2140, 0x2145, 0x214a, 0x214e, 0x214f, 0x2160, 0x2189, 0x2c00, 0x2ce5,
    0x2ceb, 0x2cf4, 0x2d00, 0x2d26, 0x2d27, 0x2d28, 0x2d2d, 0x2d2e, 0x2d30, 0x2d68, 0x2d6f, 0x2d70,
    0x2d7f, 0x2d97, 0x2da0, 0x2da7, 0x2da8, 0x2daf, 0x2db0, 0x2db7, 0x2db8, 0x2dbf, 0x2dc0, 0x2dc7,
    0x2dc8, 0x2dcf, 0x2dd0, 0x2dd7, 0x2dd8, 0x2ddf, 0x2de0, 0x2e00, 0x3005, 0x3008, 0x3021, 0x3030,
    0x3031, 0x3036, 0x3038, 0x303d, 0x3041, 0x3097, 0x3099, 0x30a0, 0x30a1, 0x3100, 0x3105, 0x3130,
    0x3131, 0x318f, 0x31a0, 0x31c0, 0x31f0, 0x3200, 0x3400, 0x4dc0, 0x4e00, 0xa48d, 0xa4d0, 0xa4fe,
    0xa500, 0xa60d, 0xa610, 0xa62c, 0xa640, 0xa670, 0xa674, 0xa67e, 0xa67f, 0xa6f2, 0xa717, 0xa720,
    0xa722, 0xa789, 0xa78b, 0xa7dd, 0xa7f1, 0xa828, 0xa82c, 0xa82d, 0xa840, 0xa874, 0xa880, 0xa8c6,
    0xa8d0, 0xa8da, 0xa8e0, 0xa8f8, 0xa8fb, 0xa8fc, 0xa8fd, 0xa92e, 0xa930, 0xa954, 0xa960, 0xa97d,
    0xa980, 0xa9c1, 0xa9cf, 0xa9da, 0xa9e0, 0xa9ff, 0xaa00, 0xaa37, 0xaa40, 0xaa4e, 0xaa50, 0xaa5a,
    0xaa60, 0xaa77, 0xaa7a, 0xaac3, 0xaadb, 0xaade, 0xaae0, 0xaaf0, 0xaaf2, 0xaaf7, 0xab01, 0xab07,
    0xab09, 0xab0f, 0xab11, 0xab17, 0xab20, 0xab27, 0xab28, 0xab2f, 0xab30, 0xab5b, 0xab5c, 0xab6a,
    0xab70, 0xabeb, 0xabec, 0xabee, 0xabf0, 0xabfa, 0xac00, 0xd7a4, 0xd7b0, 0xd7c7, 0xd7cb, 0xd7fc,
    0xf900, 0xfa6e, 0xfa70, 0xfada, 0xfb00, 0xfb07, 0xfb13, 0xfb18, 0xfb1d, 0xfb29, 0xfb2a, 0xfb37,
    0xfb38, 0xfb3d, 0xfb3e, 0xfb3f, 0xfb40, 0xfb42, 0xfb43, 0xfb45, 0xfb46, 0xfbb2, 0xfbd3, 0xfd3e,
    0xfd50, 0xfd90, 0xfd92, 0xfdc8, 0xfdf0, 0xfdfc, 0xfe00, 0xfe10, 0xfe20, 0xfe30, 0xfe33, 0xfe35,
    0xfe4d, 0xfe50, 0xfe70, 0xfe75, 0xfe76, 0xfefd, 0xff10, 0xff1a, 0xff21, 0xff3b, 0xff3f, 0xff40,
    0xff41, 0xff5b, 0xff65, 0xffbf, 0xffc2, 0xffc8, 0xffca, 0xffd0, 0xffd2, 0xffd8, 0xffda, 0xffdd,
    0x10000, 0x1000c, 0x1000d, 0x10027, 0x10028, 0x1003b, 0x1003c, 0x1003e, 0x1003f, 0x1004e, 0x10050, 0x1005e,
    0x10080, 0x100fb, 0x10140, 0x10175, 0x101fd, 0x101fe, 0x10280, 0x1029d, 0x102a0, 0x102d1, 0x102e0, 0x102e1,
    0x10300, 0x10320, 0x1032d, 0x1034b, 0x10350, 0x1037b, 0x10380, 0x1039e, 0x103a0, 0x103c4, 0x103c8, 0x103d0,
    0x103d1, 0x103d6, 0x10400, 0x1049e, 0x104a0, 0x104aa, 0x104b0, 0x104d4, 0x104d8, 0x104fc, 0x10500, 0x10528,
    0x10530, 0x10564, 0x10570, 0x1057b, 0x1057c, 0x1058b, 0x1058c, 0x10593, 0x10594, 0x10596, 0x10597, 0x105a2,
    0x105a3, 0x105b2, 0x105b3, 0x105ba, 0x105bb, 0x105bd, 0x105c0, 0x105f4, 0x10600, 0x10737, 0x10740, 0x10756,
    0x10760, 0x10768, 0x10780, 0x10786, 0x10787, 0x107b1, 0x107b2, 0x107bb, 0x10800, 0x10806, 0x10808, 0x10809,
    0x1080a, 0x10836, 0x10837, 0x10839, 0x1083c, 0x1083d, 0x1083f, 0x10856, 0x10860, 0x10877, 0x10880, 0x1089f,
    0x108e0, 0x108f3, 0x108f4, 0x108f6, 0x10900, 0x10916, 0x10920, 0x1093a, 0x10940, 0x1095a, 0x10980, 0x109b8,
    0x109be, 0x109c0, 0x10a00, 0x10a04, 0x10a05, 0x10a07, 0x10a0c, 0x10a14, 0x10a15, 0x10a18, 0x10a19, 0x10a36,
    0x10a38, 0x10a3b, 0x10a3f, 0x10a40, 0x10a60, 0x10a7d, 0x10a80, 0x10a9d, 0x10ac0, 0x10ac8, 0x10ac9, 0x10ae7,
    0x10b00, 0x10b36, 0x10b40, 0x10b56, 0x10b60, 0x10b73, 0x10b80, 0x10b92, 0x10c00, 0x10c49, 0x10c80, 0x10cb3,
    0x10cc0, 0x10cf3, 0x10d00, 0x10d28, 0x10d30, 0x10d3a, 0x10d40, 0x10d66, 0x10d69, 0x10d6e, 0x10d6f, 0x10d86,
    0x10e80, 0x10eaa, 0x10eab, 0x10ead, 0x10eb0, 0x10eb2, 0x10ec2, 0x10ec8, 0x10efa, 0x10f1d, 0x10f27, 0x10f28,
    0x10f30, 0x10f51, 0x10f70, 0x10f86, 0x10fb0, 0x10fc5, 0x10fe0, 0x10ff7, 0x11000, 0x11047, 0x11066, 0x11076,
    0x1107f, 0x110bb, 0x110c2, 0x110c3, 0x110d0, 0x110e9, 0x110f0, 0x110fa, 0x11100, 0x11135, 0x11136, 0x11140,
    0x11144, 0x11148, 0x11150, 0x11174, 0x11176, 0x11177, 0x11180, 0x111c5, 0x111c9, 0x111cd, 0x111ce, 0x111db,
    0x111dc, 0x111dd, 0x11200, 0x11212, 0x11213, 0x11238, 0x1123e, 0x11242, 0x11280, 0x11287, 0x11288, 0x11289,
    0x1128a, 0x1128e, 0x1128f, 0x1129e, 0x1129f, 0x112a9, 0x112b0, 0x112eb, 0x112f0, 0x112fa, 0x11300, 0x11304,
    0x11305, 0x1130d, 0x1130f, 0x11311, 0x11313, 0x11329, 0x1132a, 0x11331, 0x11332, 0x11334, 0x11335, 0x1133a,
    0x1133b, 0x11345, 0x11347, 0x11349, 0x1134b, 0x1134e, 0x11350, 0x11351, 0x11357, 0x11358, 0x1135d, 0x11364,
    0x11366, 0x1136d, 0x11370, 0x11375, 0x11380, 0x1138a, 0x1138b, 0x1138c, 0x1138e, 0x1138f, 0x11390, 0x113b6,
    0x113b7, 0x113c1, 0x113c2, 0x113c3, 0x113c5, 0x113c6, 0x113c7, 0x113cb, 0x113cc, 0x113d4, 0x113e1, 0x113e3,
    0x11400, 0x1144b, 0x11450, 0x1145a, 0x1145e, 0x11462, 0x11480, 0x114c6, 0x114c7, 0x114c8, 0x114d0, 0x114da,
    0x11580, 0x115b6, 0x115b8, 0x115c1, 0x115d8, 0x115de, 0x11600, 0x11641, 0x11644, 0x11645, 0x11650, 0x1165a,
    0x11680, 0x116b9, 0x116c0, 0x116ca, 0x116d0, 0x116e4, 0x11700, 0x1171b, 0x1171d, 0x1172c, 0x11730, 0x1173a,
    0x11740, 0x11747, 0x11800, 0x1183b, 0x118a0, 0x118ea, 0x118ff, 0x11907, 0x11909, 0x1190a, 0x1190c, 0x11914,
    0x11915, 0x11917, 0x11918, 0x11936, 0x11937, 0x11939, 0x1193b, 0x11944, 0x11950, 0x1195a, 0x119a0, 0x119a8,
    0x119aa, 0x119d8, 0x119da, 0x119e2, 0x119e3, 0x119e5, 0x11a00, 0x11a3f, 0x11a47, 0x11a48, 0x11a50, 0x11a9a,
    0x11a9d, 0x11a9e, 0x11ab0, 0x11af9, 0x11b60, 0x11b68, 0x11bc0, 0x11be1, 0x11bf0, 0x11bfa, 0x11c00, 0x11c09,
    0x11c0a, 0x11c37, 0x11c38, 0x11c41, 0x11c50, 0x11c5a, 0x11c72, 0x11c90, 0x11c92, 0x11ca8, 0x11ca9, 0x11cb7,
    0x11d00, 0x11d07, 0x11d08, 0x11d0a, 0x11d0b, 0x11d37, 0x11d3a, 0x11d3b, 0x11d3c, 0x11d3e, 0x11d3f, 0x11d48,
    0x11d50, 0x11d5a, 0x11d60, 0x11d66, 0x11d67, 0x11d69, 0x11d6a, 0x11d8f, 0x11d90, 0x11d92, 0x11d93, 0x11d99,
    0x11da0, 0x11daa, 0x11db0, 0x11ddc, 0x11de0, 0x11dea, 0x11ee0, 0x11ef7, 0x11f00, 0x11f11, 0x11f12, 0x11f3b,
    0x11f3e, 0x11f43, 0x11f50, 0x11f5b, 0x11fb0, 0x11fb1, 0x12000, 0x1239a, 0x12400, 0x1246f, 0x12480, 0x12544,
    0x12f90, 0x12ff1, 0x13000, 0x13430, 0x13440, 0x13456, 0x13460, 0x143fb, 0x14400, 0x14647, 0x16100, 0x1613a,
    0x16800, 0x16a39, 0x16a40, 0x16a5f, 0x16a60, 0x16a6a, 0x16a70, 0x16abf, 0x16ac0, 0x16aca, 0x16ad0, 0x16aee,
    0x16af0, 0x16af5, 0x16b00, 0x16b37, 0x16b40, 0x16b44, 0x16b50, 0x16b5a, 0x16b63, 0x16b78, 0x16b7d, 0x16b90,
    0x16d40, 0x16d6d, 0x16d70, 0x16d7a, 0x16e40, 0x16e80, 0x16ea0, 0x16eb9, 0x16ebb, 0x16ed4, 0x16f00, 0x16f4b,
    0x16f4f, 0x16f88, 0x16f8f, 0x16fa0, 0x16fe0, 0x16fe2, 0x16fe3, 0x16fe5, 0x16ff0, 0x16ff7, 0x17000, 0x18cd6,
    0x18cff, 0x18d1f, 0x18d80, 0x18df3, 0x1aff0, 0x1aff4, 0x1aff5, 0x1affc, 0x1affd, 0x1afff, 0x1b000, 0x1b123,
    0x1b132, 0x1b133, 0x1b150, 0x1b153, 0x1b155, 0x1b156, 0x1b164, 0x1b168, 0x1b170, 0x1b2fc, 0x1bc00, 0x1bc6b,
    0x1bc70, 0x1bc7d, 0x1bc80, 0x1bc89, 0x1bc90, 0x1bc9a, 0x1bc9d, 0x1bc9f, 0x1ccf0, 0x1ccfa, 0x1cf00, 0x1cf2e,
    0x1cf30, 0x1cf47, 0x1d165, 0x1d16a, 0x1d16d, 0x1d173, 0x1d17b, 0x1d183, 0x1d185, 0x1d18c, 0x1d1aa, 0x1d1ae,
    0x1d242, 0x1d245, 0x1d400, 0x1d455, 0x1d456, 0x1d49d, 0x1d49e, 0x1d4a0, 0x1d4a2, 0x1d4a3, 0x1d4a5, 0x1d4a7,
    0x1d4a9, 0x1d4ad, 0x1d4ae, 0x1d4ba, 0x1d4bb, 0x1d4bc, 0x1d4bd, 0x1d4c4, 0x1d4c5, 0x1d506, 0x1d507, 0x1d50b,
    0x1d50d, 0x1d515, 0x1d516, 0x1d51d, 0x1d51e, 0x1d53a, 0x1d53b, 0x1d53f, 0x1d540, 0x1d545, 0x1d546, 0x1d547,
    0x1d54a, 0x1d551, 0x1d552, 0x1d6a6, 0x1d6a8, 0x1d6c1, 0x1d6c2, 0x1d6db, 0x1d6dc, 0x1d6fb, 0x1d6fc, 0x1d715,
    0x1d716, 0x1d735, 0x1d736, 0x1d74f, 0x1d750, 0x1d76f, 0x1d770, 0x1d789, 0x1d78a, 0x1d7a9, 0x1d7aa, 0x1d7c3,
    0x1d7c4, 0x1d7cc, 0x1d7ce, 0x1d800, 0x1da00, 0x1da37, 0x1da3b, 0x1da6d, 0x1da75, 0x1da76, 0x1da84, 0x1da85,
    0x1da9b, 0x1daa0, 0x1daa1, 0x1dab0, 0x1df00, 0x1df1f, 0x1df25, 0x1df2b, 0x1e000, 0x1e007, 0x1e008, 0x1e019,
    0x1e01b, 0x1e022, 0x1e023, 0x1e025, 0x1e026, 0x1e02b, 0x1e030, 0x1e06e, 0x1e08f, 0x1e090, 0x1e100, 0x1e12d,
    0x1e130, 0x1e13e, 0x1e140, 0x1e14a, 0x1e14e, 0x1e14f, 0x1e290, 0x1e2af, 0x1e2c0, 0x1e2fa, 0x1e4d0, 0x1e4fa,
    0x1e5d0, 0x1e5fb, 0x1e6c0, 0x1e6df, 0x1e6e0, 0x1e6f6, 0x1e6fe, 0x1e700, 0x1e7e0, 0x1e7e7, 0x1e7e8, 0x1e7ec,
    0x1e7ed, 0x1e7ef, 0x1e7f0, 0x1e7ff, 0x1e800, 0x1e8c5, 0x1e8d0, 0x1e8d7, 0x1e900, 0x1e94c, 0x1e950, 0x1e95a,
    0x1ee00, 0x1ee04, 0x1ee05, 0x1ee20, 0x1ee21, 0x1ee23, 0x1ee24, 0x1ee25, 0x1ee27, 0x1ee28, 0x1ee29, 0x1ee33,
    0x1ee34, 0x1ee38, 0x1ee39, 0x1ee3a, 0x1ee3b, 0x1ee3c, 0x1ee42, 0x1ee43, 0x1ee47, 0x1ee48, 0x1ee49, 0x1ee4a,
    0x1ee4b, 0x1ee4c, 0x1ee4d, 0x1ee50, 0x1ee51, 0x1ee53, 0x1ee54, 0x1ee55, 0x1ee57, 0x1ee58, 0x1ee59, 0x1ee5a,
    0x1ee5b, 0x1ee5c, 0x1ee5d, 0x1ee5e, 0x1ee5f, 0x1ee60, 0x1ee61, 0x1ee63, 0x1ee64, 0x1ee65, 0x1ee67, 0x1ee6b,
    0x1ee6c, 0x1ee73, 0x1ee74, 0x1ee78, 0x1ee79, 0x1ee7d, 0x1ee7e, 0x1ee7f, 0x1ee80, 0x1ee8a, 0x1ee8b, 0x1ee9c,
    0x1eea1, 0x1eea4, 0x1eea5, 0x1eeaa, 0x1eeab, 0x1eebc, 0x1fbf0, 0x1fbfa, 0x20000, 0x2a6e0, 0x2a700, 0x2b81e,
    0x2b820, 0x2ceae, 0x2ceb0, 0x2ebe1, 0x2ebf0, 0x2ee5e, 0x2f800, 0x2fa1e, 0x30000, 0x3134b, 0x31350, 0x3347a,
    0xe0100, 0xe01f0,
];

static BINARY_PROPERTY_ID_START: &[i32] = &[
    0x41, 0x5b, 0x61, 0x7b, 0xaa, 0xab, 0xb5, 0xb6, 0xba, 0xbb, 0xc0, 0xd7,
    0xd8, 0xf7, 0xf8, 0x2c2, 0x2c6, 0x2d2, 0x2e0, 0x2e5, 0x2ec, 0x2ed, 0x2ee, 0x2ef,
    0x370, 0x375, 0x376, 0x378, 0x37a, 0x37e, 0x37f, 0x380, 0x386, 0x387, 0x388, 0x38b,
    0x38c, 0x38d, 0x38e, 0x3a2, 0x3a3, 0x3f6, 0x3f7, 0x482, 0x48a, 0x530, 0x531, 0x557,
    0x559, 0x55a, 0x560, 0x589, 0x5d0, 0x5eb, 0x5ef, 0x5f3, 0x620, 0x64b, 0x66e, 0x670,
    0x671, 0x6d4, 0x6d5, 0x6d6, 0x6e5, 0x6e7, 0x6ee, 0x6f0, 0x6fa, 0x6fd, 0x6ff, 0x700,
    0x710, 0x711, 0x712, 0x730, 0x74d, 0x7a6, 0x7b1, 0x7b2, 0x7ca, 0x7eb, 0x7f4, 0x7f6,
    0x7fa, 0x7fb, 0x800, 0x816, 0x81a, 0x81b, 0x824, 0x825, 0x828, 0x829, 0x840, 0x859,
    0x860, 0x86b, 0x870, 0x888, 0x889, 0x890, 0x8a0, 0x8ca, 0x904, 0x93a, 0x93d, 0x93e,
    0x950, 0x951, 0x958, 0x962, 0x971, 0x981, 0x985, 0x98d, 0x98f, 0x991, 0x993, 0x9a9,
    0x9aa, 0x9b1, 0x9b2, 0x9b3, 0x9b6, 0x9ba, 0x9bd, 0x9be, 0x9ce, 0x9cf, 0x9dc, 0x9de,
    0x9df, 0x9e2, 0x9f0, 0x9f2, 0x9fc, 0x9fd, 0xa05, 0xa0b, 0xa0f, 0xa11, 0xa13, 0xa29,
    0xa2a, 0xa31, 0xa32, 0xa34, 0xa35, 0xa37, 0xa38, 0xa3a, 0xa59, 0xa5d, 0xa5e, 0xa5f,
    0xa72, 0xa75, 0xa85, 0xa8e, 0xa8f, 0xa92, 0xa93, 0xaa9, 0xaaa, 0xab1, 0xab2, 0xab4,
    0xab5, 0xaba, 0xabd, 0xabe, 0xad0, 0xad1, 0xae0, 0xae2, 0xaf9, 0xafa, 0xb05, 0xb0d,
    0xb0f, 0xb11, 0xb13, 0xb29, 0xb2a, 0xb31, 0xb32, 0xb34, 0xb35, 0xb3a, 0xb3d, 0xb3e,
    0xb5c, 0xb5e, 0xb5f, 0xb62, 0xb71, 0xb72, 0xb83, 0xb84, 0xb85, 0xb8b, 0xb8e, 0xb91,
    0xb92, 0xb96, 0xb99, 0xb9b, 0xb9c, 0xb9d, 0xb9e, 0xba0, 0xba3, 0xba5, 0xba8, 0xbab,
    0xbae, 0xbba, 0xbd0, 0xbd1, 0xc05, 0xc0d, 0xc0e, 0xc11, 0xc12, 0xc29, 0xc2a, 0xc3a,
    0xc3d, 0xc3e, 0xc58, 0xc5b, 0xc5c, 0xc5e, 0xc60, 0xc62, 0xc80, 0xc81, 0xc85, 0xc8d,
    0xc8e, 0xc91, 0xc92, 0xca9, 0xcaa, 0xcb4, 0xcb5, 0xcba, 0xcbd, 0xcbe, 0xcdc, 0xcdf,
    0xce0, 0xce2, 0xcf1, 0xcf3, 0xd04, 0xd0d, 0xd0e, 0xd11, 0xd12, 0xd3b, 0xd3d, 0xd3e,
    0xd4e, 0xd4f, 0xd54, 0xd57, 0xd5f, 0xd62, 0xd7a, 0xd80, 0xd85, 0xd97, 0xd9a, 0xdb2,
    0xdb3, 0xdbc, 0xdbd, 0xdbe, 0xdc0, 0xdc7, 0xe01, 0xe31, 0xe32, 0xe34, 0xe40, 0xe47,
    0xe81, 0xe83, 0xe84, 0xe85, 0xe86, 0xe8b, 0xe8c, 0xea4, 0xea5, 0xea6, 0xea7, 0xeb1,
    0xeb2, 0xeb4, 0xebd, 0xebe, 0xec0, 0xec5, 0xec6, 0xec7, 0xedc, 0xee0, 0xf00, 0xf01,
    0xf40, 0xf48, 0xf49, 0xf6d, 0xf88, 0xf8d, 0x1000, 0x102b, 0x103f, 0x1040, 0x1050, 0x1056,
    0x105a, 0x105e, 0x1061, 0x1062, 0x1065, 0x1067, 0x106e, 0x1071, 0x1075, 0x1082, 0x108e, 0x108f,
    0x10a0, 0x10c6, 0x10c7, 0x10c8, 0x10cd, 0x10ce, 0x10d0, 0x10fb, 0x10fc, 0x1249, 0x124a, 0x124e,
    0x1250, 0x1257, 0x1258, 0x1259, 0x125a, 0x125e, 0x1260, 0x1289, 0x128a, 0x128e, 0x1290, 0x12b1,
    0x12b2, 0x12b6, 0x12b8, 0x12bf, 0x12c0, 0x12c1, 0x12c2, 0x12c6, 0x12c8, 0x12d7, 0x12d8, 0x1311,
    0x1312, 0x1316, 0x1318, 0x135b, 0x1380, 0x1390, 0x13a0, 0x13f6, 0x13f8, 0x13fe, 0x1401, 0x166d,
    0x166f, 0x1680, 0x1681, 0x169b, 0x16a0, 0x16eb, 0x16ee, 0x16f9, 0x1700, 0x1712, 0x171f, 0x1732,
    0x1740, 0x1752, 0x1760, 0x176d, 0x176e, 0x1771, 0x1780, 0x17b4, 0x17d7, 0x17d8, 0x17dc, 0x17dd,
    0x1820, 0x1879, 0x1880, 0x18a9, 0x18aa, 0x18ab, 0x18b0, 0x18f6, 0x1900, 0x191f, 0x1950, 0x196e,
    0x1970, 0x1975, 0x1980, 0x19ac, 0x19b0, 0x19ca, 0x1a00, 0x1a17, 0x1a20, 0x1a55, 0x1aa7, 0x1aa8,
    0x1b05, 0x1b34, 0x1b45, 0x1b4d, 0x1b83, 0x1ba1, 0x1bae, 0x1bb0, 0x1bba, 0x1be6, 0x1c00, 0x1c24,
    0x1c4d, 0x1c50, 0x1c5a, 0x1c7e, 0x1c80, 0x1c8b, 0x1c90, 0x1cbb, 0x1cbd, 0x1cc0, 0x1ce9, 0x1ced,
    0x1cee, 0x1cf4, 0x1cf5, 0x1cf7, 0x1cfa, 0x1cfb, 0x1d00, 0x1dc0, 0x1e00, 0x1f16, 0x1f18, 0x1f1e,
    0x1f20, 0x1f46, 0x1f48, 0x1f4e, 0x1f50, 0x1f58, 0x1f59, 0x1f5a, 0x1f5b, 0x1f5c, 0x1f5d, 0x1f5e,
    0x1f5f, 0x1f7e, 0x1f80, 0x1fb5, 0x1fb6, 0x1fbd, 0x1fbe, 0x1fbf, 0x1fc2, 0x1fc5, 0x1fc6, 0x1fcd,
    0x1fd0, 0x1fd4, 0x1fd6, 0x1fdc, 0x1fe0, 0x1fed, 0x1ff2, 0x1ff5, 0x1ff6, 0x1ffd, 0x2071, 0x2072,
    0x207f, 0x2080, 0x2090, 0x209d, 0x2102, 0x2103, 0x2107, 0x2108, 0x210a, 0x2114, 0x2115, 0x2116,
    0x2118, 0x211e, 0x2124, 0x2125, 0x2126, 0x2127, 0x2128, 0x2129, 0x212a, 0x213a, 0x213c, 0x2140,
    0x2145, 0x214a, 0x214e, 0x214f, 0x2160, 0x2189, 0x2c00, 0x2ce5, 0x2ceb, 0x2cef, 0x2cf2, 0x2cf4,
    0x2d00, 0x2d26, 0x2d27, 0x2d28, 0x2d2d, 0x2d2e, 0x2d30, 0x2d68, 0x2d6f, 0x2d70, 0x2d80, 0x2d97,
    0x2da0, 0x2da7, 0x2da8, 0x2daf, 0x2db0, 0x2db7, 0x2db8, 0x2dbf, 0x2dc0, 0x2dc7, 0x2dc8, 0x2dcf,
    0x2dd0, 0x2dd7, 0x2dd8, 0x2ddf, 0x3005, 0x3008, 0x3021, 0x302a, 0x3031, 0x3036, 0x3038, 0x303d,
    0x3041, 0x3097, 0x309b, 0x30a0, 0x30a1, 0x30fb, 0x30fc, 0x3100, 0x3105, 0x3130, 0x3131, 0x318f,
    0x31a0, 0x31c0, 0x31f0, 0x3200, 0x3400, 0x4dc0, 0x4e00, 0xa48d, 0xa4d0, 0xa4fe, 0xa500, 0xa60d,
    0xa610, 0xa620, 0xa62a, 0xa62c, 0xa640, 0xa66f, 0xa67f, 0xa69e, 0xa6a0, 0xa6f0, 0xa717, 0xa720,
    0xa722, 0xa789, 0xa78b, 0xa7dd, 0xa7f1, 0xa802, 0xa803, 0xa806, 0xa807, 0xa80b, 0xa80c, 0xa823,
    0xa840, 0xa874, 0xa882, 0xa8b4, 0xa8f2, 0xa8f8, 0xa8fb, 0xa8fc, 0xa8fd, 0xa8ff, 0xa90a, 0xa926,
    0xa930, 0xa947, 0xa960, 0xa97d, 0xa984, 0xa9b3, 0xa9cf, 0xa9d0, 0xa9e0, 0xa9e5, 0xa9e6, 0xa9f0,
    0xa9fa, 0xa9ff, 0xaa00, 0xaa29, 0xaa40, 0xaa43, 0xaa44, 0xaa4c, 0xaa60, 0xaa77, 0xaa7a, 0xaa7b,
    0xaa7e, 0xaab0, 0xaab1, 0xaab2, 0xaab5, 0xaab7, 0xaab9, 0xaabe, 0xaac0, 0xaac1, 0xaac2, 0xaac3,
    0xaadb, 0xaade, 0xaae0, 0xaaeb, 0xaaf2, 0xaaf5, 0xab01, 0xab07, 0xab09, 0xab0f, 0xab11, 0xab17,
    0xab20, 0xab27, 0xab28, 0xab2f, 0xab30, 0xab5b, 0xab5c, 0xab6a, 0xab70, 0xabe3, 0xac00, 0xd7a4,
    0xd7b0, 0xd7c7, 0xd7cb, 0xd7fc, 0xf900, 0xfa6e, 0xfa70, 0xfada, 0xfb00, 0xfb07, 0xfb13, 0xfb18,
    0xfb1d, 0xfb1e, 0xfb1f, 0xfb29, 0xfb2a, 0xfb37, 0xfb38, 0xfb3d, 0xfb3e, 0xfb3f, 0xfb40, 0xfb42,
    0xfb43, 0xfb45, 0xfb46, 0xfbb2, 0xfbd3, 0xfd3e, 0xfd50, 0xfd90, 0xfd92, 0xfdc8, 0xfdf0, 0xfdfc,
    0xfe70, 0xfe75, 0xfe76, 0xfefd, 0xff21, 0xff3b, 0xff41, 0xff5b, 0xff66, 0xffbf, 0xffc2, 0xffc8,
    0xffca, 0xffd0, 0xffd2, 0xffd8, 0xffda, 0xffdd, 0x10000, 0x1000c, 0x1000d, 0x10027, 0x10028, 0x1003b,
    0x1003c, 0x1003e, 0x1003f, 0x1004e, 0x10050, 0x1005e, 0x10080, 0x100fb, 0x10140, 0x10175, 0x10280, 0x1029d,
    0x102a0, 0x102d1, 0x10300, 0x10320, 0x1032d, 0x1034b, 0x10350, 0x10376, 0x10380, 0x1039e, 0x103a0, 0x103c4,
    0x103c8, 0x103d0, 0x103d1, 0x103d6, 0x10400, 0x1049e, 0x104b0, 0x104d4, 0x104d8, 0x104fc, 0x10500, 0x10528,
    0x10530, 0x10564, 0x10570, 0x1057b, 0x1057c, 0x1058b, 0x1058c, 0x10593, 0x10594, 0x10596, 0x10597, 0x105a2,
    0x105a3, 0x105b2, 0x105b3, 0x105ba, 0x105bb, 0x105bd, 0x105c0, 0x105f4, 0x10600, 0x10737, 0x10740, 0x10756,
    0x10760, 0x10768, 0x10780, 0x10786, 0x10787, 0x107b1, 0x107b2, 0x107bb, 0x10800, 0x10806, 0x10808, 0x10809,
    0x1080a, 0x10836, 0x10837, 0x10839, 0x1083c, 0x1083d, 0x1083f, 0x10856, 0x10860, 0x10877, 0x10880, 0x1089f,
    0x108e0, 0x108f3, 0x108f4, 0x108f6, 0x10900, 0x10916, 0x10920, 0x1093a, 0x10940, 0x1095a, 0x10980, 0x109b8,
    0x109be, 0x109c0, 0x10a00, 0x10a01, 0x10a10, 0x10a14, 0x10a15, 0x10a18, 0x10a19, 0x10a36, 0x10a60, 0x10a7d,
    0x10a80, 0x10a9d, 0x10ac0, 0x10ac8, 0x10ac9, 0x10ae5, 0x10b00, 0x10b36, 0x10b40, 0x10b56, 0x10b60, 0x10b73,
    0x10b80, 0x10b92, 0x10c00, 0x10c49, 0x10c80, 0x10cb3, 0x10cc0, 0x10cf3, 0x10d00, 0x10d24, 0x10d4a, 0x10d66,
    0x10d6f, 0x10d86, 0x10e80, 0x10eaa, 0x10eb0, 0x10eb2, 0x10ec2, 0x10ec8, 0x10f00, 0x10f1d, 0x10f27, 0x10f28,
    0x10f30, 0x10f46, 0x10f70, 0x10f82, 0x10fb0, 0x10fc5, 0x10fe0, 0x10ff7, 0x11003, 0x11038, 0x11071, 0x11073,
    0x11075, 0x11076, 0x11083, 0x110b0, 0x110d0, 0x110e9, 0x11103, 0x11127, 0x11144, 0x11145, 0x11147, 0x11148,
    0x11150, 0x11173, 0x11176, 0x11177, 0x11183, 0x111b3, 0x111c1, 0x111c5, 0x111da, 0x111db, 0x111dc, 0x111dd,
    0x11200, 0x11212, 0x11213, 0x1122c, 0x1123f, 0x11241, 0x11280, 0x11287, 0x11288, 0x11289, 0x1128a, 0x1128e,
    0x1128f, 0x1129e, 0x1129f, 0x112a9, 0x112b0, 0x112df, 0x11305, 0x1130d, 0x1130f, 0x11311, 0x11313, 0x11329,
    0x1132a, 0x11331, 0x11332, 0x11334, 0x11335, 0x1133a, 0x1133d, 0x1133e, 0x11350, 0x11351, 0x1135d, 0x11362,
    0x11380, 0x1138a, 0x1138b, 0x1138c, 0x1138e, 0x1138f, 0x11390, 0x113b6, 0x113b7, 0x113b8, 0x113d1, 0x113d2,
    0x113d3, 0x113d4, 0x11400, 0x11435, 0x11447, 0x1144b, 0x1145f, 0x11462, 0x11480, 0x114b0, 0x114c4, 0x114c6,
    0x114c7, 0x114c8, 0x11580, 0x115af, 0x115d8, 0x115dc, 0x11600, 0x11630, 0x11644, 0x11645, 0x11680, 0x116ab,
    0x116b8, 0x116b9, 0x11700, 0x1171b, 0x11740, 0x11747, 0x11800, 0x1182c, 0x118a0, 0x118e0, 0x118ff, 0x11907,
    0x11909, 0x1190a, 0x1190c, 0x11914, 0x11915, 0x11917, 0x11918, 0x11930, 0x1193f, 0x11940, 0x11941, 0x11942,
    0x119a0, 0x119a8, 0x119aa, 0x119d1, 0x119e1, 0x119e2, 0x119e3, 0x119e4, 0x11a00, 0x11a01, 0x11a0b, 0x11a33,
    0x11a3a, 0x11a3b, 0x11a50, 0x11a51, 0x11a5c, 0x11a8a, 0x11a9d, 0x11a9e, 0x11ab0, 0x11af9, 0x11bc0, 0x11be1,
    0x11c00, 0x11c09, 0x11c0a, 0x11c2f, 0x11c40, 0x11c41, 0x11c72, 0x11c90, 0x11d00, 0x11d07, 0x11d08, 0x11d0a,
    0x11d0b, 0x11d31, 0x11d46, 0x11d47, 0x11d60, 0x11d66, 0x11d67, 0x11d69, 0x11d6a, 0x11d8a, 0x11d98, 0x11d99,
    0x11db0, 0x11ddc, 0x11ee0, 0x11ef3, 0x11f02, 0x11f03, 0x11f04, 0x11f11, 0x11f12, 0x11f34, 0x11fb0, 0x11fb1,
    0x12000, 0x1239a, 0x12400, 0x1246f, 0x12480, 0x12544, 0x12f90, 0x12ff1, 0x13000, 0x13430, 0x13441, 0x13447,
    0x13460, 0x143fb, 0x14400, 0x14647, 0x16100, 0x1611e, 0x16800, 0x16a39, 0x16a40, 0x16a5f, 0x16a70, 0x16abf,
    0x16ad0, 0x16aee, 0x16b00, 0x16b30, 0x16b40, 0x16b44, 0x16b63, 0x16b78, 0x16b7d, 0x16b90, 0x16d40, 0x16d6d,
    0x16e40, 0x16e80, 0x16ea0, 0x16eb9, 0x16ebb, 0x16ed4, 0x16f00, 0x16f4b, 0x16f50, 0x16f51, 0x16f93, 0x16fa0,
    0x16fe0, 0x16fe2, 0x16fe3, 0x16fe4, 0x16ff2, 0x16ff7, 0x17000, 0x18cd6, 0x18cff, 0x18d1f, 0x18d80, 0x18df3,
    0x1aff0, 0x1aff4, 0x1aff5, 0x1affc, 0x1affd, 0x1afff, 0x1b000, 0x1b123, 0x1b132, 0x1b133, 0x1b150, 0x1b153,
    0x1b155, 0x1b156, 0x1b164, 0x1b168, 0x1b170, 0x1b2fc, 0x1bc00, 0x1bc6b, 0x1bc70, 0x1bc7d, 0x1bc80, 0x1bc89,
    0x1bc90, 0x1bc9a, 0x1d400, 0x1d455, 0x1d456, 0x1d49d, 0x1d49e, 0x1d4a0, 0x1d4a2, 0x1d4a3, 0x1d4a5, 0x1d4a7,
    0x1d4a9, 0x1d4ad, 0x1d4ae, 0x1d4ba, 0x1d4bb, 0x1d4bc, 0x1d4bd, 0x1d4c4, 0x1d4c5, 0x1d506, 0x1d507, 0x1d50b,
    0x1d50d, 0x1d515, 0x1d516, 0x1d51d, 0x1d51e, 0x1d53a, 0x1d53b, 0x1d53f, 0x1d540, 0x1d545, 0x1d546, 0x1d547,
    0x1d54a, 0x1d551, 0x1d552, 0x1d6a6, 0x1d6a8, 0x1d6c1, 0x1d6c2, 0x1d6db, 0x1d6dc, 0x1d6fb, 0x1d6fc, 0x1d715,
    0x1d716, 0x1d735, 0x1d736, 0x1d74f, 0x1d750, 0x1d76f, 0x1d770, 0x1d789, 0x1d78a, 0x1d7a9, 0x1d7aa, 0x1d7c3,
    0x1d7c4, 0x1d7cc, 0x1df00, 0x1df1f, 0x1df25, 0x1df2b, 0x1e030, 0x1e06e, 0x1e100, 0x1e12d, 0x1e137, 0x1e13e,
    0x1e14e, 0x1e14f, 0x1e290, 0x1e2ae, 0x1e2c0, 0x1e2ec, 0x1e4d0, 0x1e4ec, 0x1e5d0, 0x1e5ee, 0x1e5f0, 0x1e5f1,
    0x1e6c0, 0x1e6df, 0x1e6e0, 0x1e6e3, 0x1e6e4, 0x1e6e6, 0x1e6e7, 0x1e6ee, 0x1e6f0, 0x1e6f5, 0x1e6fe, 0x1e700,
    0x1e7e0, 0x1e7e7, 0x1e7e8, 0x1e7ec, 0x1e7ed, 0x1e7ef, 0x1e7f0, 0x1e7ff, 0x1e800, 0x1e8c5, 0x1e900, 0x1e944,
    0x1e94b, 0x1e94c, 0x1ee00, 0x1ee04, 0x1ee05, 0x1ee20, 0x1ee21, 0x1ee23, 0x1ee24, 0x1ee25, 0x1ee27, 0x1ee28,
    0x1ee29, 0x1ee33, 0x1ee34, 0x1ee38, 0x1ee39, 0x1ee3a, 0x1ee3b, 0x1ee3c, 0x1ee42, 0x1ee43, 0x1ee47, 0x1ee48,
    0x1ee49, 0x1ee4a, 0x1ee4b, 0x1ee4c, 0x1ee4d, 0x1ee50, 0x1ee51, 0x1ee53, 0x1ee54, 0x1ee55, 0x1ee57, 0x1ee58,
    0x1ee59, 0x1ee5a, 0x1ee5b, 0x1ee5c, 0x1ee5d, 0x1ee5e, 0x1ee5f, 0x1ee60, 0x1ee61, 0x1ee63, 0x1ee64, 0x1ee65,
    0x1ee67, 0x1ee6b, 0x1ee6c, 0x1ee73, 0x1ee74, 0x1ee78, 0x1ee79, 0x1ee7d, 0x1ee7e, 0x1ee7f, 0x1ee80, 0x1ee8a,
    0x1ee8b, 0x1ee9c, 0x1eea1, 0x1eea4, 0x1eea5, 0x1eeaa, 0x1eeab, 0x1eebc, 0x20000, 0x2a6e0, 0x2a700, 0x2b81e,
    0x2b820, 0x2ceae, 0x2ceb0, 0x2ebe1, 0x2ebf0, 0x2ee5e, 0x2f800, 0x2fa1e, 0x30000, 0x3134b, 0x31350, 0x3347a,
];

static BINARY_PROPERTY_IDEOGRAPHIC: &[i32] = &[
    0x3006, 0x3008, 0x3021, 0x302a, 0x3038, 0x303b, 0x3400, 0x4dc0, 0x4e00, 0xa000, 0xf900, 0xfa6e,
    0xfa70, 0xfada, 0x16fe4, 0x16fe5, 0x16ff2, 0x16ff7, 0x17000, 0x18cd6, 0x18cff, 0x18d1f, 0x18d80, 0x18df3,
    0x1b170, 0x1b2fc, 0x20000, 0x2a6e0, 0x2a700, 0x2b81e, 0x2b820, 0x2ceae, 0x2ceb0, 0x2ebe1, 0x2ebf0, 0x2ee5e,
    0x2f800, 0x2fa1e, 0x30000, 0x3134b, 0x31350, 0x3347a,
];

static BINARY_PROPERTY_JOIN_CONTROL: &[i32] = &[
    0x200c, 0x200e,
];

static BINARY_PROPERTY_LOGICAL_ORDER_EXCEPTION: &[i32] = &[
    0xe40, 0xe45, 0xec0, 0xec5, 0x19b5, 0x19b8, 0x19ba, 0x19bb, 0xaab5, 0xaab7, 0xaab9, 0xaaba,
    0xaabb, 0xaabd,
];

static BINARY_PROPERTY_LOWERCASE: &[i32] = &[
    0x61, 0x7b, 0xaa, 0xab, 0xb5, 0xb6, 0xba, 0xbb, 0xdf, 0xf7, 0xf8, 0x100,
    0x101, 0x102, 0x103, 0x104, 0x105, 0x106, 0x107, 0x108, 0x109, 0x10a, 0x10b, 0x10c,
    0x10d, 0x10e, 0x10f, 0x110, 0x111, 0x112, 0x113, 0x114, 0x115, 0x116, 0x117, 0x118,
    0x119, 0x11a, 0x11b, 0x11c, 0x11d, 0x11e, 0x11f, 0x120, 0x121, 0x122, 0x123, 0x124,
    0x125, 0x126, 0x127, 0x128, 0x129, 0x12a, 0x12b, 0x12c, 0x12d, 0x12e, 0x12f, 0x130,
    0x131, 0x132, 0x133, 0x134, 0x135, 0x136, 0x137, 0x139, 0x13a, 0x13b, 0x13c, 0x13d,
    0x13e, 0x13f, 0x140, 0x141, 0x142, 0x143, 0x144, 0x145, 0x146, 0x147, 0x148, 0x14a,
    0x14b, 0x14c, 0x14d, 0x14e, 0x14f, 0x150, 0x151, 0x152, 0x153, 0x154, 0x155, 0x156,
    0x157, 0x158, 0x159, 0x15a, 0x15b, 0x15c, 0x15d, 0x15e, 0x15f, 0x160, 0x161, 0x162,
    0x163, 0x164, 0x165, 0x166, 0x167, 0x168, 0x169, 0x16a, 0x16b, 0x16c, 0x16d, 0x16e,
    0x16f, 0x170, 0x171, 0x172, 0x173, 0x174, 0x175, 0x176, 0x177, 0x178, 0x17a, 0x17b,
    0x17c, 0x17d, 0x17e, 0x181, 0x183, 0x184, 0x185, 0x186, 0x188, 0x189, 0x18c, 0x18e,
    0x192, 0x193, 0x195, 0x196, 0x199, 0x19c, 0x19e, 0x19f, 0x1a1, 0x1a2, 0x1a3, 0x1a4,
    0x1a5, 0x1a6, 0x1a8, 0x1a9, 0x1aa, 0x1ac, 0x1ad, 0x1ae, 0x1b0, 0x1b1, 0x1b4, 0x1b5,
    0x1b6, 0x1b7, 0x1b9, 0x1bb, 0x1bd, 0x1c0, 0x1c6, 0x1c7, 0x1c9, 0x1ca, 0x1cc, 0x1cd,
    0x1ce, 0x1cf, 0x1d0, 0x1d1, 0x1d2, 0x1d3, 0x1d4, 0x1d5, 0x1d6, 0x1d7, 0x1d8, 0x1d9,
    0x1da, 0x1db, 0x1dc, 0x1de, 0x1df, 0x1e0, 0x1e1, 0x1e2, 0x1e3, 0x1e4, 0x1e5, 0x1e6,
    0x1e7, 0x1e8, 0x1e9, 0x1ea, 0x1eb, 0x1ec, 0x1ed, 0x1ee, 0x1ef, 0x1f1, 0x1f3, 0x1f4,
    0x1f5, 0x1f6, 0x1f9, 0x1fa, 0x1fb, 0x1fc, 0x1fd, 0x1fe, 0x1ff, 0x200, 0x201, 0x202,
    0x203, 0x204, 0x205, 0x206, 0x207, 0x208, 0x209, 0x20a, 0x20b, 0x20c, 0x20d, 0x20e,
    0x20f, 0x210, 0x211, 0x212, 0x213, 0x214, 0x215, 0x216, 0x217, 0x218, 0x219, 0x21a,
    0x21b, 0x21c, 0x21d, 0x21e, 0x21f, 0x220, 0x221, 0x222, 0x223, 0x224, 0x225, 0x226,
    0x227, 0x228, 0x229, 0x22a, 0x22b, 0x22c, 0x22d, 0x22e, 0x22f, 0x230, 0x231, 0x232,
    0x233, 0x23a, 0x23c, 0x23d, 0x23f, 0x241, 0x242, 0x243, 0x247, 0x248, 0x249, 0x24a,
    0x24b, 0x24c, 0x24d, 0x24e, 0x24f, 0x294, 0x296, 0x2b9, 0x2c0, 0x2c2, 0x2e0, 0x2e5,
    0x345, 0x346, 0x371, 0x372, 0x373, 0x374, 0x377, 0x378, 0x37a, 0x37e, 0x390, 0x391,
    0x3ac, 0x3cf, 0x3d0, 0x3d2, 0x3d5, 0x3d8, 0x3d9, 0x3da, 0x3db, 0x3dc, 0x3dd, 0x3de,
    0x3df, 0x3e0, 0x3e1, 0x3e2, 0x3e3, 0x3e4, 0x3e5, 0x3e6, 0x3e7, 0x3e8, 0x3e9, 0x3ea,
    0x3eb, 0x3ec, 0x3ed, 0x3ee, 0x3ef, 0x3f4, 0x3f5, 0x3f6, 0x3f8, 0x3f9, 0x3fb, 0x3fd,
    0x430, 0x460, 0x461, 0x462, 0x463, 0x464, 0x465, 0x466, 0x467, 0x468, 0x469, 0x46a,
    0x46b, 0x46c, 0x46d, 0x46e, 0x46f, 0x470, 0x471, 0x472, 0x473, 0x474, 0x475, 0x476,
    0x477, 0x478, 0x479, 0x47a, 0x47b, 0x47c, 0x47d, 0x47e, 0x47f, 0x480, 0x481, 0x482,
    0x48b, 0x48c, 0x48d, 0x48e, 0x48f, 0x490, 0x491, 0x492, 0x493, 0x494, 0x495, 0x496,
    0x497, 0x498, 0x499, 0x49a, 0x49b, 0x49c, 0x49d, 0x49e, 0x49f, 0x4a0, 0x4a1, 0x4a2,
    0x4a3, 0x4a4, 0x4a5, 0x4a6, 0x4a7, 0x4a8, 0x4a9, 0x4aa, 0x4ab, 0x4ac, 0x4ad, 0x4ae,
    0x4af, 0x4b0, 0x4b1, 0x4b2, 0x4b3, 0x4b4, 0x4b5, 0x4b6, 0x4b7, 0x4b8, 0x4b9, 0x4ba,
    0x4bb, 0x4bc, 0x4bd, 0x4be, 0x4bf, 0x4c0, 0x4c2, 0x4c3, 0x4c4, 0x4c5, 0x4c6, 0x4c7,
    0x4c8, 0x4c9, 0x4ca, 0x4cb, 0x4cc, 0x4cd, 0x4ce, 0x4d0, 0x4d1, 0x4d2, 0x4d3, 0x4d4,
    0x4d5, 0x4d6, 0x4d7, 0x4d8, 0x4d9, 0x4da, 0x4db, 0x4dc, 0x4dd, 0x4de, 0x4df, 0x4e0,
    0x4e1, 0x4e2, 0x4e3, 0x4e4, 0x4e5, 0x4e6, 0x4e7, 0x4e8, 0x4e9, 0x4ea, 0x4eb, 0x4ec,
    0x4ed, 0x4ee, 0x4ef, 0x4f0, 0x4f1, 0x4f2, 0x4f3, 0x4f4, 0x4f5, 0x4f6, 0x4f7, 0x4f8,
    0x4f9, 0x4fa, 0x4fb, 0x4fc, 0x4fd, 0x4fe, 0x4ff, 0x500, 0x501, 0x502, 0x503, 0x504,
    0x505, 0x506, 0x507, 0x508, 0x509, 0x50a, 0x50b, 0x50c, 0x50d, 0x50e, 0x50f, 0x510,
    0x511, 0x512, 0x513, 0x514, 0x515, 0x516, 0x517, 0x518, 0x519, 0x51a, 0x51b, 0x51c,
    0x51d, 0x51e, 0x51f, 0x520, 0x521, 0x522, 0x523, 0x524, 0x525, 0x526, 0x527, 0x528,
    0x529, 0x52a, 0x52b, 0x52c, 0x52d, 0x52e, 0x52f, 0x530, 0x560, 0x589, 0x10d0, 0x10fb,
    0x10fc, 0x1100, 0x13f8, 0x13fe, 0x1c80, 0x1c89, 0x1c8a, 0x1c8b, 0x1d00, 0x1dc0, 0x1e01, 0x1e02,
    0x1e03, 0x1e04, 0x1e05, 0x1e06, 0x1e07, 0x1e08, 0x1e09, 0x1e0a, 0x1e0b, 0x1e0c, 0x1e0d, 0x1e0e,
    0x1e0f, 0x1e10, 0x1e11, 0x1e12, 0x1e13, 0x1e14, 0x1e15, 0x1e16, 0x1e17, 0x1e18, 0x1e19, 0x1e1a,
    0x1e1b, 0x1e1c, 0x1e1d, 0x1e1e, 0x1e1f, 0x1e20, 0x1e21, 0x1e22, 0x1e23, 0x1e24, 0x1e25, 0x1e26,
    0x1e27, 0x1e28, 0x1e29, 0x1e2a, 0x1e2b, 0x1e2c, 0x1e2d, 0x1e2e, 0x1e2f, 0x1e30, 0x1e31, 0x1e32,
    0x1e33, 0x1e34, 0x1e35, 0x1e36, 0x1e37, 0x1e38, 0x1e39, 0x1e3a, 0x1e3b, 0x1e3c, 0x1e3d, 0x1e3e,
    0x1e3f, 0x1e40, 0x1e41, 0x1e42, 0x1e43, 0x1e44, 0x1e45, 0x1e46, 0x1e47, 0x1e48, 0x1e49, 0x1e4a,
    0x1e4b, 0x1e4c, 0x1e4d, 0x1e4e, 0x1e4f, 0x1e50, 0x1e51, 0x1e52, 0x1e53, 0x1e54, 0x1e55, 0x1e56,
    0x1e57, 0x1e58, 0x1e59, 0x1e5a, 0x1e5b, 0x1e5c, 0x1e5d, 0x1e5e, 0x1e5f, 0x1e60, 0x1e61, 0x1e62,
    0x1e63, 0x1e64, 0x1e65, 0x1e66, 0x1e67, 0x1e68, 0x1e69, 0x1e6a, 0x1e6b, 0x1e6c, 0x1e6d, 0x1e6e,
    0x1e6f, 0x1e70, 0x1e71, 0x1e72, 0x1e73, 0x1e74, 0x1e75, 0x1e76, 0x1e77, 0x1e78, 0x1e79, 0x1e7a,
    0x1e7b, 0x1e7c, 0x1e7d, 0x1e7e, 0x1e7f, 0x1e80, 0x1e81, 0x1e82, 0x1e83, 0x1e84, 0x1e85, 0x1e86,
    0x1e87, 0x1e88, 0x1e89, 0x1e8a, 0x1e8b, 0x1e8c, 0x1e8d, 0x1e8e, 0x1e8f, 0x1e90, 0x1e91, 0x1e92,
    0x1e93, 0x1e94, 0x1e95, 0x1e9e, 0x1e9f, 0x1ea0, 0x1ea1, 0x1ea2, 0x1ea3, 0x1ea4, 0x1ea5, 0x1ea6,
    0x1ea7, 0x1ea8, 0x1ea9, 0x1eaa, 0x1eab, 0x1eac, 0x1ead, 0x1eae, 0x1eaf, 0x1eb0, 0x1eb1, 0x1eb2,
    0x1eb3, 0x1eb4, 0x1eb5, 0x1eb6, 0x1eb7, 0x1eb8, 0x1eb9, 0x1eba, 0x1ebb, 0x1ebc, 0x1ebd, 0x1ebe,
    0x1ebf, 0x1ec0, 0x1ec1, 0x1ec2, 0x1ec3, 0x1ec4, 0x1ec5, 0x1ec6, 0x1ec7, 0x1ec8, 0x1ec9, 0x1eca,
    0x1ecb, 0x1ecc, 0x1ecd, 0x1ece, 0x1ecf, 0x1ed0, 0x1ed1, 0x1ed2, 0x1ed3, 0x1ed4, 0x1ed5, 0x1ed6,
    0x1ed7, 0x1ed8, 0x1ed9, 0x1eda, 0x1edb, 0x1edc, 0x1edd, 0x1ede, 0x1edf, 0x1ee0, 0x1ee1, 0x1ee2,
    0x1ee3, 0x1ee4, 0x1ee5, 0x1ee6, 0x1ee7, 0x1ee8, 0x1ee9, 0x1eea, 0x1eeb, 0x1eec, 0x1eed, 0x1eee,
    0x1eef, 0x1ef0, 0x1ef1, 0x1ef2, 0x1ef3, 0x1ef4, 0x1ef5, 0x1ef6, 0x1ef7, 0x1ef8, 0x1ef9, 0x1efa,
    0x1efb, 0x1efc, 0x1efd, 0x1efe, 0x1eff, 0x1f08, 0x1f10, 0x1f16, 0x1f20, 0x1f28, 0x1f30, 0x1f38,
    0x1f40, 0x1f46, 0x1f50, 0x1f58, 0x1f60, 0x1f68, 0x1f70, 0x1f7e, 0x1f80, 0x1f88, 0x1f90, 0x1f98,
    0x1fa0, 0x1fa8, 0x1fb0, 0x1fb5, 0x1fb6, 0x1fb8, 0x1fbe, 0x1fbf, 0x1fc2, 0x1fc5, 0x1fc6, 0x1fc8,
    0x1fd0, 0x1fd4, 0x1fd6, 0x1fd8, 0x1fe0, 0x1fe8, 0x1ff2, 0x1ff5, 0x1ff6, 0x1ff8, 0x2071, 0x2072,
    0x207f, 0x2080, 0x2090, 0x209d, 0x210a, 0x210b, 0x210e, 0x2110, 0x2113, 0x2114, 0x212f, 0x2130,
    0x2134, 0x2135, 0x2139, 0x213a, 0x213c, 0x213e, 0x2146, 0x214a, 0x214e, 0x214f, 0x2170, 0x2180,
    0x2184, 0x2185, 0x24d0, 0x24ea, 0x2c30, 0x2c60, 0x2c61, 0x2c62, 0x2c65, 0x2c67, 0x2c68, 0x2c69,
    0x2c6a, 0x2c6b, 0x2c6c, 0x2c6d, 0x2c71, 0x2c72, 0x2c73, 0x2c75, 0x2c76, 0x2c7e, 0x2c81, 0x2c82,
    0x2c83, 0x2c84, 0x2c85, 0x2c86, 0x2c87, 0x2c88, 0x2c89, 0x2c8a, 0x2c8b, 0x2c8c, 0x2c8d, 0x2c8e,
    0x2c8f, 0x2c90, 0x2c91, 0x2c92, 0x2c93, 0x2c94, 0x2c95, 0x2c96, 0x2c97, 0x2c98, 0x2c99, 0x2c9a,
    0x2c9b, 0x2c9c, 0x2c9d, 0x2c9e, 0x2c9f, 0x2ca0, 0x2ca1, 0x2ca2, 0x2ca3, 0x2ca4, 0x2ca5, 0x2ca6,
    0x2ca7, 0x2ca8, 0x2ca9, 0x2caa, 0x2cab, 0x2cac, 0x2cad, 0x2cae, 0x2caf, 0x2cb0, 0x2cb1, 0x2cb2,
    0x2cb3, 0x2cb4, 0x2cb5, 0x2cb6, 0x2cb7, 0x2cb8, 0x2cb9, 0x2cba, 0x2cbb, 0x2cbc, 0x2cbd, 0x2cbe,
    0x2cbf, 0x2cc0, 0x2cc1, 0x2cc2, 0x2cc3, 0x2cc4, 0x2cc5, 0x2cc6, 0x2cc7, 0x2cc8, 0x2cc9, 0x2cca,
    0x2ccb, 0x2ccc, 0x2ccd, 0x2cce, 0x2ccf, 0x2cd0, 0x2cd1, 0x2cd2, 0x2cd3, 0x2cd4, 0x2cd5, 0x2cd6,
    0x2cd7, 0x2cd8, 0x2cd9, 0x2cda, 0x2cdb, 0x2cdc, 0x2cdd, 0x2cde, 0x2cdf, 0x2ce0, 0x2ce1, 0x2ce2,
    0x2ce3, 0x2ce5, 0x2cec, 0x2ced, 0x2cee, 0x2cef, 0x2cf3, 0x2cf4, 0x2d00, 0x2d26, 0x2d27, 0x2d28,
    0x2d2d, 0x2d2e, 0xa641, 0xa642, 0xa643, 0xa644, 0xa645, 0xa646, 0xa647, 0xa648, 0xa649, 0xa64a,
    0xa64b, 0xa64c, 0xa64d, 0xa64e, 0xa64f, 0xa650, 0xa651, 0xa652, 0xa653, 0xa654, 0xa655, 0xa656,
    0xa657, 0xa658, 0xa659, 0xa65a, 0xa65b, 0xa65c, 0xa65d, 0xa65e, 0xa65f, 0xa660, 0xa661, 0xa662,
    0xa663, 0xa664, 0xa665, 0xa666, 0xa667, 0xa668, 0xa669, 0xa66a, 0xa66b, 0xa66c, 0xa66d, 0xa66e,
    0xa681, 0xa682, 0xa683, 0xa684, 0xa685, 0xa686, 0xa687, 0xa688, 0xa689, 0xa68a, 0xa68b, 0xa68c,
    0xa68d, 0xa68e, 0xa68f, 0xa690, 0xa691, 0xa692, 0xa693, 0xa694, 0xa695, 0xa696, 0xa697, 0xa698,
    0xa699, 0xa69a, 0xa69b, 0xa69e, 0xa723, 0xa724, 0xa725, 0xa726, 0xa727, 0xa728, 0xa729, 0xa72a,
    0xa72b, 0xa72c, 0xa72d, 0xa72e, 0xa72f, 0xa732, 0xa733, 0xa734, 0xa735, 0xa736, 0xa737, 0xa738,
    0xa739, 0xa73a, 0xa73b, 0xa73c, 0xa73d, 0xa73e, 0xa73f, 0xa740, 0xa741, 0xa742, 0xa743, 0xa744,
    0xa745, 0xa746, 0xa747, 0xa748, 0xa749, 0xa74a, 0xa74b, 0xa74c, 0xa74d, 0xa74e, 0xa74f, 0xa750,
    0xa751, 0xa752, 0xa753, 0xa754, 0xa755, 0xa756, 0xa757, 0xa758, 0xa759, 0xa75a, 0xa75b, 0xa75c,
    0xa75d, 0xa75e, 0xa75f, 0xa760, 0xa761, 0xa762, 0xa763, 0xa764, 0xa765, 0xa766, 0xa767, 0xa768,
    0xa769, 0xa76a, 0xa76b, 0xa76c, 0xa76d, 0xa76e, 0xa76f, 0xa779, 0xa77a, 0xa77b, 0xa77c, 0xa77d,
    0xa77f, 0xa780, 0xa781, 0xa782, 0xa783, 0xa784, 0xa785, 0xa786, 0xa787, 0xa788, 0xa78c, 0xa78d,
    0xa78e, 0xa78f, 0xa791, 0xa792, 0xa793, 0xa796, 0xa797, 0xa798, 0xa799, 0xa79a, 0xa79b, 0xa79c,
    0xa79d, 0xa79e, 0xa79f, 0xa7a0, 0xa7a1, 0xa7a2, 0xa7a3, 0xa7a4, 0xa7a5, 0xa7a6, 0xa7a7, 0xa7a8,
    0xa7a9, 0xa7aa, 0xa7af, 0xa7b0, 0xa7b5, 0xa7b6, 0xa7b7, 0xa7b8, 0xa7b9, 0xa7ba, 0xa7bb, 0xa7bc,
    0xa7bd, 0xa7be, 0xa7bf, 0xa7c0, 0xa7c1, 0xa7c2, 0xa7c3, 0xa7c4, 0xa7c8, 0xa7c9, 0xa7ca, 0xa7cb,
    0xa7cd, 0xa7ce, 0xa7cf, 0xa7d0, 0xa7d1, 0xa7d2, 0xa7d3, 0xa7d4, 0xa7d5, 0xa7d6, 0xa7d7, 0xa7d8,
    0xa7d9, 0xa7da, 0xa7db, 0xa7dc, 0xa7f1, 0xa7f5, 0xa7f6, 0xa7f7, 0xa7f8, 0xa7fb, 0xab30, 0xab5b,
    0xab5c, 0xab6a, 0xab70, 0xabc0, 0xfb00, 0xfb07, 0xfb13, 0xfb18, 0xff41, 0xff5b, 0x10428, 0x10450,
    0x104d8, 0x104fc, 0x10597, 0x105a2, 0x105a3, 0x105b2, 0x105b3, 0x105ba, 0x105bb, 0x105bd, 0x10780, 0x10781,
    0x10783, 0x10786, 0x10787, 0x107b1, 0x107b2, 0x107bb, 0x10cc0, 0x10cf3, 0x10d70, 0x10d86, 0x118c0, 0x118e0,
    0x16e60, 0x16e80, 0x16ebb, 0x16ed4, 0x1d41a, 0x1d434, 0x1d44e, 0x1d455, 0x1d456, 0x1d468, 0x1d482, 0x1d49c,
    0x1d4b6, 0x1d4ba, 0x1d4bb, 0x1d4bc, 0x1d4bd, 0x1d4c4, 0x1d4c5, 0x1d4d0, 0x1d4ea, 0x1d504, 0x1d51e, 0x1d538,
    0x1d552, 0x1d56c, 0x1d586, 0x1d5a0, 0x1d5ba, 0x1d5d4, 0x1d5ee, 0x1d608, 0x1d622, 0x1d63c, 0x1d656, 0x1d670,
    0x1d68a, 0x1d6a6, 0x1d6c2, 0x1d6db, 0x1d6dc, 0x1d6e2, 0x1d6fc, 0x1d715, 0x1d716, 0x1d71c, 0x1d736, 0x1d74f,
    0x1d750, 0x1d756, 0x1d770, 0x1d789, 0x1d78a, 0x1d790, 0x1d7aa, 0x1d7c3, 0x1d7c4, 0x1d7ca, 0x1d7cb, 0x1d7cc,
    0x1df00, 0x1df0a, 0x1df0b, 0x1df1f, 0x1df25, 0x1df2b, 0x1e030, 0x1e06e, 0x1e922, 0x1e944,
];

static BINARY_PROPERTY_MATH: &[i32] = &[
    0x2b, 0x2c, 0x3c, 0x3f, 0x5e, 0x5f, 0x7c, 0x7d, 0x7e, 0x7f, 0xac, 0xad,
    0xb1, 0xb2, 0xd7, 0xd8, 0xf7, 0xf8, 0x3d0, 0x3d3, 0x3d5, 0x3d6, 0x3f0, 0x3f2,
    0x3f4, 0x3f7, 0x606, 0x609, 0x2016, 0x2017, 0x2032, 0x2035, 0x2040, 0x2041, 0x2044, 0x2045,
    0x2052, 0x2053, 0x2061, 0x2065, 0x207a, 0x207f, 0x208a, 0x208f, 0x20d0, 0x20dd, 0x20e1, 0x20e2,
    0x20e5, 0x20e7, 0x20eb, 0x20f0, 0x2102, 0x2103, 0x2107, 0x2108, 0x210a, 0x2114, 0x2115, 0x2116,
    0x2118, 0x211e, 0x2124, 0x2125, 0x2128, 0x212a, 0x212c, 0x212e, 0x212f, 0x2132, 0x2133, 0x2139,
    0x213c, 0x214a, 0x214b, 0x214c, 0x2190, 0x21a8, 0x21a9, 0x21af, 0x21b0, 0x21b2, 0x21b6, 0x21b8,
    0x21bc, 0x21dc, 0x21dd, 0x21de, 0x21e4, 0x21e6, 0x21f4, 0x2300, 0x2308, 0x230c, 0x2320, 0x2322,
    0x237c, 0x237d, 0x239b, 0x23b6, 0x23b7, 0x23b8, 0x23d0, 0x23d1, 0x23dc, 0x23e3, 0x25a0, 0x25a2,
    0x25ae, 0x25b8, 0x25bc, 0x25c2, 0x25c6, 0x25c8, 0x25ca, 0x25cc, 0x25cf, 0x25d4, 0x25e2, 0x25e3,
    0x25e4, 0x25e5, 0x25e7, 0x25ed, 0x25f8, 0x2600, 0x2605, 0x2607, 0x2640, 0x2641, 0x2642, 0x2643,
    0x2660, 0x2664, 0x266d, 0x2670, 0x27c0, 0x2800, 0x2900, 0x2b00, 0x2b30, 0x2b45, 0x2b47, 0x2b4d,
    0xfb29, 0xfb2a, 0xfe61, 0xfe67, 0xfe68, 0xfe69, 0xff0b, 0xff0c, 0xff1c, 0xff1f, 0xff3c, 0xff3d,
    0xff3e, 0xff3f, 0xff5c, 0xff5d, 0xff5e, 0xff5f, 0xffe2, 0xffe3, 0xffe9, 0xffed, 0x10d8e, 0x10d90,
    0x1cef0, 0x1cef1, 0x1d400, 0x1d455, 0x1d456, 0x1d49d, 0x1d49e, 0x1d4a0, 0x1d4a2, 0x1d4a3, 0x1d4a5, 0x1d4a7,
    0x1d4a9, 0x1d4ad, 0x1d4ae, 0x1d4ba, 0x1d4bb, 0x1d4bc, 0x1d4bd, 0x1d4c4, 0x1d4c5, 0x1d506, 0x1d507, 0x1d50b,
    0x1d50d, 0x1d515, 0x1d516, 0x1d51d, 0x1d51e, 0x1d53a, 0x1d53b, 0x1d53f, 0x1d540, 0x1d545, 0x1d546, 0x1d547,
    0x1d54a, 0x1d551, 0x1d552, 0x1d6a6, 0x1d6a8, 0x1d7cc, 0x1d7ce, 0x1d800, 0x1ee00, 0x1ee04, 0x1ee05, 0x1ee20,
    0x1ee21, 0x1ee23, 0x1ee24, 0x1ee25, 0x1ee27, 0x1ee28, 0x1ee29, 0x1ee33, 0x1ee34, 0x1ee38, 0x1ee39, 0x1ee3a,
    0x1ee3b, 0x1ee3c, 0x1ee42, 0x1ee43, 0x1ee47, 0x1ee48, 0x1ee49, 0x1ee4a, 0x1ee4b, 0x1ee4c, 0x1ee4d, 0x1ee50,
    0x1ee51, 0x1ee53, 0x1ee54, 0x1ee55, 0x1ee57, 0x1ee58, 0x1ee59, 0x1ee5a, 0x1ee5b, 0x1ee5c, 0x1ee5d, 0x1ee5e,
    0x1ee5f, 0x1ee60, 0x1ee61, 0x1ee63, 0x1ee64, 0x1ee65, 0x1ee67, 0x1ee6b, 0x1ee6c, 0x1ee73, 0x1ee74, 0x1ee78,
    0x1ee79, 0x1ee7d, 0x1ee7e, 0x1ee7f, 0x1ee80, 0x1ee8a, 0x1ee8b, 0x1ee9c, 0x1eea1, 0x1eea4, 0x1eea5, 0x1eeaa,
    0x1eeab, 0x1eebc, 0x1eef0, 0x1eef2, 0x1f8d0, 0x1f8d9,
];

static BINARY_PROPERTY_NONCHARACTER_CODE_POINT: &[i32] = &[
    0xfdd0, 0xfdf0, 0xfffe, 0x10000, 0x1fffe, 0x20000, 0x2fffe, 0x30000, 0x3fffe, 0x40000, 0x4fffe, 0x50000,
    0x5fffe, 0x60000, 0x6fffe, 0x70000, 0x7fffe, 0x80000, 0x8fffe, 0x90000, 0x9fffe, 0xa0000, 0xafffe, 0xb0000,
    0xbfffe, 0xc0000, 0xcfffe, 0xd0000, 0xdfffe, 0xe0000, 0xefffe, 0xf0000, 0xffffe, 0x100000, 0x10fffe, 0x110000,
];

static BINARY_PROPERTY_PATTERN_SYNTAX: &[i32] = &[
    0x21, 0x30, 0x3a, 0x41, 0x5b, 0x5f, 0x60, 0x61, 0x7b, 0x7f, 0xa1, 0xa8,
    0xa9, 0xaa, 0xab, 0xad, 0xae, 0xaf, 0xb0, 0xb2, 0xb6, 0xb7, 0xbb, 0xbc,
    0xbf, 0xc0, 0xd7, 0xd8, 0xf7, 0xf8, 0x2010, 0x2028, 0x2030, 0x203f, 0x2041, 0x2054,
    0x2055, 0x205f, 0x2190, 0x2460, 0x2500, 0x2776, 0x2794, 0x2c00, 0x2e00, 0x2e80, 0x3001, 0x3004,
    0x3008, 0x3021, 0x3030, 0x3031, 0xfd3e, 0xfd40, 0xfe45, 0xfe47,
];

static BINARY_PROPERTY_PATTERN_WHITE_SPACE: &[i32] = &[
    0x9, 0xe, 0x20, 0x21, 0x85, 0x86, 0x200e, 0x2010, 0x2028, 0x202a,
];

static BINARY_PROPERTY_QUOTATION_MARK: &[i32] = &[
    0x22, 0x23, 0x27, 0x28, 0xab, 0xac, 0xbb, 0xbc, 0x2018, 0x2020, 0x2039, 0x203b,
    0x2e42, 0x2e43, 0x300c, 0x3010, 0x301d, 0x3020, 0xfe41, 0xfe45, 0xff02, 0xff03, 0xff07, 0xff08,
    0xff62, 0xff64,
];

static BINARY_PROPERTY_RADICAL: &[i32] = &[
    0x2e80, 0x2e9a, 0x2e9b, 0x2ef4, 0x2f00, 0x2fd6,
];

static BINARY_PROPERTY_REGIONAL_INDICATOR: &[i32] = &[
    0x1f1e6, 0x1f200,
];

static BINARY_PROPERTY_SENTENCE_TERMINAL: &[i32] = &[
    0x21, 0x22, 0x2e, 0x2f, 0x3f, 0x40, 0x589, 0x58a, 0x61d, 0x620, 0x6d4, 0x6d5,
    0x700, 0x703, 0x7f9, 0x7fa, 0x837, 0x838, 0x839, 0x83a, 0x83d, 0x83f, 0x964, 0x966,
    0x104a, 0x104c, 0x1362, 0x1363, 0x1367, 0x1369, 0x166e, 0x166f, 0x1735, 0x1737, 0x17d4, 0x17d6,
    0x1803, 0x1804, 0x1809, 0x180a, 0x1944, 0x1946, 0x1aa8, 0x1aac, 0x1b4e, 0x1b50, 0x1b5a, 0x1b5c,
    0x1b5e, 0x1b60, 0x1b7d, 0x1b80, 0x1c3b, 0x1c3d, 0x1c7e, 0x1c80, 0x2024, 0x2025, 0x203c, 0x203e,
    0x2047, 0x204a, 0x2cf9, 0x2cfc, 0x2e2e, 0x2e2f, 0x2e3c, 0x2e3d, 0x2e53, 0x2e55, 0x3002, 0x3003,
    0xa4ff, 0xa500, 0xa60e, 0xa610, 0xa6f3, 0xa6f4, 0xa6f7, 0xa6f8, 0xa876, 0xa878, 0xa8ce, 0xa8d0,
    0xa92f, 0xa930, 0xa9c8, 0xa9ca, 0xaa5d, 0xaa60, 0xaaf0, 0xaaf2, 0xabeb, 0xabec, 0xfe12, 0xfe13,
    0xfe15, 0xfe17, 0xfe52, 0xfe53, 0xfe56, 0xfe58, 0xff01, 0xff02, 0xff0e, 0xff0f, 0xff1f, 0xff20,
    0xff61, 0xff62, 0x10a56, 0x10a58, 0x10f55, 0x10f5a, 0x10f86, 0x10f8a, 0x11047, 0x11049, 0x110be, 0x110c2,
    0x11141, 0x11144, 0x111c5, 0x111c7, 0x111cd, 0x111ce, 0x111de, 0x111e0, 0x11238, 0x1123a, 0x1123b, 0x1123d,
    0x112a9, 0x112aa, 0x113d4, 0x113d6, 0x1144b, 0x1144d, 0x115c2, 0x115c4, 0x115c9, 0x115d8, 0x11641, 0x11643,
    0x1173c, 0x1173f, 0x11944, 0x11945, 0x11946, 0x11947, 0x11a42, 0x11a44, 0x11a9b, 0x11a9d, 0x11c41, 0x11c43,
    0x11ef7, 0x11ef9, 0x11f43, 0x11f45, 0x16a6e, 0x16a70, 0x16af5, 0x16af6, 0x16b37, 0x16b39, 0x16b44, 0x16b45,
    0x16d6e, 0x16d70, 0x16e98, 0x16e99, 0x1bc9f, 0x1bca0, 0x1da88, 0x1da89,
];

static BINARY_PROPERTY_SOFT_DOTTED: &[i32] = &[
    0x69, 0x6b, 0x12f, 0x130, 0x249, 0x24a, 0x268, 0x269, 0x29d, 0x29e, 0x2b2, 0x2b3,
    0x3f3, 0x3f4, 0x456, 0x457, 0x458, 0x459, 0x1d62, 0x1d63, 0x1d96, 0x1d97, 0x1da4, 0x1da5,
    0x1da8, 0x1da9, 0x1e2d, 0x1e2e, 0x1ecb, 0x1ecc, 0x2071, 0x2072, 0x2148, 0x214a, 0x2c7c, 0x2c7d,
    0x1d422, 0x1d424, 0x1d456, 0x1d458, 0x1d48a, 0x1d48c, 0x1d4be, 0x1d4c0, 0x1d4f2, 0x1d4f4, 0x1d526, 0x1d528,
    0x1d55a, 0x1d55c, 0x1d58e, 0x1d590, 0x1d5c2, 0x1d5c4, 0x1d5f6, 0x1d5f8, 0x1d62a, 0x1d62c, 0x1d65e, 0x1d660,
    0x1d692, 0x1d694, 0x1df1a, 0x1df1b, 0x1e04c, 0x1e04e, 0x1e068, 0x1e069,
];

static BINARY_PROPERTY_TERMINAL_PUNCTUATION: &[i32] = &[
    0x21, 0x22, 0x2c, 0x2d, 0x2e, 0x2f, 0x3a, 0x3c, 0x3f, 0x40, 0x37e, 0x37f,
    0x387, 0x388, 0x589, 0x58a, 0x5c3, 0x5c4, 0x60c, 0x60d, 0x61b, 0x61c, 0x61d, 0x620,
    0x6d4, 0x6d5, 0x700, 0x70b, 0x70c, 0x70d, 0x7f8, 0x7fa, 0x830, 0x836, 0x837, 0x83f,
    0x85e, 0x85f, 0x964, 0x966, 0xe5a, 0xe5c, 0xf08, 0xf09, 0xf0d, 0xf13, 0x104a, 0x104c,
    0x1361, 0x1369, 0x166e, 0x166f, 0x16eb, 0x16ee, 0x1735, 0x1737, 0x17d4, 0x17d7, 0x17da, 0x17db,
    0x1802, 0x1806, 0x1808, 0x180a, 0x1944, 0x1946, 0x1aa8, 0x1aac, 0x1b4e, 0x1b50, 0x1b5a, 0x1b5c,
    0x1b5d, 0x1b60, 0x1b7d, 0x1b80, 0x1c3b, 0x1c40, 0x1c7e, 0x1c80, 0x2024, 0x2025, 0x203c, 0x203e,
    0x2047, 0x204a, 0x2cf9, 0x2cfc, 0x2e2e, 0x2e2f, 0x2e3c, 0x2e3d, 0x2e41, 0x2e42, 0x2e4c, 0x2e4d,
    0x2e4e, 0x2e50, 0x2e53, 0x2e55, 0x3001, 0x3003, 0xa4fe, 0xa500, 0xa60d, 0xa610, 0xa6f3, 0xa6f8,
    0xa876, 0xa878, 0xa8ce, 0xa8d0, 0xa92f, 0xa930, 0xa9c7, 0xa9ca, 0xaa5d, 0xaa60, 0xaadf, 0xaae0,
    0xaaf0, 0xaaf2, 0xabeb, 0xabec, 0xfe12, 0xfe13, 0xfe15, 0xfe17, 0xfe50, 0xfe53, 0xfe54, 0xfe58,
    0xff01, 0xff02, 0xff0c, 0xff0d, 0xff0e, 0xff0f, 0xff1a, 0xff1c, 0xff1f, 0xff20, 0xff61, 0xff62,
    0xff64, 0xff65, 0x1039f, 0x103a0, 0x103d0, 0x103d1, 0x10857, 0x10858, 0x1091f, 0x10920, 0x10a56, 0x10a58,
    0x10af0, 0x10af6, 0x10b3a, 0x10b40, 0x10b99, 0x10b9d, 0x10f55, 0x10f5a, 0x10f86, 0x10f8a, 0x11047, 0x1104e,
    0x110be, 0x110c2, 0x11141, 0x11144, 0x111c5, 0x111c7, 0x111cd, 0x111ce, 0x111de, 0x111e0, 0x11238, 0x1123d,
    0x112a9, 0x112aa, 0x113d4, 0x113d6, 0x1144b, 0x1144e, 0x1145a, 0x1145c, 0x115c2, 0x115c6, 0x115c9, 0x115d8,
    0x11641, 0x11643, 0x1173c, 0x1173f, 0x11944, 0x11945, 0x11946, 0x11947, 0x11a42, 0x11a44, 0x11a9b, 0x11a9d,
    0x11aa1, 0x11aa3, 0x11c41, 0x11c44, 0x11c71, 0x11c72, 0x11ef7, 0x11ef9, 0x11f43, 0x11f45, 0x12470, 0x12475,
    0x16a6e, 0x16a70, 0x16af5, 0x16af6, 0x16b37, 0x16b3a, 0x16b44, 0x16b45, 0x16d6e, 0x16d70, 0x16e97, 0x16e99,
    0x1bc9f, 0x1bca0, 0x1da87, 0x1da8b,
];

static BINARY_PROPERTY_UNIFIED_IDEOGRAPH: &[i32] = &[
    0x3400, 0x4dc0, 0x4e00, 0xa000, 0xfa0e, 0xfa10, 0xfa11, 0xfa12, 0xfa13, 0xfa15, 0xfa1f, 0xfa20,
    0xfa21, 0xfa22, 0xfa23, 0xfa25, 0xfa27, 0xfa2a, 0x20000, 0x2a6e0, 0x2a700, 0x2b81e, 0x2b820, 0x2ceae,
    0x2ceb0, 0x2ebe1, 0x2ebf0, 0x2ee5e, 0x30000, 0x3134b, 0x31350, 0x3347a,
];

static BINARY_PROPERTY_UPPERCASE: &[i32] = &[
    0x41, 0x5b, 0xc0, 0xd7, 0xd8, 0xdf, 0x100, 0x101, 0x102, 0x103, 0x104, 0x105,
    0x106, 0x107, 0x108, 0x109, 0x10a, 0x10b, 0x10c, 0x10d, 0x10e, 0x10f, 0x110, 0x111,
    0x112, 0x113, 0x114, 0x115, 0x116, 0x117, 0x118, 0x119, 0x11a, 0x11b, 0x11c, 0x11d,
    0x11e, 0x11f, 0x120, 0x121, 0x122, 0x123, 0x124, 0x125, 0x126, 0x127, 0x128, 0x129,
    0x12a, 0x12b, 0x12c, 0x12d, 0x12e, 0x12f, 0x130, 0x131, 0x132, 0x133, 0x134, 0x135,
    0x136, 0x137, 0x139, 0x13a, 0x13b, 0x13c, 0x13d, 0x13e, 0x13f, 0x140, 0x141, 0x142,
    0x143, 0x144, 0x145, 0x146, 0x147, 0x148, 0x14a, 0x14b, 0x14c, 0x14d, 0x14e, 0x14f,
    0x150, 0x151, 0x152, 0x153, 0x154, 0x155, 0x156, 0x157, 0x158, 0x159, 0x15a, 0x15b,
    0x15c, 0x15d, 0x15e, 0x15f, 0x160, 0x161, 0x162, 0x163, 0x164, 0x165, 0x166, 0x167,
    0x168, 0x169, 0x16a, 0x16b, 0x16c, 0x16d, 0x16e, 0x16f, 0x170, 0x171, 0x172, 0x173,
    0x174, 0x175, 0x176, 0x177, 0x178, 0x17a, 0x17b, 0x17c, 0x17d, 0x17e, 0x181, 0x183,
    0x184, 0x185, 0x186, 0x188, 0x189, 0x18c, 0x18e, 0x192, 0x193, 0x195, 0x196, 0x199,
    0x19c, 0x19e, 0x19f, 0x1a1, 0x1a2, 0x1a3, 0x1a4, 0x1a5, 0x1a6, 0x1a8, 0x1a9, 0x1aa,
    0x1ac, 0x1ad, 0x1ae, 0x1b0, 0x1b1, 0x1b4, 0x1b5, 0x1b6, 0x1b7, 0x1b9, 0x1bc, 0x1bd,
    0x1c4, 0x1c5, 0x1c7, 0x1c8, 0x1ca, 0x1cb, 0x1cd, 0x1ce, 0x1cf, 0x1d0, 0x1d1, 0x1d2,
    0x1d3, 0x1d4, 0x1d5, 0x1d6, 0x1d7, 0x1d8, 0x1d9, 0x1da, 0x1db, 0x1dc, 0x1de, 0x1df,
    0x1e0, 0x1e1, 0x1e2, 0x1e3, 0x1e4, 0x1e5, 0x1e6, 0x1e7, 0x1e8, 0x1e9, 0x1ea, 0x1eb,
    0x1ec, 0x1ed, 0x1ee, 0x1ef, 0x1f1, 0x1f2, 0x1f4, 0x1f5, 0x1f6, 0x1f9, 0x1fa, 0x1fb,
    0x1fc, 0x1fd, 0x1fe, 0x1ff, 0x200, 0x201, 0x202, 0x203, 0x204, 0x205, 0x206, 0x207,
    0x208, 0x209, 0x20a, 0x20b, 0x20c, 0x20d, 0x20e, 0x20f, 0x210, 0x211, 0x212, 0x213,
    0x214, 0x215, 0x216, 0x217, 0x218, 0x219, 0x21a, 0x21b, 0x21c, 0x21d, 0x21e, 0x21f,
    0x220, 0x221, 0x222, 0x223, 0x224, 0x225, 0x226, 0x227, 0x228, 0x229, 0x22a, 0x22b,
    0x22c, 0x22d, 0x22e, 0x22f, 0x230, 0x231, 0x232, 0x233, 0x23a, 0x23c, 0x23d, 0x23f,
    0x241, 0x242, 0x243, 0x247, 0x248, 0x249, 0x24a, 0x24b, 0x24c, 0x24d, 0x24e, 0x24f,
    0x370, 0x371, 0x372, 0x373, 0x376, 0x377, 0x37f, 0x380, 0x386, 0x387, 0x388, 0x38b,
    0x38c, 0x38d, 0x38e, 0x390, 0x391, 0x3a2, 0x3a3, 0x3ac, 0x3cf, 0x3d0, 0x3d2, 0x3d5,
    0x3d8, 0x3d9, 0x3da, 0x3db, 0x3dc, 0x3dd, 0x3de, 0x3df, 0x3e0, 0x3e1, 0x3e2, 0x3e3,
    0x3e4, 0x3e5, 0x3e6, 0x3e7, 0x3e8, 0x3e9, 0x3ea, 0x3eb, 0x3ec, 0x3ed, 0x3ee, 0x3ef,
    0x3f4, 0x3f5, 0x3f7, 0x3f8, 0x3f9, 0x3fb, 0x3fd, 0x430, 0x460, 0x461, 0x462, 0x463,
    0x464, 0x465, 0x466, 0x467, 0x468, 0x469, 0x46a, 0x46b, 0x46c, 0x46d, 0x46e, 0x46f,
    0x470, 0x471, 0x472, 0x473, 0x474, 0x475, 0x476, 0x477, 0x478, 0x479, 0x47a, 0x47b,
    0x47c, 0x47d, 0x47e, 0x47f, 0x480, 0x481, 0x48a, 0x48b, 0x48c, 0x48d, 0x48e, 0x48f,
    0x490, 0x491, 0x492, 0x493, 0x494, 0x495, 0x496, 0x497, 0x498, 0x499, 0x49a, 0x49b,
    0x49c, 0x49d, 0x49e, 0x49f, 0x4a0, 0x4a1, 0x4a2, 0x4a3, 0x4a4, 0x4a5, 0x4a6, 0x4a7,
    0x4a8, 0x4a9, 0x4aa, 0x4ab, 0x4ac, 0x4ad, 0x4ae, 0x4af, 0x4b0, 0x4b1, 0x4b2, 0x4b3,
    0x4b4, 0x4b5, 0x4b6, 0x4b7, 0x4b8, 0x4b9, 0x4ba, 0x4bb, 0x4bc, 0x4bd, 0x4be, 0x4bf,
    0x4c0, 0x4c2, 0x4c3, 0x4c4, 0x4c5, 0x4c6, 0x4c7, 0x4c8, 0x4c9, 0x4ca, 0x4cb, 0x4cc,
    0x4cd, 0x4ce, 0x4d0, 0x4d1, 0x4d2, 0x4d3, 0x4d4, 0x4d5, 0x4d6, 0x4d7, 0x4d8, 0x4d9,
    0x4da, 0x4db, 0x4dc, 0x4dd, 0x4de, 0x4df, 0x4e0, 0x4e1, 0x4e2, 0x4e3, 0x4e4, 0x4e5,
    0x4e6, 0x4e7, 0x4e8, 0x4e9, 0x4ea, 0x4eb, 0x4ec, 0x4ed, 0x4ee, 0x4ef, 0x4f0, 0x4f1,
    0x4f2, 0x4f3, 0x4f4, 0x4f5, 0x4f6, 0x4f7, 0x4f8, 0x4f9, 0x4fa, 0x4fb, 0x4fc, 0x4fd,
    0x4fe, 0x4ff, 0x500, 0x501, 0x502, 0x503, 0x504, 0x505, 0x506, 0x507, 0x508, 0x509,
    0x50a, 0x50b, 0x50c, 0x50d, 0x50e, 0x50f, 0x510, 0x511, 0x512, 0x513, 0x514, 0x515,
    0x516, 0x517, 0x518, 0x519, 0x51a, 0x51b, 0x51c, 0x51d, 0x51e, 0x51f, 0x520, 0x521,
    0x522, 0x523, 0x524, 0x525, 0x526, 0x527, 0x528, 0x529, 0x52a, 0x52b, 0x52c, 0x52d,
    0x52e, 0x52f, 0x531, 0x557, 0x10a0, 0x10c6, 0x10c7, 0x10c8, 0x10cd, 0x10ce, 0x13a0, 0x13f6,
    0x1c89, 0x1c8a, 0x1c90, 0x1cbb, 0x1cbd, 0x1cc0, 0x1e00, 0x1e01, 0x1e02, 0x1e03, 0x1e04, 0x1e05,
    0x1e06, 0x1e07, 0x1e08, 0x1e09, 0x1e0a, 0x1e0b, 0x1e0c, 0x1e0d, 0x1e0e, 0x1e0f, 0x1e10, 0x1e11,
    0x1e12, 0x1e13, 0x1e14, 0x1e15, 0x1e16, 0x1e17, 0x1e18, 0x1e19, 0x1e1a, 0x1e1b, 0x1e1c, 0x1e1d,
    0x1e1e, 0x1e1f, 0x1e20, 0x1e21, 0x1e22, 0x1e23, 0x1e24, 0x1e25, 0x1e26, 0x1e27, 0x1e28, 0x1e29,
    0x1e2a, 0x1e2b, 0x1e2c, 0x1e2d, 0x1e2e, 0x1e2f, 0x1e30, 0x1e31, 0x1e32, 0x1e33, 0x1e34, 0x1e35,
    0x1e36, 0x1e37, 0x1e38, 0x1e39, 0x1e3a, 0x1e3b, 0x1e3c, 0x1e3d, 0x1e3e, 0x1e3f, 0x1e40, 0x1e41,
    0x1e42, 0x1e43, 0x1e44, 0x1e45, 0x1e46, 0x1e47, 0x1e48, 0x1e49, 0x1e4a, 0x1e4b, 0x1e4c, 0x1e4d,
    0x1e4e, 0x1e4f, 0x1e50, 0x1e51, 0x1e52, 0x1e53, 0x1e54, 0x1e55, 0x1e56, 0x1e57, 0x1e58, 0x1e59,
    0x1e5a, 0x1e5b, 0x1e5c, 0x1e5d, 0x1e5e, 0x1e5f, 0x1e60, 0x1e61, 0x1e62, 0x1e63, 0x1e64, 0x1e65,
    0x1e66, 0x1e67, 0x1e68, 0x1e69, 0x1e6a, 0x1e6b, 0x1e6c, 0x1e6d, 0x1e6e, 0x1e6f, 0x1e70, 0x1e71,
    0x1e72, 0x1e73, 0x1e74, 0x1e75, 0x1e76, 0x1e77, 0x1e78, 0x1e79, 0x1e7a, 0x1e7b, 0x1e7c, 0x1e7d,
    0x1e7e, 0x1e7f, 0x1e80, 0x1e81, 0x1e82, 0x1e83, 0x1e84, 0x1e85, 0x1e86, 0x1e87, 0x1e88, 0x1e89,
    0x1e8a, 0x1e8b, 0x1e8c, 0x1e8d, 0x1e8e, 0x1e8f, 0x1e90, 0x1e91, 0x1e92, 0x1e93, 0x1e94, 0x1e95,
    0x1e9e, 0x1e9f, 0x1ea0, 0x1ea1, 0x1ea2, 0x1ea3, 0x1ea4, 0x1ea5, 0x1ea6, 0x1ea7, 0x1ea8, 0x1ea9,
    0x1eaa, 0x1eab, 0x1eac, 0x1ead, 0x1eae, 0x1eaf, 0x1eb0, 0x1eb1, 0x1eb2, 0x1eb3, 0x1eb4, 0x1eb5,
    0x1eb6, 0x1eb7, 0x1eb8, 0x1eb9, 0x1eba, 0x1ebb, 0x1ebc, 0x1ebd, 0x1ebe, 0x1ebf, 0x1ec0, 0x1ec1,
    0x1ec2, 0x1ec3, 0x1ec4, 0x1ec5, 0x1ec6, 0x1ec7, 0x1ec8, 0x1ec9, 0x1eca, 0x1ecb, 0x1ecc, 0x1ecd,
    0x1ece, 0x1ecf, 0x1ed0, 0x1ed1, 0x1ed2, 0x1ed3, 0x1ed4, 0x1ed5, 0x1ed6, 0x1ed7, 0x1ed8, 0x1ed9,
    0x1eda, 0x1edb, 0x1edc, 0x1edd, 0x1ede, 0x1edf, 0x1ee0, 0x1ee1, 0x1ee2, 0x1ee3, 0x1ee4, 0x1ee5,
    0x1ee6, 0x1ee7, 0x1ee8, 0x1ee9, 0x1eea, 0x1eeb, 0x1eec, 0x1eed, 0x1eee, 0x1eef, 0x1ef0, 0x1ef1,
    0x1ef2, 0x1ef3, 0x1ef4, 0x1ef5, 0x1ef6, 0x1ef7, 0x1ef8, 0x1ef9, 0x1efa, 0x1efb, 0x1efc, 0x1efd,
    0x1efe, 0x1eff, 0x1f08, 0x1f10, 0x1f18, 0x1f1e, 0x1f28, 0x1f30, 0x1f38, 0x1f40, 0x1f48, 0x1f4e,
    0x1f59, 0x1f5a, 0x1f5b, 0x1f5c, 0x1f5d, 0x1f5e, 0x1f5f, 0x1f60, 0x1f68, 0x1f70, 0x1fb8, 0x1fbc,
    0x1fc8, 0x1fcc, 0x1fd8, 0x1fdc, 0x1fe8, 0x1fed, 0x1ff8, 0x1ffc, 0x2102, 0x2103, 0x2107, 0x2108,
    0x210b, 0x210e, 0x2110, 0x2113, 0x2115, 0x2116, 0x2119, 0x211e, 0x2124, 0x2125, 0x2126, 0x2127,
    0x2128, 0x2129, 0x212a, 0x212e, 0x2130, 0x2134, 0x213e, 0x2140, 0x2145, 0x2146, 0x2160, 0x2170,
    0x2183, 0x2184, 0x24b6, 0x24d0, 0x2c00, 0x2c30, 0x2c60, 0x2c61, 0x2c62, 0x2c65, 0x2c67, 0x2c68,
    0x2c69, 0x2c6a, 0x2c6b, 0x2c6c, 0x2c6d, 0x2c71, 0x2c72, 0x2c73, 0x2c75, 0x2c76, 0x2c7e, 0x2c81,
    0x2c82, 0x2c83, 0x2c84, 0x2c85, 0x2c86, 0x2c87, 0x2c88, 0x2c89, 0x2c8a, 0x2c8b, 0x2c8c, 0x2c8d,
    0x2c8e, 0x2c8f, 0x2c90, 0x2c91, 0x2c92, 0x2c93, 0x2c94, 0x2c95, 0x2c96, 0x2c97, 0x2c98, 0x2c99,
    0x2c9a, 0x2c9b, 0x2c9c, 0x2c9d, 0x2c9e, 0x2c9f, 0x2ca0, 0x2ca1, 0x2ca2, 0x2ca3, 0x2ca4, 0x2ca5,
    0x2ca6, 0x2ca7, 0x2ca8, 0x2ca9, 0x2caa, 0x2cab, 0x2cac, 0x2cad, 0x2cae, 0x2caf, 0x2cb0, 0x2cb1,
    0x2cb2, 0x2cb3, 0x2cb4, 0x2cb5, 0x2cb6, 0x2cb7, 0x2cb8, 0x2cb9, 0x2cba, 0x2cbb, 0x2cbc, 0x2cbd,
    0x2cbe, 0x2cbf, 0x2cc0, 0x2cc1, 0x2cc2, 0x2cc3, 0x2cc4, 0x2cc5, 0x2cc6, 0x2cc7, 0x2cc8, 0x2cc9,
    0x2cca, 0x2ccb, 0x2ccc, 0x2ccd, 0x2cce, 0x2ccf, 0x2cd0, 0x2cd1, 0x2cd2, 0x2cd3, 0x2cd4, 0x2cd5,
    0x2cd6, 0x2cd7, 0x2cd8, 0x2cd9, 0x2cda, 0x2cdb, 0x2cdc, 0x2cdd, 0x2cde, 0x2cdf, 0x2ce0, 0x2ce1,
    0x2ce2, 0x2ce3, 0x2ceb, 0x2cec, 0x2ced, 0x2cee, 0x2cf2, 0x2cf3, 0xa640, 0xa641, 0xa642, 0xa643,
    0xa644, 0xa645, 0xa646, 0xa647, 0xa648, 0xa649, 0xa64a, 0xa64b, 0xa64c, 0xa64d, 0xa64e, 0xa64f,
    0xa650, 0xa651, 0xa652, 0xa653, 0xa654, 0xa655, 0xa656, 0xa657, 0xa658, 0xa659, 0xa65a, 0xa65b,
    0xa65c, 0xa65d, 0xa65e, 0xa65f, 0xa660, 0xa661, 0xa662, 0xa663, 0xa664, 0xa665, 0xa666, 0xa667,
    0xa668, 0xa669, 0xa66a, 0xa66b, 0xa66c, 0xa66d, 0xa680, 0xa681, 0xa682, 0xa683, 0xa684, 0xa685,
    0xa686, 0xa687, 0xa688, 0xa689, 0xa68a, 0xa68b, 0xa68c, 0xa68d, 0xa68e, 0xa68f, 0xa690, 0xa691,
    0xa692, 0xa693, 0xa694, 0xa695, 0xa696, 0xa697, 0xa698, 0xa699, 0xa69a, 0xa69b, 0xa722, 0xa723,
    0xa724, 0xa725, 0xa726, 0xa727, 0xa728, 0xa729, 0xa72a, 0xa72b, 0xa72c, 0xa72d, 0xa72e, 0xa72f,
    0xa732, 0xa733, 0xa734, 0xa735, 0xa736, 0xa737, 0xa738, 0xa739, 0xa73a, 0xa73b, 0xa73c, 0xa73d,
    0xa73e, 0xa73f, 0xa740, 0xa741, 0xa742, 0xa743, 0xa744, 0xa745, 0xa746, 0xa747, 0xa748, 0xa749,
    0xa74a, 0xa74b, 0xa74c, 0xa74d, 0xa74e, 0xa74f, 0xa750, 0xa751, 0xa752, 0xa753, 0xa754, 0xa755,
    0xa756, 0xa757, 0xa758, 0xa759, 0xa75a, 0xa75b, 0xa75c, 0xa75d, 0xa75e, 0xa75f, 0xa760, 0xa761,
    0xa762, 0xa763, 0xa764, 0xa765, 0xa766, 0xa767, 0xa768, 0xa769, 0xa76a, 0xa76b, 0xa76c, 0xa76d,
    0xa76e, 0xa76f, 0xa779, 0xa77a, 0xa77b, 0xa77c, 0xa77d, 0xa77f, 0xa780, 0xa781, 0xa782, 0xa783,
    0xa784, 0xa785, 0xa786, 0xa787, 0xa78b, 0xa78c, 0xa78d, 0xa78e, 0xa790, 0xa791, 0xa792, 0xa793,
    0xa796, 0xa797, 0xa798, 0xa799, 0xa79a, 0xa79b, 0xa79c, 0xa79d, 0xa79e, 0xa79f, 0xa7a0, 0xa7a1,
    0xa7a2, 0xa7a3, 0xa7a4, 0xa7a5, 0xa7a6, 0xa7a7, 0xa7a8, 0xa7a9, 0xa7aa, 0xa7af, 0xa7b0, 0xa7b5,
    0xa7b6, 0xa7b7, 0xa7b8, 0xa7b9, 0xa7ba, 0xa7bb, 0xa7bc, 0xa7bd, 0xa7be, 0xa7bf, 0xa7c0, 0xa7c1,
    0xa7c2, 0xa7c3, 0xa7c4, 0xa7c8, 0xa7c9, 0xa7ca, 0xa7cb, 0xa7cd, 0xa7ce, 0xa7cf, 0xa7d0, 0xa7d1,
    0xa7d2, 0xa7d3, 0xa7d4, 0xa7d5, 0xa7d6, 0xa7d7, 0xa7d8, 0xa7d9, 0xa7da, 0xa7db, 0xa7dc, 0xa7dd,
    0xa7f5, 0xa7f6, 0xff21, 0xff3b, 0x10400, 0x10428, 0x104b0, 0x104d4, 0x10570, 0x1057b, 0x1057c, 0x1058b,
    0x1058c, 0x10593, 0x10594, 0x10596, 0x10c80, 0x10cb3, 0x10d50, 0x10d66, 0x118a0, 0x118c0, 0x16e40, 0x16e60,
    0x16ea0, 0x16eb9, 0x1d400, 0x1d41a, 0x1d434, 0x1d44e, 0x1d468, 0x1d482, 0x1d49c, 0x1d49d, 0x1d49e, 0x1d4a0,
    0x1d4a2, 0x1d4a3, 0x1d4a5, 0x1d4a7, 0x1d4a9, 0x1d4ad, 0x1d4ae, 0x1d4b6, 0x1d4d0, 0x1d4ea, 0x1d504, 0x1d506,
    0x1d507, 0x1d50b, 0x1d50d, 0x1d515, 0x1d516, 0x1d51d, 0x1d538, 0x1d53a, 0x1d53b, 0x1d53f, 0x1d540, 0x1d545,
    0x1d546, 0x1d547, 0x1d54a, 0x1d551, 0x1d56c, 0x1d586, 0x1d5a0, 0x1d5ba, 0x1d5d4, 0x1d5ee, 0x1d608, 0x1d622,
    0x1d63c, 0x1d656, 0x1d670, 0x1d68a, 0x1d6a8, 0x1d6c1, 0x1d6e2, 0x1d6fb, 0x1d71c, 0x1d735, 0x1d756, 0x1d76f,
    0x1d790, 0x1d7a9, 0x1d7ca, 0x1d7cb, 0x1e900, 0x1e922, 0x1f130, 0x1f14a, 0x1f150, 0x1f16a, 0x1f170, 0x1f18a,
];

static BINARY_PROPERTY_VARIATION_SELECTOR: &[i32] = &[
    0x180b, 0x180e, 0x180f, 0x1810, 0xfe00, 0xfe10, 0xe0100, 0xe01f0,
];

static BINARY_PROPERTY_WHITE_SPACE: &[i32] = &[
    0x9, 0xe, 0x20, 0x21, 0x85, 0x86, 0xa0, 0xa1, 0x1680, 0x1681, 0x2000, 0x200b,
    0x2028, 0x202a, 0x202f, 0x2030, 0x205f, 0x2060, 0x3000, 0x3001,
];

static BINARY_PROPERTY_XID_CONTINUE: &[i32] = &[
    0x30, 0x3a, 0x41, 0x5b, 0x5f, 0x60, 0x61, 0x7b, 0xaa, 0xab, 0xb5, 0xb6,
    0xb7, 0xb8, 0xba, 0xbb, 0xc0, 0xd7, 0xd8, 0xf7, 0xf8, 0x2c2, 0x2c6, 0x2d2,
    0x2e0, 0x2e5, 0x2ec, 0x2ed, 0x2ee, 0x2ef, 0x300, 0x375, 0x376, 0x378, 0x37b, 0x37e,
    0x37f, 0x380, 0x386, 0x38b, 0x38c, 0x38d, 0x38e, 0x3a2, 0x3a3, 0x3f6, 0x3f7, 0x482,
    0x483, 0x488, 0x48a, 0x530, 0x531, 0x557, 0x559, 0x55a, 0x560, 0x589, 0x591, 0x5be,
    0x5bf, 0x5c0, 0x5c1, 0x5c3, 0x5c4, 0x5c6, 0x5c7, 0x5c8, 0x5d0, 0x5eb, 0x5ef, 0x5f3,
    0x610, 0x61b, 0x620, 0x66a, 0x66e, 0x6d4, 0x6d5, 0x6dd, 0x6df, 0x6e9, 0x6ea, 0x6fd,
    0x6ff, 0x700, 0x710, 0x74b, 0x74d, 0x7b2, 0x7c0, 0x7f6, 0x7fa, 0x7fb, 0x7fd, 0x7fe,
    0x800, 0x82e, 0x840, 0x85c, 0x860, 0x86b, 0x870, 0x888, 0x889, 0x890, 0x897, 0x8e2,
    0x8e3, 0x964, 0x966, 0x970, 0x971, 0x984, 0x985, 0x98d, 0x98f, 0x991, 0x993, 0x9a9,
    0x9aa, 0x9b1, 0x9b2, 0x9b3, 0x9b6, 0x9ba, 0x9bc, 0x9c5, 0x9c7, 0x9c9, 0x9cb, 0x9cf,
    0x9d7, 0x9d8, 0x9dc, 0x9de, 0x9df, 0x9e4, 0x9e6, 0x9f2, 0x9fc, 0x9fd, 0x9fe, 0x9ff,
    0xa01, 0xa04, 0xa05, 0xa0b, 0xa0f, 0xa11, 0xa13, 0xa29, 0xa2a, 0xa31, 0xa32, 0xa34,
    0xa35, 0xa37, 0xa38, 0xa3a, 0xa3c, 0xa3d, 0xa3e, 0xa43, 0xa47, 0xa49, 0xa4b, 0xa4e,
    0xa51, 0xa52, 0xa59, 0xa5d, 0xa5e, 0xa5f, 0xa66, 0xa76, 0xa81, 0xa84, 0xa85, 0xa8e,
    0xa8f, 0xa92, 0xa93, 0xaa9, 0xaaa, 0xab1, 0xab2, 0xab4, 0xab5, 0xaba, 0xabc, 0xac6,
    0xac7, 0xaca, 0xacb, 0xace, 0xad0, 0xad1, 0xae0, 0xae4, 0xae6, 0xaf0, 0xaf9, 0xb00,
    0xb01, 0xb04, 0xb05, 0xb0d, 0xb0f, 0xb11, 0xb13, 0xb29, 0xb2a, 0xb31, 0xb32, 0xb34,
    0xb35, 0xb3a, 0xb3c, 0xb45, 0xb47, 0xb49, 0xb4b, 0xb4e, 0xb55, 0xb58, 0xb5c, 0xb5e,
    0xb5f, 0xb64, 0xb66, 0xb70, 0xb71, 0xb72, 0xb82, 0xb84, 0xb85, 0xb8b, 0xb8e, 0xb91,
    0xb92, 0xb96, 0xb99, 0xb9b, 0xb9c, 0xb9d, 0xb9e, 0xba0, 0xba3, 0xba5, 0xba8, 0xbab,
    0xbae, 0xbba, 0xbbe, 0xbc3, 0xbc6, 0xbc9, 0xbca, 0xbce, 0xbd0, 0xbd1, 0xbd7, 0xbd8,
    0xbe6, 0xbf0, 0xc00, 0xc0d, 0xc0e, 0xc11, 0xc12, 0xc29, 0xc2a, 0xc3a, 0xc3c, 0xc45,
    0xc46, 0xc49, 0xc4a, 0xc4e, 0xc55, 0xc57, 0xc58, 0xc5b, 0xc5c, 0xc5e, 0xc60, 0xc64,
    0xc66, 0xc70, 0xc80, 0xc84, 0xc85, 0xc8d, 0xc8e, 0xc91, 0xc92, 0xca9, 0xcaa, 0xcb4,
    0xcb5, 0xcba, 0xcbc, 0xcc5, 0xcc6, 0xcc9, 0xcca, 0xcce, 0xcd5, 0xcd7, 0xcdc, 0xcdf,
    0xce0, 0xce4, 0xce6, 0xcf0, 0xcf1, 0xcf4, 0xd00, 0xd0d, 0xd0e, 0xd11, 0xd12, 0xd45,
    0xd46, 0xd49, 0xd4a, 0xd4f, 0xd54, 0xd58, 0xd5f, 0xd64, 0xd66, 0xd70, 0xd7a, 0xd80,
    0xd81, 0xd84, 0xd85, 0xd97, 0xd9a, 0xdb2, 0xdb3, 0xdbc, 0xdbd, 0xdbe, 0xdc0, 0xdc7,
    0xdca, 0xdcb, 0xdcf, 0xdd5, 0xdd6, 0xdd7, 0xdd8, 0xde0, 0xde6, 0xdf0, 0xdf2, 0xdf4,
    0xe01, 0xe3b, 0xe40, 0xe4f, 0xe50, 0xe5a, 0xe81, 0xe83, 0xe84, 0xe85, 0xe86, 0xe8b,
    0xe8c, 0xea4, 0xea5, 0xea6, 0xea7, 0xebe, 0xec0, 0xec5, 0xec6, 0xec7, 0xec8, 0xecf,
    0xed0, 0xeda, 0xedc, 0xee0, 0xf00, 0xf01, 0xf18, 0xf1a, 0xf20, 0xf2a, 0xf35, 0xf36,
    0xf37, 0xf38, 0xf39, 0xf3a, 0xf3e, 0xf48, 0xf49, 0xf6d, 0xf71, 0xf85, 0xf86, 0xf98,
    0xf99, 0xfbd, 0xfc6, 0xfc7, 0x1000, 0x104a, 0x1050, 0x109e, 0x10a0, 0x10c6, 0x10c7, 0x10c8,
    0x10cd, 0x10ce, 0x10d0, 0x10fb, 0x10fc, 0x1249, 0x124a, 0x124e, 0x1250, 0x1257, 0x1258, 0x1259,
    0x125a, 0x125e, 0x1260, 0x1289, 0x128a, 0x128e, 0x1290, 0x12b1, 0x12b2, 0x12b6, 0x12b8, 0x12bf,
    0x12c0, 0x12c1, 0x12c2, 0x12c6, 0x12c8, 0x12d7, 0x12d8, 0x1311, 0x1312, 0x1316, 0x1318, 0x135b,
    0x135d, 0x1360, 0x1369, 0x1372, 0x1380, 0x1390, 0x13a0, 0x13f6, 0x13f8, 0x13fe, 0x1401, 0x166d,
    0x166f, 0x1680, 0x1681, 0x169b, 0x16a0, 0x16eb, 0x16ee, 0x16f9, 0x1700, 0x1716, 0x171f, 0x1735,
    0x1740, 0x1754, 0x1760, 0x176d, 0x176e, 0x1771, 0x1772, 0x1774, 0x1780, 0x17d4, 0x17d7, 0x17d8,
    0x17dc, 0x17de, 0x17e0, 0x17ea, 0x180b, 0x180e, 0x180f, 0x181a, 0x1820, 0x1879, 0x1880, 0x18ab,
    0x18b0, 0x18f6, 0x1900, 0x191f, 0x1920, 0x192c, 0x1930, 0x193c, 0x1946, 0x196e, 0x1970, 0x1975,
    0x1980, 0x19ac, 0x19b0, 0x19ca, 0x19d0, 0x19db, 0x1a00, 0x1a1c, 0x1a20, 0x1a5f, 0x1a60, 0x1a7d,
    0x1a7f, 0x1a8a, 0x1a90, 0x1a9a, 0x1aa7, 0x1aa8, 0x1ab0, 0x1abe, 0x1abf, 0x1ade, 0x1ae0, 0x1aec,
    0x1b00, 0x1b4d, 0x1b50, 0x1b5a, 0x1b6b, 0x1b74, 0x1b80, 0x1bf4, 0x1c00, 0x1c38, 0x1c40, 0x1c4a,
    0x1c4d, 0x1c7e, 0x1c80, 0x1c8b, 0x1c90, 0x1cbb, 0x1cbd, 0x1cc0, 0x1cd0, 0x1cd3, 0x1cd4, 0x1cfb,
    0x1d00, 0x1f16, 0x1f18, 0x1f1e, 0x1f20, 0x1f46, 0x1f48, 0x1f4e, 0x1f50, 0x1f58, 0x1f59, 0x1f5a,
    0x1f5b, 0x1f5c, 0x1f5d, 0x1f5e, 0x1f5f, 0x1f7e, 0x1f80, 0x1fb5, 0x1fb6, 0x1fbd, 0x1fbe, 0x1fbf,
    0x1fc2, 0x1fc5, 0x1fc6, 0x1fcd, 0x1fd0, 0x1fd4, 0x1fd6, 0x1fdc, 0x1fe0, 0x1fed, 0x1ff2, 0x1ff5,
    0x1ff6, 0x1ffd, 0x200c, 0x200e, 0x203f, 0x2041, 0x2054, 0x2055, 0x2071, 0x2072, 0x207f, 0x2080,
    0x2090, 0x209d, 0x20d0, 0x20dd, 0x20e1, 0x20e2, 0x20e5, 0x20f1, 0x2102, 0x2103, 0x2107, 0x2108,
    0x210a, 0x2114, 0x2115, 0x2116, 0x2118, 0x211e, 0x2124, 0x2125, 0x2126, 0x2127, 0x2128, 0x2129,
    0x212a, 0x213a, 0x213c, 0x2140, 0x2145, 0x214a, 0x214e, 0x214f, 0x2160, 0x2189, 0x2c00, 0x2ce5,
    0x2ceb, 0x2cf4, 0x2d00, 0x2d26, 0x2d27, 0x2d28, 0x2d2d, 0x2d2e, 0x2d30, 0x2d68, 0x2d6f, 0x2d70,
    0x2d7f, 0x2d97, 0x2da0, 0x2da7, 0x2da8, 0x2daf, 0x2db0, 0x2db7, 0x2db8, 0x2dbf, 0x2dc0, 0x2dc7,
    0x2dc8, 0x2dcf, 0x2dd0, 0x2dd7, 0x2dd8, 0x2ddf, 0x2de0, 0x2e00, 0x3005, 0x3008, 0x3021, 0x3030,
    0x3031, 0x3036, 0x3038, 0x303d, 0x3041, 0x3097, 0x3099, 0x309b, 0x309d, 0x30a0, 0x30a1, 0x3100,
    0x3105, 0x3130, 0x3131, 0x318f, 0x31a0, 0x31c0, 0x31f0, 0x3200, 0x3400, 0x4dc0, 0x4e00, 0xa48d,
    0xa4d0, 0xa4fe, 0xa500, 0xa60d, 0xa610, 0xa62c, 0xa640, 0xa670, 0xa674, 0xa67e, 0xa67f, 0xa6f2,
    0xa717, 0xa720, 0xa722, 0xa789, 0xa78b, 0xa7dd, 0xa7f1, 0xa828, 0xa82c, 0xa82d, 0xa840, 0xa874,
    0xa880, 0xa8c6, 0xa8d0, 0xa8da, 0xa8e0, 0xa8f8, 0xa8fb, 0xa8fc, 0xa8fd, 0xa92e, 0xa930, 0xa954,
    0xa960, 0xa97d, 0xa980, 0xa9c1, 0xa9cf, 0xa9da, 0xa9e0, 0xa9ff, 0xaa00, 0xaa37, 0xaa40, 0xaa4e,
    0xaa50, 0xaa5a, 0xaa60, 0xaa77, 0xaa7a, 0xaac3, 0xaadb, 0xaade, 0xaae0, 0xaaf0, 0xaaf2, 0xaaf7,
    0xab01, 0xab07, 0xab09, 0xab0f, 0xab11, 0xab17, 0xab20, 0xab27, 0xab28, 0xab2f, 0xab30, 0xab5b,
    0xab5c, 0xab6a, 0xab70, 0xabeb, 0xabec, 0xabee, 0xabf0, 0xabfa, 0xac00, 0xd7a4, 0xd7b0, 0xd7c7,
    0xd7cb, 0xd7fc, 0xf900, 0xfa6e, 0xfa70, 0xfada, 0xfb00, 0xfb07, 0xfb13, 0xfb18, 0xfb1d, 0xfb29,
    0xfb2a, 0xfb37, 0xfb38, 0xfb3d, 0xfb3e, 0xfb3f, 0xfb40, 0xfb42, 0xfb43, 0xfb45, 0xfb46, 0xfbb2,
    0xfbd3, 0xfc5e, 0xfc64, 0xfd3e, 0xfd50, 0xfd90, 0xfd92, 0xfdc8, 0xfdf0, 0xfdfa, 0xfe00, 0xfe10,
    0xfe20, 0xfe30, 0xfe33, 0xfe35, 0xfe4d, 0xfe50, 0xfe71, 0xfe72, 0xfe73, 0xfe74, 0xfe77, 0xfe78,
    0xfe79, 0xfe7a, 0xfe7b, 0xfe7c, 0xfe7d, 0xfe7e, 0xfe7f, 0xfefd, 0xff10, 0xff1a, 0xff21, 0xff3b,
    0xff3f, 0xff40, 0xff41, 0xff5b, 0xff65, 0xffbf, 0xffc2, 0xffc8, 0xffca, 0xffd0, 0xffd2, 0xffd8,
    0xffda, 0xffdd, 0x10000, 0x1000c, 0x1000d, 0x10027, 0x10028, 0x1003b, 0x1003c, 0x1003e, 0x1003f, 0x1004e,
    0x10050, 0x1005e, 0x10080, 0x100fb, 0x10140, 0x10175, 0x101fd, 0x101fe, 0x10280, 0x1029d, 0x102a0, 0x102d1,
    0x102e0, 0x102e1, 0x10300, 0x10320, 0x1032d, 0x1034b, 0x10350, 0x1037b, 0x10380, 0x1039e, 0x103a0, 0x103c4,
    0x103c8, 0x103d0, 0x103d1, 0x103d6, 0x10400, 0x1049e, 0x104a0, 0x104aa, 0x104b0, 0x104d4, 0x104d8, 0x104fc,
    0x10500, 0x10528, 0x10530, 0x10564, 0x10570, 0x1057b, 0x1057c, 0x1058b, 0x1058c, 0x10593, 0x10594, 0x10596,
    0x10597, 0x105a2, 0x105a3, 0x105b2, 0x105b3, 0x105ba, 0x105bb, 0x105bd, 0x105c0, 0x105f4, 0x10600, 0x10737,
    0x10740, 0x10756, 0x10760, 0x10768, 0x10780, 0x10786, 0x10787, 0x107b1, 0x107b2, 0x107bb, 0x10800, 0x10806,
    0x10808, 0x10809, 0x1080a, 0x10836, 0x10837, 0x10839, 0x1083c, 0x1083d, 0x1083f, 0x10856, 0x10860, 0x10877,
    0x10880, 0x1089f, 0x108e0, 0x108f3, 0x108f4, 0x108f6, 0x10900, 0x10916, 0x10920, 0x1093a, 0x10940, 0x1095a,
    0x10980, 0x109b8, 0x109be, 0x109c0, 0x10a00, 0x10a04, 0x10a05, 0x10a07, 0x10a0c, 0x10a14, 0x10a15, 0x10a18,
    0x10a19, 0x10a36, 0x10a38, 0x10a3b, 0x10a3f, 0x10a40, 0x10a60, 0x10a7d, 0x10a80, 0x10a9d, 0x10ac0, 0x10ac8,
    0x10ac9, 0x10ae7, 0x10b00, 0x10b36, 0x10b40, 0x10b56, 0x10b60, 0x10b73, 0x10b80, 0x10b92, 0x10c00, 0x10c49,
    0x10c80, 0x10cb3, 0x10cc0, 0x10cf3, 0x10d00, 0x10d28, 0x10d30, 0x10d3a, 0x10d40, 0x10d66, 0x10d69, 0x10d6e,
    0x10d6f, 0x10d86, 0x10e80, 0x10eaa, 0x10eab, 0x10ead, 0x10eb0, 0x10eb2, 0x10ec2, 0x10ec8, 0x10efa, 0x10f1d,
    0x10f27, 0x10f28, 0x10f30, 0x10f51, 0x10f70, 0x10f86, 0x10fb0, 0x10fc5, 0x10fe0, 0x10ff7, 0x11000, 0x11047,
    0x11066, 0x11076, 0x1107f, 0x110bb, 0x110c2, 0x110c3, 0x110d0, 0x110e9, 0x110f0, 0x110fa, 0x11100, 0x11135,
    0x11136, 0x11140, 0x11144, 0x11148, 0x11150, 0x11174, 0x11176, 0x11177, 0x11180, 0x111c5, 0x111c9, 0x111cd,
    0x111ce, 0x111db, 0x111dc, 0x111dd, 0x11200, 0x11212, 0x11213, 0x11238, 0x1123e, 0x11242, 0x11280, 0x11287,
    0x11288, 0x11289, 0x1128a, 0x1128e, 0x1128f, 0x1129e, 0x1129f, 0x112a9, 0x112b0, 0x112eb, 0x112f0, 0x112fa,
    0x11300, 0x11304, 0x11305, 0x1130d, 0x1130f, 0x11311, 0x11313, 0x11329, 0x1132a, 0x11331, 0x11332, 0x11334,
    0x11335, 0x1133a, 0x1133b, 0x11345, 0x11347, 0x11349, 0x1134b, 0x1134e, 0x11350, 0x11351, 0x11357, 0x11358,
    0x1135d, 0x11364, 0x11366, 0x1136d, 0x11370, 0x11375, 0x11380, 0x1138a, 0x1138b, 0x1138c, 0x1138e, 0x1138f,
    0x11390, 0x113b6, 0x113b7, 0x113c1, 0x113c2, 0x113c3, 0x113c5, 0x113c6, 0x113c7, 0x113cb, 0x113cc, 0x113d4,
    0x113e1, 0x113e3, 0x11400, 0x1144b, 0x11450, 0x1145a, 0x1145e, 0x11462, 0x11480, 0x114c6, 0x114c7, 0x114c8,
    0x114d0, 0x114da, 0x11580, 0x115b6, 0x115b8, 0x115c1, 0x115d8, 0x115de, 0x11600, 0x11641, 0x11644, 0x11645,
    0x11650, 0x1165a, 0x11680, 0x116b9, 0x116c0, 0x116ca, 0x116d0, 0x116e4, 0x11700, 0x1171b, 0x1171d, 0x1172c,
    0x11730, 0x1173a, 0x11740, 0x11747, 0x11800, 0x1183b, 0x118a0, 0x118ea, 0x118ff, 0x11907, 0x11909, 0x1190a,
    0x1190c, 0x11914, 0x11915, 0x11917, 0x11918, 0x11936, 0x11937, 0x11939, 0x1193b, 0x11944, 0x11950, 0x1195a,
    0x119a0, 0x119a8, 0x119aa, 0x119d8, 0x119da, 0x119e2, 0x119e3, 0x119e5, 0x11a00, 0x11a3f, 0x11a47, 0x11a48,
    0x11a50, 0x11a9a, 0x11a9d, 0x11a9e, 0x11ab0, 0x11af9, 0x11b60, 0x11b68, 0x11bc0, 0x11be1, 0x11bf0, 0x11bfa,
    0x11c00, 0x11c09, 0x11c0a, 0x11c37, 0x11c38, 0x11c41, 0x11c50, 0x11c5a, 0x11c72, 0x11c90, 0x11c92, 0x11ca8,
    0x11ca9, 0x11cb7, 0x11d00, 0x11d07, 0x11d08, 0x11d0a, 0x11d0b, 0x11d37, 0x11d3a, 0x11d3b, 0x11d3c, 0x11d3e,
    0x11d3f, 0x11d48, 0x11d50, 0x11d5a, 0x11d60, 0x11d66, 0x11d67, 0x11d69, 0x11d6a, 0x11d8f, 0x11d90, 0x11d92,
    0x11d93, 0x11d99, 0x11da0, 0x11daa, 0x11db0, 0x11ddc, 0x11de0, 0x11dea, 0x11ee0, 0x11ef7, 0x11f00, 0x11f11,
    0x11f12, 0x11f3b, 0x11f3e, 0x11f43, 0x11f50, 0x11f5b, 0x11fb0, 0x11fb1, 0x12000, 0x1239a, 0x12400, 0x1246f,
    0x12480, 0x12544, 0x12f90, 0x12ff1, 0x13000, 0x13430, 0x13440, 0x13456, 0x13460, 0x143fb, 0x14400, 0x14647,
    0x16100, 0x1613a, 0x16800, 0x16a39, 0x16a40, 0x16a5f, 0x16a60, 0x16a6a, 0x16a70, 0x16abf, 0x16ac0, 0x16aca,
    0x16ad0, 0x16aee, 0x16af0, 0x16af5, 0x16b00, 0x16b37, 0x16b40, 0x16b44, 0x16b50, 0x16b5a, 0x16b63, 0x16b78,
    0x16b7d, 0x16b90, 0x16d40, 0x16d6d, 0x16d70, 0x16d7a, 0x16e40, 0x16e80, 0x16ea0, 0x16eb9, 0x16ebb, 0x16ed4,
    0x16f00, 0x16f4b, 0x16f4f, 0x16f88, 0x16f8f, 0x16fa0, 0x16fe0, 0x16fe2, 0x16fe3, 0x16fe5, 0x16ff0, 0x16ff7,
    0x17000, 0x18cd6, 0x18cff, 0x18d1f, 0x18d80, 0x18df3, 0x1aff0, 0x1aff4, 0x1aff5, 0x1affc, 0x1affd, 0x1afff,
    0x1b000, 0x1b123, 0x1b132, 0x1b133, 0x1b150, 0x1b153, 0x1b155, 0x1b156, 0x1b164, 0x1b168, 0x1b170, 0x1b2fc,
    0x1bc00, 0x1bc6b, 0x1bc70, 0x1bc7d, 0x1bc80, 0x1bc89, 0x1bc90, 0x1bc9a, 0x1bc9d, 0x1bc9f, 0x1ccf0, 0x1ccfa,
    0x1cf00, 0x1cf2e, 0x1cf30, 0x1cf47, 0x1d165, 0x1d16a, 0x1d16d, 0x1d173, 0x1d17b, 0x1d183, 0x1d185, 0x1d18c,
    0x1d1aa, 0x1d1ae, 0x1d242, 0x1d245, 0x1d400, 0x1d455, 0x1d456, 0x1d49d, 0x1d49e, 0x1d4a0, 0x1d4a2, 0x1d4a3,
    0x1d4a5, 0x1d4a7, 0x1d4a9, 0x1d4ad, 0x1d4ae, 0x1d4ba, 0x1d4bb, 0x1d4bc, 0x1d4bd, 0x1d4c4, 0x1d4c5, 0x1d506,
    0x1d507, 0x1d50b, 0x1d50d, 0x1d515, 0x1d516, 0x1d51d, 0x1d51e, 0x1d53a, 0x1d53b, 0x1d53f, 0x1d540, 0x1d545,
    0x1d546, 0x1d547, 0x1d54a, 0x1d551, 0x1d552, 0x1d6a6, 0x1d6a8, 0x1d6c1, 0x1d6c2, 0x1d6db, 0x1d6dc, 0x1d6fb,
    0x1d6fc, 0x1d715, 0x1d716, 0x1d735, 0x1d736, 0x1d74f, 0x1d750, 0x1d76f, 0x1d770, 0x1d789, 0x1d78a, 0x1d7a9,
    0x1d7aa, 0x1d7c3, 0x1d7c4, 0x1d7cc, 0x1d7ce, 0x1d800, 0x1da00, 0x1da37, 0x1da3b, 0x1da6d, 0x1da75, 0x1da76,
    0x1da84, 0x1da85, 0x1da9b, 0x1daa0, 0x1daa1, 0x1dab0, 0x1df00, 0x1df1f, 0x1df25, 0x1df2b, 0x1e000, 0x1e007,
    0x1e008, 0x1e019, 0x1e01b, 0x1e022, 0x1e023, 0x1e025, 0x1e026, 0x1e02b, 0x1e030, 0x1e06e, 0x1e08f, 0x1e090,
    0x1e100, 0x1e12d, 0x1e130, 0x1e13e, 0x1e140, 0x1e14a, 0x1e14e, 0x1e14f, 0x1e290, 0x1e2af, 0x1e2c0, 0x1e2fa,
    0x1e4d0, 0x1e4fa, 0x1e5d0, 0x1e5fb, 0x1e6c0, 0x1e6df, 0x1e6e0, 0x1e6f6, 0x1e6fe, 0x1e700, 0x1e7e0, 0x1e7e7,
    0x1e7e8, 0x1e7ec, 0x1e7ed, 0x1e7ef, 0x1e7f0, 0x1e7ff, 0x1e800, 0x1e8c5, 0x1e8d0, 0x1e8d7, 0x1e900, 0x1e94c,
    0x1e950, 0x1e95a, 0x1ee00, 0x1ee04, 0x1ee05, 0x1ee20, 0x1ee21, 0x1ee23, 0x1ee24, 0x1ee25, 0x1ee27, 0x1ee28,
    0x1ee29, 0x1ee33, 0x1ee34, 0x1ee38, 0x1ee39, 0x1ee3a, 0x1ee3b, 0x1ee3c, 0x1ee42, 0x1ee43, 0x1ee47, 0x1ee48,
    0x1ee49, 0x1ee4a, 0x1ee4b, 0x1ee4c, 0x1ee4d, 0x1ee50, 0x1ee51, 0x1ee53, 0x1ee54, 0x1ee55, 0x1ee57, 0x1ee58,
    0x1ee59, 0x1ee5a, 0x1ee5b, 0x1ee5c, 0x1ee5d, 0x1ee5e, 0x1ee5f, 0x1ee60, 0x1ee61, 0x1ee63, 0x1ee64, 0x1ee65,
    0x1ee67, 0x1ee6b, 0x1ee6c, 0x1ee73, 0x1ee74, 0x1ee78, 0x1ee79, 0x1ee7d, 0x1ee7e, 0x1ee7f, 0x1ee80, 0x1ee8a,
    0x1ee8b, 0x1ee9c, 0x1eea1, 0x1eea4, 0x1eea5, 0x1eeaa, 0x1eeab, 0x1eebc, 0x1fbf0, 0x1fbfa, 0x20000, 0x2a6e0,
    0x2a700, 0x2b81e, 0x2b820, 0x2ceae, 0x2ceb0, 0x2ebe1, 0x2ebf0, 0x2ee5e, 0x2f800, 0x2fa1e, 0x30000, 0x3134b,
    0x31350, 0x3347a, 0xe0100, 0xe01f0,
];

static BINARY_PROPERTY_XID_START: &[i32] = &[
    0x41, 0x5b, 0x61, 0x7b, 0xaa, 0xab, 0xb5, 0xb6, 0xba, 0xbb, 0xc0, 0xd7,
    0xd8, 0xf7, 0xf8, 0x2c2, 0x2c6, 0x2d2, 0x2e0, 0x2e5, 0x2ec, 0x2ed, 0x2ee, 0x2ef,
    0x370, 0x375, 0x376, 0x378, 0x37b, 0x37e, 0x37f, 0x380, 0x386, 0x387, 0x388, 0x38b,
    0x38c, 0x38d, 0x38e, 0x3a2, 0x3a3, 0x3f6, 0x3f7, 0x482, 0x48a, 0x530, 0x531, 0x557,
    0x559, 0x55a, 0x560, 0x589, 0x5d0, 0x5eb, 0x5ef, 0x5f3, 0x620, 0x64b, 0x66e, 0x670,
    0x671, 0x6d4, 0x6d5, 0x6d6, 0x6e5, 0x6e7, 0x6ee, 0x6f0, 0x6fa, 0x6fd, 0x6ff, 0x700,
    0x710, 0x711, 0x712, 0x730, 0x74d, 0x7a6, 0x7b1, 0x7b2, 0x7ca, 0x7eb, 0x7f4, 0x7f6,
    0x7fa, 0x7fb, 0x800, 0x816, 0x81a, 0x81b, 0x824, 0x825, 0x828, 0x829, 0x840, 0x859,
    0x860, 0x86b, 0x870, 0x888, 0x889, 0x890, 0x8a0, 0x8ca, 0x904, 0x93a, 0x93d, 0x93e,
    0x950, 0x951, 0x958, 0x962, 0x971, 0x981, 0x985, 0x98d, 0x98f, 0x991, 0x993, 0x9a9,
    0x9aa, 0x9b1, 0x9b2, 0x9b3, 0x9b6, 0x9ba, 0x9bd, 0x9be, 0x9ce, 0x9cf, 0x9dc, 0x9de,
    0x9df, 0x9e2, 0x9f0, 0x9f2, 0x9fc, 0x9fd, 0xa05, 0xa0b, 0xa0f, 0xa11, 0xa13, 0xa29,
    0xa2a, 0xa31, 0xa32, 0xa34, 0xa35, 0xa37, 0xa38, 0xa3a, 0xa59, 0xa5d, 0xa5e, 0xa5f,
    0xa72, 0xa75, 0xa85, 0xa8e, 0xa8f, 0xa92, 0xa93, 0xaa9, 0xaaa, 0xab1, 0xab2, 0xab4,
    0xab5, 0xaba, 0xabd, 0xabe, 0xad0, 0xad1, 0xae0, 0xae2, 0xaf9, 0xafa, 0xb05, 0xb0d,
    0xb0f, 0xb11, 0xb13, 0xb29, 0xb2a, 0xb31, 0xb32, 0xb34, 0xb35, 0xb3a, 0xb3d, 0xb3e,
    0xb5c, 0xb5e, 0xb5f, 0xb62, 0xb71, 0xb72, 0xb83, 0xb84, 0xb85, 0xb8b, 0xb8e, 0xb91,
    0xb92, 0xb96, 0xb99, 0xb9b, 0xb9c, 0xb9d, 0xb9e, 0xba0, 0xba3, 0xba5, 0xba8, 0xbab,
    0xbae, 0xbba, 0xbd0, 0xbd1, 0xc05, 0xc0d, 0xc0e, 0xc11, 0xc12, 0xc29, 0xc2a, 0xc3a,
    0xc3d, 0xc3e, 0xc58, 0xc5b, 0xc5c, 0xc5e, 0xc60, 0xc62, 0xc80, 0xc81, 0xc85, 0xc8d,
    0xc8e, 0xc91, 0xc92, 0xca9, 0xcaa, 0xcb4, 0xcb5, 0xcba, 0xcbd, 0xcbe, 0xcdc, 0xcdf,
    0xce0, 0xce2, 0xcf1, 0xcf3, 0xd04, 0xd0d, 0xd0e, 0xd11, 0xd12, 0xd3b, 0xd3d, 0xd3e,
    0xd4e, 0xd4f, 0xd54, 0xd57, 0xd5f, 0xd62, 0xd7a, 0xd80, 0xd85, 0xd97, 0xd9a, 0xdb2,
    0xdb3, 0xdbc, 0xdbd, 0xdbe, 0xdc0, 0xdc7, 0xe01, 0xe31, 0xe32, 0xe33, 0xe40, 0xe47,
    0xe81, 0xe83, 0xe84, 0xe85, 0xe86, 0xe8b, 0xe8c, 0xea4, 0xea5, 0xea6, 0xea7, 0xeb1,
    0xeb2, 0xeb3, 0xebd, 0xebe, 0xec0, 0xec5, 0xec6, 0xec7, 0xedc, 0xee0, 0xf00, 0xf01,
    0xf40, 0xf48, 0xf49, 0xf6d, 0xf88, 0xf8d, 0x1000, 0x102b, 0x103f, 0x1040, 0x1050, 0x1056,
    0x105a, 0x105e, 0x1061, 0x1062, 0x1065, 0x1067, 0x106e, 0x1071, 0x1075, 0x1082, 0x108e, 0x108f,
    0x10a0, 0x10c6, 0x10c7, 0x10c8, 0x10cd, 0x10ce, 0x10d0, 0x10fb, 0x10fc, 0x1249, 0x124a, 0x124e,
    0x1250, 0x1257, 0x1258, 0x1259, 0x125a, 0x125e, 0x1260, 0x1289, 0x128a, 0x128e, 0x1290, 0x12b1,
    0x12b2, 0x12b6, 0x12b8, 0x12bf, 0x12c0, 0x12c1, 0x12c2, 0x12c6, 0x12c8, 0x12d7, 0x12d8, 0x1311,
    0x1312, 0x1316, 0x1318, 0x135b, 0x1380, 0x1390, 0x13a0, 0x13f6, 0x13f8, 0x13fe, 0x1401, 0x166d,
    0x166f, 0x1680, 0x1681, 0x169b, 0x16a0, 0x16eb, 0x16ee, 0x16f9, 0x1700, 0x1712, 0x171f, 0x1732,
    0x1740, 0x1752, 0x1760, 0x176d, 0x176e, 0x1771, 0x1780, 0x17b4, 0x17d7, 0x17d8, 0x17dc, 0x17dd,
    0x1820, 0x1879, 0x1880, 0x18a9, 0x18aa, 0x18ab, 0x18b0, 0x18f6, 0x1900, 0x191f, 0x1950, 0x196e,
    0x1970, 0x1975, 0x1980, 0x19ac, 0x19b0, 0x19ca, 0x1a00, 0x1a17, 0x1a20, 0x1a55, 0x1aa7, 0x1aa8,
    0x1b05, 0x1b34, 0x1b45, 0x1b4d, 0x1b83, 0x1ba1, 0x1bae, 0x1bb0, 0x1bba, 0x1be6, 0x1c00, 0x1c24,
    0x1c4d, 0x1c50, 0x1c5a, 0x1c7e, 0x1c80, 0x1c8b, 0x1c90, 0x1cbb, 0x1cbd, 0x1cc0, 0x1ce9, 0x1ced,
    0x1cee, 0x1cf4, 0x1cf5, 0x1cf7, 0x1cfa, 0x1cfb, 0x1d00, 0x1dc0, 0x1e00, 0x1f16, 0x1f18, 0x1f1e,
    0x1f20, 0x1f46, 0x1f48, 0x1f4e, 0x1f50, 0x1f58, 0x1f59, 0x1f5a, 0x1f5b, 0x1f5c, 0x1f5d, 0x1f5e,
    0x1f5f, 0x1f7e, 0x1f80, 0x1fb5, 0x1fb6, 0x1fbd, 0x1fbe, 0x1fbf, 0x1fc2, 0x1fc5, 0x1fc6, 0x1fcd,
    0x1fd0, 0x1fd4, 0x1fd6, 0x1fdc, 0x1fe0, 0x1fed, 0x1ff2, 0x1ff5, 0x1ff6, 0x1ffd, 0x2071, 0x2072,
    0x207f, 0x2080, 0x2090, 0x209d, 0x2102, 0x2103, 0x2107, 0x2108, 0x210a, 0x2114, 0x2115, 0x2116,
    0x2118, 0x211e, 0x2124, 0x2125, 0x2126, 0x2127, 0x2128, 0x2129, 0x212a, 0x213a, 0x213c, 0x2140,
    0x2145, 0x214a, 0x214e, 0x214f, 0x2160, 0x2189, 0x2c00, 0x2ce5, 0x2ceb, 0x2cef, 0x2cf2, 0x2cf4,
    0x2d00, 0x2d26, 0x2d27, 0x2d28, 0x2d2d, 0x2d2e, 0x2d30, 0x2d68, 0x2d6f, 0x2d70, 0x2d80, 0x2d97,
    0x2da0, 0x2da7, 0x2da8, 0x2daf, 0x2db0, 0x2db7, 0x2db8, 0x2dbf, 0x2dc0, 0x2dc7, 0x2dc8, 0x2dcf,
    0x2dd0, 0x2dd7, 0x2dd8, 0x2ddf, 0x3005, 0x3008, 0x3021, 0x302a, 0x3031, 0x3036, 0x3038, 0x303d,
    0x3041, 0x3097, 0x309d, 0x30a0, 0x30a1, 0x30fb, 0x30fc, 0x3100, 0x3105, 0x3130, 0x3131, 0x318f,
    0x31a0, 0x31c0, 0x31f0, 0x3200, 0x3400, 0x4dc0, 0x4e00, 0xa48d, 0xa4d0, 0xa4fe, 0xa500, 0xa60d,
    0xa610, 0xa620, 0xa62a, 0xa62c, 0xa640, 0xa66f, 0xa67f, 0xa69e, 0xa6a0, 0xa6f0, 0xa717, 0xa720,
    0xa722, 0xa789, 0xa78b, 0xa7dd, 0xa7f1, 0xa802, 0xa803, 0xa806, 0xa807, 0xa80b, 0xa80c, 0xa823,
    0xa840, 0xa874, 0xa882, 0xa8b4, 0xa8f2, 0xa8f8, 0xa8fb, 0xa8fc, 0xa8fd, 0xa8ff, 0xa90a, 0xa926,
    0xa930, 0xa947, 0xa960, 0xa97d, 0xa984, 0xa9b3, 0xa9cf, 0xa9d0, 0xa9e0, 0xa9e5, 0xa9e6, 0xa9f0,
    0xa9fa, 0xa9ff, 0xaa00, 0xaa29, 0xaa40, 0xaa43, 0xaa44, 0xaa4c, 0xaa60, 0xaa77, 0xaa7a, 0xaa7b,
    0xaa7e, 0xaab0, 0xaab1, 0xaab2, 0xaab5, 0xaab7, 0xaab9, 0xaabe, 0xaac0, 0xaac1, 0xaac2, 0xaac3,
    0xaadb, 0xaade, 0xaae0, 0xaaeb, 0xaaf2, 0xaaf5, 0xab01, 0xab07, 0xab09, 0xab0f, 0xab11, 0xab17,
    0xab20, 0xab27, 0xab28, 0xab2f, 0xab30, 0xab5b, 0xab5c, 0xab6a, 0xab70, 0xabe3, 0xac00, 0xd7a4,
    0xd7b0, 0xd7c7, 0xd7cb, 0xd7fc, 0xf900, 0xfa6e, 0xfa70, 0xfada, 0xfb00, 0xfb07, 0xfb13, 0xfb18,
    0xfb1d, 0xfb1e, 0xfb1f, 0xfb29, 0xfb2a, 0xfb37, 0xfb38, 0xfb3d, 0xfb3e, 0xfb3f, 0xfb40, 0xfb42,
    0xfb43, 0xfb45, 0xfb46, 0xfbb2, 0xfbd3, 0xfc5e, 0xfc64, 0xfd3e, 0xfd50, 0xfd90, 0xfd92, 0xfdc8,
    0xfdf0, 0xfdfa, 0xfe71, 0xfe72, 0xfe73, 0xfe74, 0xfe77, 0xfe78, 0xfe79, 0xfe7a, 0xfe7b, 0xfe7c,
    0xfe7d, 0xfe7e, 0xfe7f, 0xfefd, 0xff21, 0xff3b, 0xff41, 0xff5b, 0xff66, 0xff9e, 0xffa0, 0xffbf,
    0xffc2, 0xffc8, 0xffca, 0xffd0, 0xffd2, 0xffd8, 0xffda, 0xffdd, 0x10000, 0x1000c, 0x1000d, 0x10027,
    0x10028, 0x1003b, 0x1003c, 0x1003e, 0x1003f, 0x1004e, 0x10050, 0x1005e, 0x10080, 0x100fb, 0x10140, 0x10175,
    0x10280, 0x1029d, 0x102a0, 0x102d1, 0x10300, 0x10320, 0x1032d, 0x1034b, 0x10350, 0x10376, 0x10380, 0x1039e,
    0x103a0, 0x103c4, 0x103c8, 0x103d0, 0x103d1, 0x103d6, 0x10400, 0x1049e, 0x104b0, 0x104d4, 0x104d8, 0x104fc,
    0x10500, 0x10528, 0x10530, 0x10564, 0x10570, 0x1057b, 0x1057c, 0x1058b, 0x1058c, 0x10593, 0x10594, 0x10596,
    0x10597, 0x105a2, 0x105a3, 0x105b2, 0x105b3, 0x105ba, 0x105bb, 0x105bd, 0x105c0, 0x105f4, 0x10600, 0x10737,
    0x10740, 0x10756, 0x10760, 0x10768, 0x10780, 0x10786, 0x10787, 0x107b1, 0x107b2, 0x107bb, 0x10800, 0x10806,
    0x10808, 0x10809, 0x1080a, 0x10836, 0x10837, 0x10839, 0x1083c, 0x1083d, 0x1083f, 0x10856, 0x10860, 0x10877,
    0x10880, 0x1089f, 0x108e0, 0x108f3, 0x108f4, 0x108f6, 0x10900, 0x10916, 0x10920, 0x1093a, 0x10940, 0x1095a,
    0x10980, 0x109b8, 0x109be, 0x109c0, 0x10a00, 0x10a01, 0x10a10, 0x10a14, 0x10a15, 0x10a18, 0x10a19, 0x10a36,
    0x10a60, 0x10a7d, 0x10a80, 0x10a9d, 0x10ac0, 0x10ac8, 0x10ac9, 0x10ae5, 0x10b00, 0x10b36, 0x10b40, 0x10b56,
    0x10b60, 0x10b73, 0x10b80, 0x10b92, 0x10c00, 0x10c49, 0x10c80, 0x10cb3, 0x10cc0, 0x10cf3, 0x10d00, 0x10d24,
    0x10d4a, 0x10d66, 0x10d6f, 0x10d86, 0x10e80, 0x10eaa, 0x10eb0, 0x10eb2, 0x10ec2, 0x10ec8, 0x10f00, 0x10f1d,
    0x10f27, 0x10f28, 0x10f30, 0x10f46, 0x10f70, 0x10f82, 0x10fb0, 0x10fc5, 0x10fe0, 0x10ff7, 0x11003, 0x11038,
    0x11071, 0x11073, 0x11075, 0x11076, 0x11083, 0x110b0, 0x110d0, 0x110e9, 0x11103, 0x11127, 0x11144, 0x11145,
    0x11147, 0x11148, 0x11150, 0x11173, 0x11176, 0x11177, 0x11183, 0x111b3, 0x111c1, 0x111c5, 0x111da, 0x111db,
    0x111dc, 0x111dd, 0x11200, 0x11212, 0x11213, 0x1122c, 0x1123f, 0x11241, 0x11280, 0x11287, 0x11288, 0x11289,
    0x1128a, 0x1128e, 0x1128f, 0x1129e, 0x1129f, 0x112a9, 0x112b0, 0x112df, 0x11305, 0x1130d, 0x1130f, 0x11311,
    0x11313, 0x11329, 0x1132a, 0x11331, 0x11332, 0x11334, 0x11335, 0x1133a, 0x1133d, 0x1133e, 0x11350, 0x11351,
    0x1135d, 0x11362, 0x11380, 0x1138a, 0x1138b, 0x1138c, 0x1138e, 0x1138f, 0x11390, 0x113b6, 0x113b7, 0x113b8,
    0x113d1, 0x113d2, 0x113d3, 0x113d4, 0x11400, 0x11435, 0x11447, 0x1144b, 0x1145f, 0x11462, 0x11480, 0x114b0,
    0x114c4, 0x114c6, 0x114c7, 0x114c8, 0x11580, 0x115af, 0x115d8, 0x115dc, 0x11600, 0x11630, 0x11644, 0x11645,
    0x11680, 0x116ab, 0x116b8, 0x116b9, 0x11700, 0x1171b, 0x11740, 0x11747, 0x11800, 0x1182c, 0x118a0, 0x118e0,
    0x118ff, 0x11907, 0x11909, 0x1190a, 0x1190c, 0x11914, 0x11915, 0x11917, 0x11918, 0x11930, 0x1193f, 0x11940,
    0x11941, 0x11942, 0x119a0, 0x119a8, 0x119aa, 0x119d1, 0x119e1, 0x119e2, 0x119e3, 0x119e4, 0x11a00, 0x11a01,
    0x11a0b, 0x11a33, 0x11a3a, 0x11a3b, 0x11a50, 0x11a51, 0x11a5c, 0x11a8a, 0x11a9d, 0x11a9e, 0x11ab0, 0x11af9,
    0x11bc0, 0x11be1, 0x11c00, 0x11c09, 0x11c0a, 0x11c2f, 0x11c40, 0x11c41, 0x11c72, 0x11c90, 0x11d00, 0x11d07,
    0x11d08, 0x11d0a, 0x11d0b, 0x11d31, 0x11d46, 0x11d47, 0x11d60, 0x11d66, 0x11d67, 0x11d69, 0x11d6a, 0x11d8a,
    0x11d98, 0x11d99, 0x11db0, 0x11ddc, 0x11ee0, 0x11ef3, 0x11f02, 0x11f03, 0x11f04, 0x11f11, 0x11f12, 0x11f34,
    0x11fb0, 0x11fb1, 0x12000, 0x1239a, 0x12400, 0x1246f, 0x12480, 0x12544, 0x12f90, 0x12ff1, 0x13000, 0x13430,
    0x13441, 0x13447, 0x13460, 0x143fb, 0x14400, 0x14647, 0x16100, 0x1611e, 0x16800, 0x16a39, 0x16a40, 0x16a5f,
    0x16a70, 0x16abf, 0x16ad0, 0x16aee, 0x16b00, 0x16b30, 0x16b40, 0x16b44, 0x16b63, 0x16b78, 0x16b7d, 0x16b90,
    0x16d40, 0x16d6d, 0x16e40, 0x16e80, 0x16ea0, 0x16eb9, 0x16ebb, 0x16ed4, 0x16f00, 0x16f4b, 0x16f50, 0x16f51,
    0x16f93, 0x16fa0, 0x16fe0, 0x16fe2, 0x16fe3, 0x16fe4, 0x16ff2, 0x16ff7, 0x17000, 0x18cd6, 0x18cff, 0x18d1f,
    0x18d80, 0x18df3, 0x1aff0, 0x1aff4, 0x1aff5, 0x1affc, 0x1affd, 0x1afff, 0x1b000, 0x1b123, 0x1b132, 0x1b133,
    0x1b150, 0x1b153, 0x1b155, 0x1b156, 0x1b164, 0x1b168, 0x1b170, 0x1b2fc, 0x1bc00, 0x1bc6b, 0x1bc70, 0x1bc7d,
    0x1bc80, 0x1bc89, 0x1bc90, 0x1bc9a, 0x1d400, 0x1d455, 0x1d456, 0x1d49d, 0x1d49e, 0x1d4a0, 0x1d4a2, 0x1d4a3,
    0x1d4a5, 0x1d4a7, 0x1d4a9, 0x1d4ad, 0x1d4ae, 0x1d4ba, 0x1d4bb, 0x1d4bc, 0x1d4bd, 0x1d4c4, 0x1d4c5, 0x1d506,
    0x1d507, 0x1d50b, 0x1d50d, 0x1d515, 0x1d516, 0x1d51d, 0x1d51e, 0x1d53a, 0x1d53b, 0x1d53f, 0x1d540, 0x1d545,
    0x1d546, 0x1d547, 0x1d54a, 0x1d551, 0x1d552, 0x1d6a6, 0x1d6a8, 0x1d6c1, 0x1d6c2, 0x1d6db, 0x1d6dc, 0x1d6fb,
    0x1d6fc, 0x1d715, 0x1d716, 0x1d735, 0x1d736, 0x1d74f, 0x1d750, 0x1d76f, 0x1d770, 0x1d789, 0x1d78a, 0x1d7a9,
    0x1d7aa, 0x1d7c3, 0x1d7c4, 0x1d7cc, 0x1df00, 0x1df1f, 0x1df25, 0x1df2b, 0x1e030, 0x1e06e, 0x1e100, 0x1e12d,
    0x1e137, 0x1e13e, 0x1e14e, 0x1e14f, 0x1e290, 0x1e2ae, 0x1e2c0, 0x1e2ec, 0x1e4d0, 0x1e4ec, 0x1e5d0, 0x1e5ee,
    0x1e5f0, 0x1e5f1, 0x1e6c0, 0x1e6df, 0x1e6e0, 0x1e6e3, 0x1e6e4, 0x1e6e6, 0x1e6e7, 0x1e6ee, 0x1e6f0, 0x1e6f5,
    0x1e6fe, 0x1e700, 0x1e7e0, 0x1e7e7, 0x1e7e8, 0x1e7ec, 0x1e7ed, 0x1e7ef, 0x1e7f0, 0x1e7ff, 0x1e800, 0x1e8c5,
    0x1e900, 0x1e944, 0x1e94b, 0x1e94c, 0x1ee00, 0x1ee04, 0x1ee05, 0x1ee20, 0x1ee21, 0x1ee23, 0x1ee24, 0x1ee25,
    0x1ee27, 0x1ee28, 0x1ee29, 0x1ee33, 0x1ee34, 0x1ee38, 0x1ee39, 0x1ee3a, 0x1ee3b, 0x1ee3c, 0x1ee42, 0x1ee43,
    0x1ee47, 0x1ee48, 0x1ee49, 0x1ee4a, 0x1ee4b, 0x1ee4c, 0x1ee4d, 0x1ee50, 0x1ee51, 0x1ee53, 0x1ee54, 0x1ee55,
    0x1ee57, 0x1ee58, 0x1ee59, 0x1ee5a, 0x1ee5b, 0x1ee5c, 0x1ee5d, 0x1ee5e, 0x1ee5f, 0x1ee60, 0x1ee61, 0x1ee63,
    0x1ee64, 0x1ee65, 0x1ee67, 0x1ee6b, 0x1ee6c, 0x1ee73, 0x1ee74, 0x1ee78, 0x1ee79, 0x1ee7d, 0x1ee7e, 0x1ee7f,
    0x1ee80, 0x1ee8a, 0x1ee8b, 0x1ee9c, 0x1eea1, 0x1eea4, 0x1eea5, 0x1eeaa, 0x1eeab, 0x1eebc, 0x20000, 0x2a6e0,
    0x2a700, 0x2b81e, 0x2b820, 0x2ceae, 0x2ceb0, 0x2ebe1, 0x2ebf0, 0x2ee5e, 0x2f800, 0x2fa1e, 0x30000, 0x3134b,
    0x31350, 0x3347a,
];

static GENERAL_CATEGORY_CASED_LETTER: &[i32] = &[
    0x41, 0x5b, 0x61, 0x7b, 0xb5, 0xb6, 0xc0, 0xd7, 0xd8, 0xf7, 0xf8, 0x1bb,
    0x1bc, 0x1c0, 0x1c4, 0x294, 0x296, 0x2b0, 0x370, 0x374, 0x376, 0x378, 0x37b, 0x37e,
    0x37f, 0x380, 0x386, 0x387, 0x388, 0x38b, 0x38c, 0x38d, 0x38e, 0x3a2, 0x3a3, 0x3f6,
    0x3f7, 0x482, 0x48a, 0x530, 0x531, 0x557, 0x560, 0x589, 0x10a0, 0x10c6, 0x10c7, 0x10c8,
    0x10cd, 0x10ce, 0x10d0, 0x10fb, 0x10fd, 0x1100, 0x13a0, 0x13f6, 0x13f8, 0x13fe, 0x1c80, 0x1c8b,
    0x1c90, 0x1cbb, 0x1cbd, 0x1cc0, 0x1d00, 0x1d2c, 0x1d6b, 0x1d78, 0x1d79, 0x1d9b, 0x1e00, 0x1f16,
    0x1f18, 0x1f1e, 0x1f20, 0x1f46, 0x1f48, 0x1f4e, 0x1f50, 0x1f58, 0x1f59, 0x1f5a, 0x1f5b, 0x1f5c,
    0x1f5d, 0x1f5e, 0x1f5f, 0x1f7e, 0x1f80, 0x1fb5, 0x1fb6, 0x1fbd, 0x1fbe, 0x1fbf, 0x1fc2, 0x1fc5,
    0x1fc6, 0x1fcd, 0x1fd0, 0x1fd4, 0x1fd6, 0x1fdc, 0x1fe0, 0x1fed, 0x1ff2, 0x1ff5, 0x1ff6, 0x1ffd,
    0x2102, 0x2103, 0x2107, 0x2108, 0x210a, 0x2114, 0x2115, 0x2116, 0x2119, 0x211e, 0x2124, 0x2125,
    0x2126, 0x2127, 0x2128, 0x2129, 0x212a, 0x212e, 0x212f, 0x2135, 0x2139, 0x213a, 0x213c, 0x2140,
    0x2145, 0x214a, 0x214e, 0x214f, 0x2183, 0x2185, 0x2c00, 0x2c7c, 0x2c7e, 0x2ce5, 0x2ceb, 0x2cef,
    0x2cf2, 0x2cf4, 0x2d00, 0x2d26, 0x2d27, 0x2d28, 0x2d2d, 0x2d2e, 0xa640, 0xa66e, 0xa680, 0xa69c,
    0xa722, 0xa770, 0xa771, 0xa788, 0xa78b, 0xa78f, 0xa790, 0xa7dd, 0xa7f5, 0xa7f7, 0xa7fa, 0xa7fb,
    0xab30, 0xab5b, 0xab60, 0xab69, 0xab70, 0xabc0, 0xfb00, 0xfb07, 0xfb13, 0xfb18, 0xff21, 0xff3b,
    0xff41, 0xff5b, 0x10400, 0x10450, 0x104b0, 0x104d4, 0x104d8, 0x104fc, 0x10570, 0x1057b, 0x1057c, 0x1058b,
    0x1058c, 0x10593, 0x10594, 0x10596, 0x10597, 0x105a2, 0x105a3, 0x105b2, 0x105b3, 0x105ba, 0x105bb, 0x105bd,
    0x10c80, 0x10cb3, 0x10cc0, 0x10cf3, 0x10d50, 0x10d66, 0x10d70, 0x10d86, 0x118a0, 0x118e0, 0x16e40, 0x16e80,
    0x16ea0, 0x16eb9, 0x16ebb, 0x16ed4, 0x1d400, 0x1d455, 0x1d456, 0x1d49d, 0x1d49e, 0x1d4a0, 0x1d4a2, 0x1d4a3,
    0x1d4a5, 0x1d4a7, 0x1d4a9, 0x1d4ad, 0x1d4ae, 0x1d4ba, 0x1d4bb, 0x1d4bc, 0x1d4bd, 0x1d4c4, 0x1d4c5, 0x1d506,
    0x1d507, 0x1d50b, 0x1d50d, 0x1d515, 0x1d516, 0x1d51d, 0x1d51e, 0x1d53a, 0x1d53b, 0x1d53f, 0x1d540, 0x1d545,
    0x1d546, 0x1d547, 0x1d54a, 0x1d551, 0x1d552, 0x1d6a6, 0x1d6a8, 0x1d6c1, 0x1d6c2, 0x1d6db, 0x1d6dc, 0x1d6fb,
    0x1d6fc, 0x1d715, 0x1d716, 0x1d735, 0x1d736, 0x1d74f, 0x1d750, 0x1d76f, 0x1d770, 0x1d789, 0x1d78a, 0x1d7a9,
    0x1d7aa, 0x1d7c3, 0x1d7c4, 0x1d7cc, 0x1df00, 0x1df0a, 0x1df0b, 0x1df1f, 0x1df25, 0x1df2b, 0x1e900, 0x1e944,
];

static GENERAL_CATEGORY_CLOSE_PUNCTUATION: &[i32] = &[
    0x29, 0x2a, 0x5d, 0x5e, 0x7d, 0x7e, 0xf3b, 0xf3c, 0xf3d, 0xf3e, 0x169c, 0x169d,
    0x2046, 0x2047, 0x207e, 0x207f, 0x208e, 0x208f, 0x2309, 0x230a, 0x230b, 0x230c, 0x232a, 0x232b,
    0x2769, 0x276a, 0x276b, 0x276c, 0x276d, 0x276e, 0x276f, 0x2770, 0x2771, 0x2772, 0x2773, 0x2774,
    0x2775, 0x2776, 0x27c6, 0x27c7, 0x27e7, 0x27e8, 0x27e9, 0x27ea, 0x27eb, 0x27ec, 0x27ed, 0x27ee,
    0x27ef, 0x27f0, 0x2984, 0x2985, 0x2986, 0x2987, 0x2988, 0x2989, 0x298a, 0x298b, 0x298c, 0x298d,
    0x298e, 0x298f, 0x2990, 0x2991, 0x2992, 0x2993, 0x2994, 0x2995, 0x2996, 0x2997, 0x2998, 0x2999,
    0x29d9, 0x29da, 0x29db, 0x29dc, 0x29fd, 0x29fe, 0x2e23, 0x2e24, 0x2e25, 0x2e26, 0x2e27, 0x2e28,
    0x2e29, 0x2e2a, 0x2e56, 0x2e57, 0x2e58, 0x2e59, 0x2e5a, 0x2e5b, 0x2e5c, 0x2e5d, 0x3009, 0x300a,
    0x300b, 0x300c, 0x300d, 0x300e, 0x300f, 0x3010, 0x3011, 0x3012, 0x3015, 0x3016, 0x3017, 0x3018,
    0x3019, 0x301a, 0x301b, 0x301c, 0x301e, 0x3020, 0xfd3e, 0xfd3f, 0xfe18, 0xfe19, 0xfe36, 0xfe37,
    0xfe38, 0xfe39, 0xfe3a, 0xfe3b, 0xfe3c, 0xfe3d, 0xfe3e, 0xfe3f, 0xfe40, 0xfe41, 0xfe42, 0xfe43,
    0xfe44, 0xfe45, 0xfe48, 0xfe49, 0xfe5a, 0xfe5b, 0xfe5c, 0xfe5d, 0xfe5e, 0xfe5f, 0xff09, 0xff0a,
    0xff3d, 0xff3e, 0xff5d, 0xff5e, 0xff60, 0xff61, 0xff63, 0xff64,
];

static GENERAL_CATEGORY_CONNECTOR_PUNCTUATION: &[i32] = &[
    0x5f, 0x60, 0x203f, 0x2041, 0x2054, 0x2055, 0xfe33, 0xfe35, 0xfe4d, 0xfe50, 0xff3f, 0xff40,
];

static GENERAL_CATEGORY_CONTROL: &[i32] = &[
    0x0, 0x20, 0x7f, 0xa0,
];

static GENERAL_CATEGORY_CURRENCY_SYMBOL: &[i32] = &[
    0x24, 0x25, 0xa2, 0xa6, 0x58f, 0x590, 0x60b, 0x60c, 0x7fe, 0x800, 0x9f2, 0x9f4,
    0x9fb, 0x9fc, 0xaf1, 0xaf2, 0xbf9, 0xbfa, 0xe3f, 0xe40, 0x17db, 0x17dc, 0x20a0, 0x20c2,
    0xa838, 0xa839, 0xfdfc, 0xfdfd, 0xfe69, 0xfe6a, 0xff04, 0xff05, 0xffe0, 0xffe2, 0xffe5, 0xffe7,
    0x11fdd, 0x11fe1, 0x1e2ff, 0x1e300, 0x1ecb0, 0x1ecb1,
];

static GENERAL_CATEGORY_DASH_PUNCTUATION: &[i32] = &[
    0x2d, 0x2e, 0x58a, 0x58b, 0x5be, 0x5bf, 0x1400, 0x1401, 0x1806, 0x1807, 0x2010, 0x2016,
    0x2e17, 0x2e18, 0x2e1a, 0x2e1b, 0x2e3a, 0x2e3c, 0x2e40, 0x2e41, 0x2e5d, 0x2e5e, 0x301c, 0x301d,
    0x3030, 0x3031, 0x30a0, 0x30a1, 0xfe31, 0xfe33, 0xfe58, 0xfe59, 0xfe63, 0xfe64, 0xff0d, 0xff0e,
    0x10d6e, 0x10d6f, 0x10ead, 0x10eae,
];

static GENERAL_CATEGORY_DECIMAL_NUMBER: &[i32] = &[
    0x30, 0x3a, 0x660, 0x66a, 0x6f0, 0x6fa, 0x7c0, 0x7ca, 0x966, 0x970, 0x9e6, 0x9f0,
    0xa66, 0xa70, 0xae6, 0xaf0, 0xb66, 0xb70, 0xbe6, 0xbf0, 0xc66, 0xc70, 0xce6, 0xcf0,
    0xd66, 0xd70, 0xde6, 0xdf0, 0xe50, 0xe5a, 0xed0, 0xeda, 0xf20, 0xf2a, 0x1040, 0x104a,
    0x1090, 0x109a, 0x17e0, 0x17ea, 0x1810, 0x181a, 0x1946, 0x1950, 0x19d0, 0x19da, 0x1a80, 0x1a8a,
    0x1a90, 0x1a9a, 0x1b50, 0x1b5a, 0x1bb0, 0x1bba, 0x1c40, 0x1c4a, 0x1c50, 0x1c5a, 0xa620, 0xa62a,
    0xa8d0, 0xa8da, 0xa900, 0xa90a, 0xa9d0, 0xa9da, 0xa9f0, 0xa9fa, 0xaa50, 0xaa5a, 0xabf0, 0xabfa,
    0xff10, 0xff1a, 0x104a0, 0x104aa, 0x10d30, 0x10d3a, 0x10d40, 0x10d4a, 0x11066, 0x11070, 0x110f0, 0x110fa,
    0x11136, 0x11140, 0x111d0, 0x111da, 0x112f0, 0x112fa, 0x11450, 0x1145a, 0x114d0, 0x114da, 0x11650, 0x1165a,
    0x116c0, 0x116ca, 0x116d0, 0x116e4, 0x11730, 0x1173a, 0x118e0, 0x118ea, 0x11950, 0x1195a, 0x11bf0, 0x11bfa,
    0x11c50, 0x11c5a, 0x11d50, 0x11d5a, 0x11da0, 0x11daa, 0x11de0, 0x11dea, 0x11f50, 0x11f5a, 0x16130, 0x1613a,
    0x16a60, 0x16a6a, 0x16ac0, 0x16aca, 0x16b50, 0x16b5a, 0x16d70, 0x16d7a, 0x1ccf0, 0x1ccfa, 0x1d7ce, 0x1d800,
    0x1e140, 0x1e14a, 0x1e2f0, 0x1e2fa, 0x1e4f0, 0x1e4fa, 0x1e5f1, 0x1e5fb, 0x1e950, 0x1e95a, 0x1fbf0, 0x1fbfa,
];

static GENERAL_CATEGORY_ENCLOSING_MARK: &[i32] = &[
    0x488, 0x48a, 0x1abe, 0x1abf, 0x20dd, 0x20e1, 0x20e2, 0x20e5, 0xa670, 0xa673,
];

static GENERAL_CATEGORY_FINAL_PUNCTUATION: &[i32] = &[
    0xbb, 0xbc, 0x2019, 0x201a, 0x201d, 0x201e, 0x203a, 0x203b, 0x2e03, 0x2e04, 0x2e05, 0x2e06,
    0x2e0a, 0x2e0b, 0x2e0d, 0x2e0e, 0x2e1d, 0x2e1e, 0x2e21, 0x2e22,
];

static GENERAL_CATEGORY_FORMAT: &[i32] = &[
    0xad, 0xae, 0x600, 0x606, 0x61c, 0x61d, 0x6dd, 0x6de, 0x70f, 0x710, 0x890, 0x892,
    0x8e2, 0x8e3, 0x180e, 0x180f, 0x200b, 0x2010, 0x202a, 0x202f, 0x2060, 0x2065, 0x2066, 0x2070,
    0xfeff, 0xff00, 0xfff9, 0xfffc, 0x110bd, 0x110be, 0x110cd, 0x110ce, 0x13430, 0x13440, 0x1bca0, 0x1bca4,
    0x1d173, 0x1d17b, 0xe0001, 0xe0002, 0xe0020, 0xe0080,
];

static GENERAL_CATEGORY_INITIAL_PUNCTUATION: &[i32] = &[
    0xab, 0xac, 0x2018, 0x2019, 0x201b, 0x201d, 0x201f, 0x2020, 0x2039, 0x203a, 0x2e02, 0x2e03,
    0x2e04, 0x2e05, 0x2e09, 0x2e0a, 0x2e0c, 0x2e0d, 0x2e1c, 0x2e1d, 0x2e20, 0x2e21,
];

static GENERAL_CATEGORY_LETTER: &[i32] = &[
    0x41, 0x5b, 0x61, 0x7b, 0xaa, 0xab, 0xb5, 0xb6, 0xba, 0xbb, 0xc0, 0xd7,
    0xd8, 0xf7, 0xf8, 0x2c2, 0x2c6, 0x2d2, 0x2e0, 0x2e5, 0x2ec, 0x2ed, 0x2ee, 0x2ef,
    0x370, 0x375, 0x376, 0x378, 0x37a, 0x37e, 0x37f, 0x380, 0x386, 0x387, 0x388, 0x38b,
    0x38c, 0x38d, 0x38e, 0x3a2, 0x3a3, 0x3f6, 0x3f7, 0x482, 0x48a, 0x530, 0x531, 0x557,
    0x559, 0x55a, 0x560, 0x589, 0x5d0, 0x5eb, 0x5ef, 0x5f3, 0x620, 0x64b, 0x66e, 0x670,
    0x671, 0x6d4, 0x6d5, 0x6d6, 0x6e5, 0x6e7, 0x6ee, 0x6f0, 0x6fa, 0x6fd, 0x6ff, 0x700,
    0x710, 0x711, 0x712, 0x730, 0x74d, 0x7a6, 0x7b1, 0x7b2, 0x7ca, 0x7eb, 0x7f4, 0x7f6,
    0x7fa, 0x7fb, 0x800, 0x816, 0x81a, 0x81b, 0x824, 0x825, 0x828, 0x829, 0x840, 0x859,
    0x860, 0x86b, 0x870, 0x888, 0x889, 0x890, 0x8a0, 0x8ca, 0x904, 0x93a, 0x93d, 0x93e,
    0x950, 0x951, 0x958, 0x962, 0x971, 0x981, 0x985, 0x98d, 0x98f, 0x991, 0x993, 0x9a9,
    0x9aa, 0x9b1, 0x9b2, 0x9b3, 0x9b6, 0x9ba, 0x9bd, 0x9be, 0x9ce, 0x9cf, 0x9dc, 0x9de,
    0x9df, 0x9e2, 0x9f0, 0x9f2, 0x9fc, 0x9fd, 0xa05, 0xa0b, 0xa0f, 0xa11, 0xa13, 0xa29,
    0xa2a, 0xa31, 0xa32, 0xa34, 0xa35, 0xa37, 0xa38, 0xa3a, 0xa59, 0xa5d, 0xa5e, 0xa5f,
    0xa72, 0xa75, 0xa85, 0xa8e, 0xa8f, 0xa92, 0xa93, 0xaa9, 0xaaa, 0xab1, 0xab2, 0xab4,
    0xab5, 0xaba, 0xabd, 0xabe, 0xad0, 0xad1, 0xae0, 0xae2, 0xaf9, 0xafa, 0xb05, 0xb0d,
    0xb0f, 0xb11, 0xb13, 0xb29, 0xb2a, 0xb31, 0xb32, 0xb34, 0xb35, 0xb3a, 0xb3d, 0xb3e,
    0xb5c, 0xb5e, 0xb5f, 0xb62, 0xb71, 0xb72, 0xb83, 0xb84, 0xb85, 0xb8b, 0xb8e, 0xb91,
    0xb92, 0xb96, 0xb99, 0xb9b, 0xb9c, 0xb9d, 0xb9e, 0xba0, 0xba3, 0xba5, 0xba8, 0xbab,
    0xbae, 0xbba, 0xbd0, 0xbd1, 0xc05, 0xc0d, 0xc0e, 0xc11, 0xc12, 0xc29, 0xc2a, 0xc3a,
    0xc3d, 0xc3e, 0xc58, 0xc5b, 0xc5c, 0xc5e, 0xc60, 0xc62, 0xc80, 0xc81, 0xc85, 0xc8d,
    0xc8e, 0xc91, 0xc92, 0xca9, 0xcaa, 0xcb4, 0xcb5, 0xcba, 0xcbd, 0xcbe, 0xcdc, 0xcdf,
    0xce0, 0xce2, 0xcf1, 0xcf3, 0xd04, 0xd0d, 0xd0e, 0xd11, 0xd12, 0xd3b, 0xd3d, 0xd3e,
    0xd4e, 0xd4f, 0xd54, 0xd57, 0xd5f, 0xd62, 0xd7a, 0xd80, 0xd85, 0xd97, 0xd9a, 0xdb2,
    0xdb3, 0xdbc, 0xdbd, 0xdbe, 0xdc0, 0xdc7, 0xe01, 0xe31, 0xe32, 0xe34, 0xe40, 0xe47,
    0xe81, 0xe83, 0xe84, 0xe85, 0xe86, 0xe8b, 0xe8c, 0xea4, 0xea5, 0xea6, 0xea7, 0xeb1,
    0xeb2, 0xeb4, 0xebd, 0xebe, 0xec0, 0xec5, 0xec6, 0xec7, 0xedc, 0xee0, 0xf00, 0xf01,
    0xf40, 0xf48, 0xf49, 0xf6d, 0xf88, 0xf8d, 0x1000, 0x102b, 0x103f, 0x1040, 0x1050, 0x1056,
    0x105a, 0x105e, 0x1061, 0x1062, 0x1065, 0x1067, 0x106e, 0x1071, 0x1075, 0x1082, 0x108e, 0x108f,
    0x10a0, 0x10c6, 0x10c7, 0x10c8, 0x10cd, 0x10ce, 0x10d0, 0x10fb, 0x10fc, 0x1249, 0x124a, 0x124e,
    0x1250, 0x1257, 0x1258, 0x1259, 0x125a, 0x125e, 0x1260, 0x1289, 0x128a, 0x128e, 0x1290, 0x12b1,
    0x12b2, 0x12b6, 0x12b8, 0x12bf, 0x12c0, 0x12c1, 0x12c2, 0x12c6, 0x12c8, 0x12d7, 0x12d8, 0x1311,
    0x1312, 0x1316, 0x1318, 0x135b, 0x1380, 0x1390, 0x13a0, 0x13f6, 0x13f8, 0x13fe, 0x1401, 0x166d,
    0x166f, 0x1680, 0x1681, 0x169b, 0x16a0, 0x16eb, 0x16f1, 0x16f9, 0x1700, 0x1712, 0x171f, 0x1732,
    0x1740, 0x1752, 0x1760, 0x176d, 0x176e, 0x1771, 0x1780, 0x17b4, 0x17d7, 0x17d8, 0x17dc, 0x17dd,
    0x1820, 0x1879, 0x1880, 0x1885, 0x1887, 0x18a9, 0x18aa, 0x18ab, 0x18b0, 0x18f6, 0x1900, 0x191f,
    0x1950, 0x196e, 0x1970, 0x1975, 0x1980, 0x19ac, 0x19b0, 0x19ca, 0x1a00, 0x1a17, 0x1a20, 0x1a55,
    0x1aa7, 0x1aa8, 0x1b05, 0x1b34, 0x1b45, 0x1b4d, 0x1b83, 0x1ba1, 0x1bae, 0x1bb0, 0x1bba, 0x1be6,
    0x1c00, 0x1c24, 0x1c4d, 0x1c50, 0x1c5a, 0x1c7e, 0x1c80, 0x1c8b, 0x1c90, 0x1cbb, 0x1cbd, 0x1cc0,
    0x1ce9, 0x1ced, 0x1cee, 0x1cf4, 0x1cf5, 0x1cf7, 0x1cfa, 0x1cfb, 0x1d00, 0x1dc0, 0x1e00, 0x1f16,
    0x1f18, 0x1f1e, 0x1f20, 0x1f46, 0x1f48, 0x1f4e, 0x1f50, 0x1f58, 0x1f59, 0x1f5a, 0x1f5b, 0x1f5c,
    0x1f5d, 0x1f5e, 0x1f5f, 0x1f7e, 0x1f80, 0x1fb5, 0x1fb6, 0x1fbd, 0x1fbe, 0x1fbf, 0x1fc2, 0x1fc5,
    0x1fc6, 0x1fcd, 0x1fd0, 0x1fd4, 0x1fd6, 0x1fdc, 0x1fe0, 0x1fed, 0x1ff2, 0x1ff5, 0x1ff6, 0x1ffd,
    0x2071, 0x2072, 0x207f, 0x2080, 0x2090, 0x209d, 0x2102, 0x2103, 0x2107, 0x2108, 0x210a, 0x2114,
    0x2115, 0x2116, 0x2119, 0x211e, 0x2124, 0x2125, 0x2126, 0x2127, 0x2128, 0x2129, 0x212a, 0x212e,
    0x212f, 0x213a, 0x213c, 0x2140, 0x2145, 0x214a, 0x214e, 0x214f, 0x2183, 0x2185, 0x2c00, 0x2ce5,
    0x2ceb, 0x2cef, 0x2cf2, 0x2cf4, 0x2d00, 0x2d26, 0x2d27, 0x2d28, 0x2d2d, 0x2d2e, 0x2d30, 0x2d68,
    0x2d6f, 0x2d70, 0x2d80, 0x2d97, 0x2da0, 0x2da7, 0x2da8, 0x2daf, 0x2db0, 0x2db7, 0x2db8, 0x2dbf,
    0x2dc0, 0x2dc7, 0x2dc8, 0x2dcf, 0x2dd0, 0x2dd7, 0x2dd8, 0x2ddf, 0x2e2f, 0x2e30, 0x3005, 0x3007,
    0x3031, 0x3036, 0x303b, 0x303d, 0x3041, 0x3097, 0x309d, 0x30a0, 0x30a1, 0x30fb, 0x30fc, 0x3100,
    0x3105, 0x3130, 0x3131, 0x318f, 0x31a0, 0x31c0, 0x31f0, 0x3200, 0x3400, 0x4dc0, 0x4e00, 0xa48d,
    0xa4d0, 0xa4fe, 0xa500, 0xa60d, 0xa610, 0xa620, 0xa62a, 0xa62c, 0xa640, 0xa66f, 0xa67f, 0xa69e,
    0xa6a0, 0xa6e6, 0xa717, 0xa720, 0xa722, 0xa789, 0xa78b, 0xa7dd, 0xa7f1, 0xa802, 0xa803, 0xa806,
    0xa807, 0xa80b, 0xa80c, 0xa823, 0xa840, 0xa874, 0xa882, 0xa8b4, 0xa8f2, 0xa8f8, 0xa8fb, 0xa8fc,
    0xa8fd, 0xa8ff, 0xa90a, 0xa926, 0xa930, 0xa947, 0xa960, 0xa97d, 0xa984, 0xa9b3, 0xa9cf, 0xa9d0,
    0xa9e0, 0xa9e5, 0xa9e6, 0xa9f0, 0xa9fa, 0xa9ff, 0xaa00, 0xaa29, 0xaa40, 0xaa43, 0xaa44, 0xaa4c,
    0xaa60, 0xaa77, 0xaa7a, 0xaa7b, 0xaa7e, 0xaab0, 0xaab1, 0xaab2, 0xaab5, 0xaab7, 0xaab9, 0xaabe,
    0xaac0, 0xaac1, 0xaac2, 0xaac3, 0xaadb, 0xaade, 0xaae0, 0xaaeb, 0xaaf2, 0xaaf5, 0xab01, 0xab07,
    0xab09, 0xab0f, 0xab11, 0xab17, 0xab20, 0xab27, 0xab28, 0xab2f, 0xab30, 0xab5b, 0xab5c, 0xab6a,
    0xab70, 0xabe3, 0xac00, 0xd7a4, 0xd7b0, 0xd7c7, 0xd7cb, 0xd7fc, 0xf900, 0xfa6e, 0xfa70, 0xfada,
    0xfb00, 0xfb07, 0xfb13, 0xfb18, 0xfb1d, 0xfb1e, 0xfb1f, 0xfb29, 0xfb2a, 0xfb37, 0xfb38, 0xfb3d,
    0xfb3e, 0xfb3f, 0xfb40, 0xfb42, 0xfb43, 0xfb45, 0xfb46, 0xfbb2, 0xfbd3, 0xfd3e, 0xfd50, 0xfd90,
    0xfd92, 0xfdc8, 0xfdf0, 0xfdfc, 0xfe70, 0xfe75, 0xfe76, 0xfefd, 0xff21, 0xff3b, 0xff41, 0xff5b,
    0xff66, 0xffbf, 0xffc2, 0xffc8, 0xffca, 0xffd0, 0xffd2, 0xffd8, 0xffda, 0xffdd, 0x10000, 0x1000c,
    0x1000d, 0x10027, 0x10028, 0x1003b, 0x1003c, 0x1003e, 0x1003f, 0x1004e, 0x10050, 0x1005e, 0x10080, 0x100fb,
    0x10280, 0x1029d, 0x102a0, 0x102d1, 0x10300, 0x10320, 0x1032d, 0x10341, 0x10342, 0x1034a, 0x10350, 0x10376,
    0x10380, 0x1039e, 0x103a0, 0x103c4, 0x103c8, 0x103d0, 0x10400, 0x1049e, 0x104b0, 0x104d4, 0x104d8, 0x104fc,
    0x10500, 0x10528, 0x10530, 0x10564, 0x10570, 0x1057b, 0x1057c, 0x1058b, 0x1058c, 0x10593, 0x10594, 0x10596,
    0x10597, 0x105a2, 0x105a3, 0x105b2, 0x105b3, 0x105ba, 0x105bb, 0x105bd, 0x105c0, 0x105f4, 0x10600, 0x10737,
    0x10740, 0x10756, 0x10760, 0x10768, 0x10780, 0x10786, 0x10787, 0x107b1, 0x107b2, 0x107bb, 0x10800, 0x10806,
    0x10808, 0x10809, 0x1080a, 0x10836, 0x10837, 0x10839, 0x1083c, 0x1083d, 0x1083f, 0x10856, 0x10860, 0x10877,
    0x10880, 0x1089f, 0x108e0, 0x108f3, 0x108f4, 0x108f6, 0x10900, 0x10916, 0x10920, 0x1093a, 0x10940, 0x1095a,
    0x10980, 0x109b8, 0x109be, 0x109c0, 0x10a00, 0x10a01, 0x10a10, 0x10a14, 0x10a15, 0x10a18, 0x10a19, 0x10a36,
    0x10a60, 0x10a7d, 0x10a80, 0x10a9d, 0x10ac0, 0x10ac8, 0x10ac9, 0x10ae5, 0x10b00, 0x10b36, 0x10b40, 0x10b56,
    0x10b60, 0x10b73, 0x10b80, 0x10b92, 0x10c00, 0x10c49, 0x10c80, 0x10cb3, 0x10cc0, 0x10cf3, 0x10d00, 0x10d24,
    0x10d4a, 0x10d66, 0x10d6f, 0x10d86, 0x10e80, 0x10eaa, 0x10eb0, 0x10eb2, 0x10ec2, 0x10ec8, 0x10f00, 0x10f1d,
    0x10f27, 0x10f28, 0x10f30, 0x10f46, 0x10f70, 0x10f82, 0x10fb0, 0x10fc5, 0x10fe0, 0x10ff7, 0x11003, 0x11038,
    0x11071, 0x11073, 0x11075, 0x11076, 0x11083, 0x110b0, 0x110d0, 0x110e9, 0x11103, 0x11127, 0x11144, 0x11145,
    0x11147, 0x11148, 0x11150, 0x11173, 0x11176, 0x11177, 0x11183, 0x111b3, 0x111c1, 0x111c5, 0x111da, 0x111db,
    0x111dc, 0x111dd, 0x11200, 0x11212, 0x11213, 0x1122c, 0x1123f, 0x11241, 0x11280, 0x11287, 0x11288, 0x11289,
    0x1128a, 0x1128e, 0x1128f, 0x1129e, 0x1129f, 0x112a9, 0x112b0, 0x112df, 0x11305, 0x1130d, 0x1130f, 0x11311,
    0x11313, 0x11329, 0x1132a, 0x11331, 0x11332, 0x11334, 0x11335, 0x1133a, 0x1133d, 0x1133e, 0x11350, 0x11351,
    0x1135d, 0x11362, 0x11380, 0x1138a, 0x1138b, 0x1138c, 0x1138e, 0x1138f, 0x11390, 0x113b6, 0x113b7, 0x113b8,
    0x113d1, 0x113d2, 0x113d3, 0x113d4, 0x11400, 0x11435, 0x11447, 0x1144b, 0x1145f, 0x11462, 0x11480, 0x114b0,
    0x114c4, 0x114c6, 0x114c7, 0x114c8, 0x11580, 0x115af, 0x115d8, 0x115dc, 0x11600, 0x11630, 0x11644, 0x11645,
    0x11680, 0x116ab, 0x116b8, 0x116b9, 0x11700, 0x1171b, 0x11740, 0x11747, 0x11800, 0x1182c, 0x118a0, 0x118e0,
    0x118ff, 0x11907, 0x11909, 0x1190a, 0x1190c, 0x11914, 0x11915, 0x11917, 0x11918, 0x11930, 0x1193f, 0x11940,
    0x11941, 0x11942, 0x119a0, 0x119a8, 0x119aa, 0x119d1, 0x119e1, 0x119e2, 0x119e3, 0x119e4, 0x11a00, 0x11a01,
    0x11a0b, 0x11a33, 0x11a3a, 0x11a3b, 0x11a50, 0x11a51, 0x11a5c, 0x11a8a, 0x11a9d, 0x11a9e, 0x11ab0, 0x11af9,
    0x11bc0, 0x11be1, 0x11c00, 0x11c09, 0x11c0a, 0x11c2f, 0x11c40, 0x11c41, 0x11c72, 0x11c90, 0x11d00, 0x11d07,
    0x11d08, 0x11d0a, 0x11d0b, 0x11d31, 0x11d46, 0x11d47, 0x11d60, 0x11d66, 0x11d67, 0x11d69, 0x11d6a, 0x11d8a,
    0x11d98, 0x11d99, 0x11db0, 0x11ddc, 0x11ee0, 0x11ef3, 0x11f02, 0x11f03, 0x11f04, 0x11f11, 0x11f12, 0x11f34,
    0x11fb0, 0x11fb1, 0x12000, 0x1239a, 0x12480, 0x12544, 0x12f90, 0x12ff1, 0x13000, 0x13430, 0x13441, 0x13447,
    0x13460, 0x143fb, 0x14400, 0x14647, 0x16100, 0x1611e, 0x16800, 0x16a39, 0x16a40, 0x16a5f, 0x16a70, 0x16abf,
    0x16ad0, 0x16aee, 0x16b00, 0x16b30, 0x16b40, 0x16b44, 0x16b63, 0x16b78, 0x16b7d, 0x16b90, 0x16d40, 0x16d6d,
    0x16e40, 0x16e80, 0x16ea0, 0x16eb9, 0x16ebb, 0x16ed4, 0x16f00, 0x16f4b, 0x16f50, 0x16f51, 0x16f93, 0x16fa0,
    0x16fe0, 0x16fe2, 0x16fe3, 0x16fe4, 0x16ff2, 0x16ff4, 0x17000, 0x18cd6, 0x18cff, 0x18d1f, 0x18d80, 0x18df3,
    0x1aff0, 0x1aff4, 0x1aff5, 0x1affc, 0x1affd, 0x1afff, 0x1b000, 0x1b123, 0x1b132, 0x1b133, 0x1b150, 0x1b153,
    0x1b155, 0x1b156, 0x1b164, 0x1b168, 0x1b170, 0x1b2fc, 0x1bc00, 0x1bc6b, 0x1bc70, 0x1bc7d, 0x1bc80, 0x1bc89,
    0x1bc90, 0x1bc9a, 0x1d400, 0x1d455, 0x1d456, 0x1d49d, 0x1d49e, 0x1d4a0, 0x1d4a2, 0x1d4a3, 0x1d4a5, 0x1d4a7,
    0x1d4a9, 0x1d4ad, 0x1d4ae, 0x1d4ba, 0x1d4bb, 0x1d4bc, 0x1d4bd, 0x1d4c4, 0x1d4c5, 0x1d506, 0x1d507, 0x1d50b,
    0x1d50d, 0x1d515, 0x1d516, 0x1d51d, 0x1d51e, 0x1d53a, 0x1d53b, 0x1d53f, 0x1d540, 0x1d545, 0x1d546, 0x1d547,
    0x1d54a, 0x1d551, 0x1d552, 0x1d6a6, 0x1d6a8, 0x1d6c1, 0x1d6c2, 0x1d6db, 0x1d6dc, 0x1d6fb, 0x1d6fc, 0x1d715,
    0x1d716, 0x1d735, 0x1d736, 0x1d74f, 0x1d750, 0x1d76f, 0x1d770, 0x1d789, 0x1d78a, 0x1d7a9, 0x1d7aa, 0x1d7c3,
    0x1d7c4, 0x1d7cc, 0x1df00, 0x1df1f, 0x1df25, 0x1df2b, 0x1e030, 0x1e06e, 0x1e100, 0x1e12d, 0x1e137, 0x1e13e,
    0x1e14e, 0x1e14f, 0x1e290, 0x1e2ae, 0x1e2c0, 0x1e2ec, 0x1e4d0, 0x1e4ec, 0x1e5d0, 0x1e5ee, 0x1e5f0, 0x1e5f1,
    0x1e6c0, 0x1e6df, 0x1e6e0, 0x1e6e3, 0x1e6e4, 0x1e6e6, 0x1e6e7, 0x1e6ee, 0x1e6f0, 0x1e6f5, 0x1e6fe, 0x1e700,
    0x1e7e0, 0x1e7e7, 0x1e7e8, 0x1e7ec, 0x1e7ed, 0x1e7ef, 0x1e7f0, 0x1e7ff, 0x1e800, 0x1e8c5, 0x1e900, 0x1e944,
    0x1e94b, 0x1e94c, 0x1ee00, 0x1ee04, 0x1ee05, 0x1ee20, 0x1ee21, 0x1ee23, 0x1ee24, 0x1ee25, 0x1ee27, 0x1ee28,
    0x1ee29, 0x1ee33, 0x1ee34, 0x1ee38, 0x1ee39, 0x1ee3a, 0x1ee3b, 0x1ee3c, 0x1ee42, 0x1ee43, 0x1ee47, 0x1ee48,
    0x1ee49, 0x1ee4a, 0x1ee4b, 0x1ee4c, 0x1ee4d, 0x1ee50, 0x1ee51, 0x1ee53, 0x1ee54, 0x1ee55, 0x1ee57, 0x1ee58,
    0x1ee59, 0x1ee5a, 0x1ee5b, 0x1ee5c, 0x1ee5d, 0x1ee5e, 0x1ee5f, 0x1ee60, 0x1ee61, 0x1ee63, 0x1ee64, 0x1ee65,
    0x1ee67, 0x1ee6b, 0x1ee6c, 0x1ee73, 0x1ee74, 0x1ee78, 0x1ee79, 0x1ee7d, 0x1ee7e, 0x1ee7f, 0x1ee80, 0x1ee8a,
    0x1ee8b, 0x1ee9c, 0x1eea1, 0x1eea4, 0x1eea5, 0x1eeaa, 0x1eeab, 0x1eebc, 0x20000, 0x2a6e0, 0x2a700, 0x2b81e,
    0x2b820, 0x2ceae, 0x2ceb0, 0x2ebe1, 0x2ebf0, 0x2ee5e, 0x2f800, 0x2fa1e, 0x30000, 0x3134b, 0x31350, 0x3347a,
];

static GENERAL_CATEGORY_LETTER_NUMBER: &[i32] = &[
    0x16ee, 0x16f1, 0x2160, 0x2183, 0x2185, 0x2189, 0x3007, 0x3008, 0x3021, 0x302a, 0x3038, 0x303b,
    0xa6e6, 0xa6f0, 0x10140, 0x10175, 0x10341, 0x10342, 0x1034a, 0x1034b, 0x103d1, 0x103d6, 0x12400, 0x1246f,
    0x16ff4, 0x16ff7,
];

static GENERAL_CATEGORY_LINE_SEPARATOR: &[i32] = &[
    0x2028, 0x2029,
];

static GENERAL_CATEGORY_LOWERCASE_LETTER: &[i32] = &[
    0x61, 0x7b, 0xb5, 0xb6, 0xdf, 0xf7, 0xf8, 0x100, 0x101, 0x102, 0x103, 0x104,
    0x105, 0x106, 0x107, 0x108, 0x109, 0x10a, 0x10b, 0x10c, 0x10d, 0x10e, 0x10f, 0x110,
    0x111, 0x112, 0x113, 0x114, 0x115, 0x116, 0x117, 0x118, 0x119, 0x11a, 0x11b, 0x11c,
    0x11d, 0x11e, 0x11f, 0x120, 0x121, 0x122, 0x123, 0x124, 0x125, 0x126, 0x127, 0x128,
    0x129, 0x12a, 0x12b, 0x12c, 0x12d, 0x12e, 0x12f, 0x130, 0x131, 0x132, 0x133, 0x134,
    0x135, 0x136, 0x137, 0x139, 0x13a, 0x13b, 0x13c, 0x13d, 0x13e, 0x13f, 0x140, 0x141,
    0x142, 0x143, 0x144, 0x145, 0x146, 0x147, 0x148, 0x14a, 0x14b, 0x14c, 0x14d, 0x14e,
    0x14f, 0x150, 0x151, 0x152, 0x153, 0x154, 0x155, 0x156, 0x157, 0x158, 0x159, 0x15a,
    0x15b, 0x15c, 0x15d, 0x15e, 0x15f, 0x160, 0x161, 0x162, 0x163, 0x164, 0x165, 0x166,
    0x167, 0x168, 0x169, 0x16a, 0x16b, 0x16c, 0x16d, 0x16e, 0x16f, 0x170, 0x171, 0x172,
    0x173, 0x174, 0x175, 0x176, 0x177, 0x178, 0x17a, 0x17b, 0x17c, 0x17d, 0x17e, 0x181,
    0x183, 0x184, 0x185, 0x186, 0x188, 0x189, 0x18c, 0x18e, 0x192, 0x193, 0x195, 0x196,
    0x199, 0x19c, 0x19e, 0x19f, 0x1a1, 0x1a2, 0x1a3, 0x1a4, 0x1a5, 0x1a6, 0x1a8, 0x1a9,
    0x1aa, 0x1ac, 0x1ad, 0x1ae, 0x1b0, 0x1b1, 0x1b4, 0x1b5, 0x1b6, 0x1b7, 0x1b9, 0x1bb,
    0x1bd, 0x1c0, 0x1c6, 0x1c7, 0x1c9, 0x1ca, 0x1cc, 0x1cd, 0x1ce, 0x1cf, 0x1d0, 0x1d1,
    0x1d2, 0x1d3, 0x1d4, 0x1d5, 0x1d6, 0x1d7, 0x1d8, 0x1d9, 0x1da, 0x1db, 0x1dc, 0x1de,
    0x1df, 0x1e0, 0x1e1, 0x1e2, 0x1e3, 0x1e4, 0x1e5, 0x1e6, 0x1e7, 0x1e8, 0x1e9, 0x1ea,
    0x1eb, 0x1ec, 0x1ed, 0x1ee, 0x1ef, 0x1f1, 0x1f3, 0x1f4, 0x1f5, 0x1f6, 0x1f9, 0x1fa,
    0x1fb, 0x1fc, 0x1fd, 0x1fe, 0x1ff, 0x200, 0x201, 0x202, 0x203, 0x204, 0x205, 0x206,
    0x207, 0x208, 0x209, 0x20a, 0x20b, 0x20c, 0x20d, 0x20e, 0x20f, 0x210, 0x211, 0x212,
    0x213, 0x214, 0x215, 0x216, 0x217, 0x218, 0x219, 0x21a, 0x21b, 0x21c, 0x21d, 0x21e,
    0x21f, 0x220, 0x221, 0x222, 0x223, 0x224, 0x225, 0x226, 0x227, 0x228, 0x229, 0x22a,
    0x22b, 0x22c, 0x22d, 0x22e, 0x22f, 0x230, 0x231, 0x232, 0x233, 0x23a, 0x23c, 0x23d,
    0x23f, 0x241, 0x242, 0x243, 0x247, 0x248, 0x249, 0x24a, 0x24b, 0x24c, 0x24d, 0x24e,
    0x24f, 0x294, 0x296, 0x2b0, 0x371, 0x372, 0x373, 0x374, 0x377, 0x378, 0x37b, 0x37e,
    0x390, 0x391, 0x3ac, 0x3cf, 0x3d0, 0x3d2, 0x3d5, 0x3d8, 0x3d9, 0x3da, 0x3db, 0x3dc,
    0x3dd, 0x3de, 0x3df, 0x3e0, 0x3e1, 0x3e2, 0x3e3, 0x3e4, 0x3e5, 0x3e6, 0x3e7, 0x3e8,
    0x3e9, 0x3ea, 0x3eb, 0x3ec, 0x3ed, 0x3ee, 0x3ef, 0x3f4, 0x3f5, 0x3f6, 0x3f8, 0x3f9,
    0x3fb, 0x3fd, 0x430, 0x460, 0x461, 0x462, 0x463, 0x464, 0x465, 0x466, 0x467, 0x468,
    0x469, 0x46a, 0x46b, 0x46c, 0x46d, 0x46e, 0x46f, 0x470, 0x471, 0x472, 0x473, 0x474,
    0x475, 0x476, 0x477, 0x478, 0x479, 0x47a, 0x47b, 0x47c, 0x47d, 0x47e, 0x47f, 0x480,
    0x481, 0x482, 0x48b, 0x48c, 0x48d, 0x48e, 0x48f, 0x490, 0x491, 0x492, 0x493, 0x494,
    0x495, 0x496, 0x497, 0x498, 0x499, 0x49a, 0x49b, 0x49c, 0x49d, 0x49e, 0x49f, 0x4a0,
    0x4a1, 0x4a2, 0x4a3, 0x4a4, 0x4a5, 0x4a6, 0x4a7, 0x4a8, 0x4a9, 0x4aa, 0x4ab, 0x4ac,
    0x4ad, 0x4ae, 0x4af, 0x4b0, 0x4b1, 0x4b2, 0x4b3, 0x4b4, 0x4b5, 0x4b6, 0x4b7, 0x4b8,
    0x4b9, 0x4ba, 0x4bb, 0x4bc, 0x4bd, 0x4be, 0x4bf, 0x4c0, 0x4c2, 0x4c3, 0x4c4, 0x4c5,
    0x4c6, 0x4c7, 0x4c8, 0x4c9, 0x4ca, 0x4cb, 0x4cc, 0x4cd, 0x4ce, 0x4d0, 0x4d1, 0x4d2,
    0x4d3, 0x4d4, 0x4d5, 0x4d6, 0x4d7, 0x4d8, 0x4d9, 0x4da, 0x4db, 0x4dc, 0x4dd, 0x4de,
    0x4df, 0x4e0, 0x4e1, 0x4e2, 0x4e3, 0x4e4, 0x4e5, 0x4e6, 0x4e7, 0x4e8, 0x4e9, 0x4ea,
    0x4eb, 0x4ec, 0x4ed, 0x4ee, 0x4ef, 0x4f0, 0x4f1, 0x4f2, 0x4f3, 0x4f4, 0x4f5, 0x4f6,
    0x4f7, 0x4f8, 0x4f9, 0x4fa, 0x4fb, 0x4fc, 0x4fd, 0x4fe, 0x4ff, 0x500, 0x501, 0x502,
    0x503, 0x504, 0x505, 0x506, 0x507, 0x508, 0x509, 0x50a, 0x50b, 0x50c, 0x50d, 0x50e,
    0x50f, 0x510, 0x511, 0x512, 0x513, 0x514, 0x515, 0x516, 0x517, 0x518, 0x519, 0x51a,
    0x51b, 0x51c, 0x51d, 0x51e, 0x51f, 0x520, 0x521, 0x522, 0x523, 0x524, 0x525, 0x526,
    0x527, 0x528, 0x529, 0x52a, 0x52b, 0x52c, 0x52d, 0x52e, 0x52f, 0x530, 0x560, 0x589,
    0x10d0, 0x10fb, 0x10fd, 0x1100, 0x13f8, 0x13fe, 0x1c80, 0x1c89, 0x1c8a, 0x1c8b, 0x1d00, 0x1d2c,
    0x1d6b, 0x1d78, 0x1d79, 0x1d9b, 0x1e01, 0x1e02, 0x1e03, 0x1e04, 0x1e05, 0x1e06, 0x1e07, 0x1e08,
    0x1e09, 0x1e0a, 0x1e0b, 0x1e0c, 0x1e0d, 0x1e0e, 0x1e0f, 0x1e10, 0x1e11, 0x1e12, 0x1e13, 0x1e14,
    0x1e15, 0x1e16, 0x1e17, 0x1e18, 0x1e19, 0x1e1a, 0x1e1b, 0x1e1c, 0x1e1d, 0x1e1e, 0x1e1f, 0x1e20,
    0x1e21, 0x1e22, 0x1e23, 0x1e24, 0x1e25, 0x1e26, 0x1e27, 0x1e28, 0x1e29, 0x1e2a, 0x1e2b, 0x1e2c,
    0x1e2d, 0x1e2e, 0x1e2f, 0x1e30, 0x1e31, 0x1e32, 0x1e33, 0x1e34, 0x1e35, 0x1e36, 0x1e37, 0x1e38,
    0x1e39, 0x1e3a, 0x1e3b, 0x1e3c, 0x1e3d, 0x1e3e, 0x1e3f, 0x1e40, 0x1e41, 0x1e42, 0x1e43, 0x1e44,
    0x1e45, 0x1e46, 0x1e47, 0x1e48, 0x1e49, 0x1e4a, 0x1e4b, 0x1e4c, 0x1e4d, 0x1e4e, 0x1e4f, 0x1e50,
    0x1e51, 0x1e52, 0x1e53, 0x1e54, 0x1e55, 0x1e56, 0x1e57, 0x1e58, 0x1e59, 0x1e5a, 0x1e5b, 0x1e5c,
    0x1e5d, 0x1e5e, 0x1e5f, 0x1e60, 0x1e61, 0x1e62, 0x1e63, 0x1e64, 0x1e65, 0x1e66, 0x1e67, 0x1e68,
    0x1e69, 0x1e6a, 0x1e6b, 0x1e6c, 0x1e6d, 0x1e6e, 0x1e6f, 0x1e70, 0x1e71, 0x1e72, 0x1e73, 0x1e74,
    0x1e75, 0x1e76, 0x1e77, 0x1e78, 0x1e79, 0x1e7a, 0x1e7b, 0x1e7c, 0x1e7d, 0x1e7e, 0x1e7f, 0x1e80,
    0x1e81, 0x1e82, 0x1e83, 0x1e84, 0x1e85, 0x1e86, 0x1e87, 0x1e88, 0x1e89, 0x1e8a, 0x1e8b, 0x1e8c,
    0x1e8d, 0x1e8e, 0x1e8f, 0x1e90, 0x1e91, 0x1e92, 0x1e93, 0x1e94, 0x1e95, 0x1e9e, 0x1e9f, 0x1ea0,
    0x1ea1, 0x1ea2, 0x1ea3, 0x1ea4, 0x1ea5, 0x1ea6, 0x1ea7, 0x1ea8, 0x1ea9, 0x1eaa, 0x1eab, 0x1eac,
    0x1ead, 0x1eae, 0x1eaf, 0x1eb0, 0x1eb1, 0x1eb2, 0x1eb3, 0x1eb4, 0x1eb5, 0x1eb6, 0x1eb7, 0x1eb8,
    0x1eb9, 0x1eba, 0x1ebb, 0x1ebc, 0x1ebd, 0x1ebe, 0x1ebf, 0x1ec0, 0x1ec1, 0x1ec2, 0x1ec3, 0x1ec4,
    0x1ec5, 0x1ec6, 0x1ec7, 0x1ec8, 0x1ec9, 0x1eca, 0x1ecb, 0x1ecc, 0x1ecd, 0x1ece, 0x1ecf, 0x1ed0,
    0x1ed1, 0x1ed2, 0x1ed3, 0x1ed4, 0x1ed5, 0x1ed6, 0x1ed7, 0x1ed8, 0x1ed9, 0x1eda, 0x1edb, 0x1edc,
    0x1edd, 0x1ede, 0x1edf, 0x1ee0, 0x1ee1, 0x1ee2, 0x1ee3, 0x1ee4, 0x1ee5, 0x1ee6, 0x1ee7, 0x1ee8,
    0x1ee9, 0x1eea, 0x1eeb, 0x1eec, 0x1eed, 0x1eee, 0x1eef, 0x1ef0, 0x1ef1, 0x1ef2, 0x1ef3, 0x1ef4,
    0x1ef5, 0x1ef6, 0x1ef7, 0x1ef8, 0x1ef9, 0x1efa, 0x1efb, 0x1efc, 0x1efd, 0x1efe, 0x1eff, 0x1f08,
    0x1f10, 0x1f16, 0x1f20, 0x1f28, 0x1f30, 0x1f38, 0x1f40, 0x1f46, 0x1f50, 0x1f58, 0x1f60, 0x1f68,
    0x1f70, 0x1f7e, 0x1f80, 0x1f88, 0x1f90, 0x1f98, 0x1fa0, 0x1fa8, 0x1fb0, 0x1fb5, 0x1fb6, 0x1fb8,
    0x1fbe, 0x1fbf, 0x1fc2, 0x1fc5, 0x1fc6, 0x1fc8, 0x1fd0, 0x1fd4, 0x1fd6, 0x1fd8, 0x1fe0, 0x1fe8,
    0x1ff2, 0x1ff5, 0x1ff6, 0x1ff8, 0x210a, 0x210b, 0x210e, 0x2110, 0x2113, 0x2114, 0x212f, 0x2130,
    0x2134, 0x2135, 0x2139, 0x213a, 0x213c, 0x213e, 0x2146, 0x214a, 0x214e, 0x214f, 0x2184, 0x2185,
    0x2c30, 0x2c60, 0x2c61, 0x2c62, 0x2c65, 0x2c67, 0x2c68, 0x2c69, 0x2c6a, 0x2c6b, 0x2c6c, 0x2c6d,
    0x2c71, 0x2c72, 0x2c73, 0x2c75, 0x2c76, 0x2c7c, 0x2c81, 0x2c82, 0x2c83, 0x2c84, 0x2c85, 0x2c86,
    0x2c87, 0x2c88, 0x2c89, 0x2c8a, 0x2c8b, 0x2c8c, 0x2c8d, 0x2c8e, 0x2c8f, 0x2c90, 0x2c91, 0x2c92,
    0x2c93, 0x2c94, 0x2c95, 0x2c96, 0x2c97, 0x2c98, 0x2c99, 0x2c9a, 0x2c9b, 0x2c9c, 0x2c9d, 0x2c9e,
    0x2c9f, 0x2ca0, 0x2ca1, 0x2ca2, 0x2ca3, 0x2ca4, 0x2ca5, 0x2ca6, 0x2ca7, 0x2ca8, 0x2ca9, 0x2caa,
    0x2cab, 0x2cac, 0x2cad, 0x2cae, 0x2caf, 0x2cb0, 0x2cb1, 0x2cb2, 0x2cb3, 0x2cb4, 0x2cb5, 0x2cb6,
    0x2cb7, 0x2cb8, 0x2cb9, 0x2cba, 0x2cbb, 0x2cbc, 0x2cbd, 0x2cbe, 0x2cbf, 0x2cc0, 0x2cc1, 0x2cc2,
    0x2cc3, 0x2cc4, 0x2cc5, 0x2cc6, 0x2cc7, 0x2cc8, 0x2cc9, 0x2cca, 0x2ccb, 0x2ccc, 0x2ccd, 0x2cce,
    0x2ccf, 0x2cd0, 0x2cd1, 0x2cd2, 0x2cd3, 0x2cd4, 0x2cd5, 0x2cd6, 0x2cd7, 0x2cd8, 0x2cd9, 0x2cda,
    0x2cdb, 0x2cdc, 0x2cdd, 0x2cde, 0x2cdf, 0x2ce0, 0x2ce1, 0x2ce2, 0x2ce3, 0x2ce5, 0x2cec, 0x2ced,
    0x2cee, 0x2cef, 0x2cf3, 0x2cf4, 0x2d00, 0x2d26, 0x2d27, 0x2d28, 0x2d2d, 0x2d2e, 0xa641, 0xa642,
    0xa643, 0xa644, 0xa645, 0xa646, 0xa647, 0xa648, 0xa649, 0xa64a, 0xa64b, 0xa64c, 0xa64d, 0xa64e,
    0xa64f, 0xa650, 0xa651, 0xa652, 0xa653, 0xa654, 0xa655, 0xa656, 0xa657, 0xa658, 0xa659, 0xa65a,
    0xa65b, 0xa65c, 0xa65d, 0xa65e, 0xa65f, 0xa660, 0xa661, 0xa662, 0xa663, 0xa664, 0xa665, 0xa666,
    0xa667, 0xa668, 0xa669, 0xa66a, 0xa66b, 0xa66c, 0xa66d, 0xa66e, 0xa681, 0xa682, 0xa683, 0xa684,
    0xa685, 0xa686, 0xa687, 0xa688, 0xa689, 0xa68a, 0xa68b, 0xa68c, 0xa68d, 0xa68e, 0xa68f, 0xa690,
    0xa691, 0xa692, 0xa693, 0xa694, 0xa695, 0xa696, 0xa697, 0xa698, 0xa699, 0xa69a, 0xa69b, 0xa69c,
    0xa723, 0xa724, 0xa725, 0xa726, 0xa727, 0xa728, 0xa729, 0xa72a, 0xa72b, 0xa72c, 0xa72d, 0xa72e,
    0xa72f, 0xa732, 0xa733, 0xa734, 0xa735, 0xa736, 0xa737, 0xa738, 0xa739, 0xa73a, 0xa73b, 0xa73c,
    0xa73d, 0xa73e, 0xa73f, 0xa740, 0xa741, 0xa742, 0xa743, 0xa744, 0xa745, 0xa746, 0xa747, 0xa748,
    0xa749, 0xa74a, 0xa74b, 0xa74c, 0xa74d, 0xa74e, 0xa74f, 0xa750, 0xa751, 0xa752, 0xa753, 0xa754,
    0xa755, 0xa756, 0xa757, 0xa758, 0xa759, 0xa75a, 0xa75b, 0xa75c, 0xa75d, 0xa75e, 0xa75f, 0xa760,
    0xa761, 0xa762, 0xa763, 0xa764, 0xa765, 0xa766, 0xa767, 0xa768, 0xa769, 0xa76a, 0xa76b, 0xa76c,
    0xa76d, 0xa76e, 0xa76f, 0xa770, 0xa771, 0xa779, 0xa77a, 0xa77b, 0xa77c, 0xa77d, 0xa77f, 0xa780,
    0xa781, 0xa782, 0xa783, 0xa784, 0xa785, 0xa786, 0xa787, 0xa788, 0xa78c, 0xa78d, 0xa78e, 0xa78f,
    0xa791, 0xa792, 0xa793, 0xa796, 0xa797, 0xa798, 0xa799, 0xa79a, 0xa79b, 0xa79c, 0xa79d, 0xa79e,
    0xa79f, 0xa7a0, 0xa7a1, 0xa7a2, 0xa7a3, 0xa7a4, 0xa7a5, 0xa7a6, 0xa7a7, 0xa7a8, 0xa7a9, 0xa7aa,
    0xa7af, 0xa7b0, 0xa7b5, 0xa7b6, 0xa7b7, 0xa7b8, 0xa7b9, 0xa7ba, 0xa7bb, 0xa7bc, 0xa7bd, 0xa7be,
    0xa7bf, 0xa7c0, 0xa7c1, 0xa7c2, 0xa7c3, 0xa7c4, 0xa7c8, 0xa7c9, 0xa7ca, 0xa7cb, 0xa7cd, 0xa7ce,
    0xa7cf, 0xa7d0, 0xa7d1, 0xa7d2, 0xa7d3, 0xa7d4, 0xa7d5, 0xa7d6, 0xa7d7, 0xa7d8, 0xa7d9, 0xa7da,
    0xa7db, 0xa7dc, 0xa7f6, 0xa7f7, 0xa7fa, 0xa7fb, 0xab30, 0xab5b, 0xab60, 0xab69, 0xab70, 0xabc0,
    0xfb00, 0xfb07, 0xfb13, 0xfb18, 0xff41, 0xff5b, 0x10428, 0x10450, 0x104d8, 0x104fc, 0x10597, 0x105a2,
    0x105a3, 0x105b2, 0x105b3, 0x105ba, 0x105bb, 0x105bd, 0x10cc0, 0x10cf3, 0x10d70, 0x10d86, 0x118c0, 0x118e0,
    0x16e60, 0x16e80, 0x16ebb, 0x16ed4, 0x1d41a, 0x1d434, 0x1d44e, 0x1d455, 0x1d456, 0x1d468, 0x1d482, 0x1d49c,
    0x1d4b6, 0x1d4ba, 0x1d4bb, 0x1d4bc, 0x1d4bd, 0x1d4c4, 0x1d4c5, 0x1d4d0, 0x1d4ea, 0x1d504, 0x1d51e, 0x1d538,
    0x1d552, 0x1d56c, 0x1d586, 0x1d5a0, 0x1d5ba, 0x1d5d4, 0x1d5ee, 0x1d608, 0x1d622, 0x1d63c, 0x1d656, 0x1d670,
    0x1d68a, 0x1d6a6, 0x1d6c2, 0x1d6db, 0x1d6dc, 0x1d6e2, 0x1d6fc, 0x1d715, 0x1d716, 0x1d71c, 0x1d736, 0x1d74f,
    0x1d750, 0x1d756, 0x1d770, 0x1d789, 0x1d78a, 0x1d790, 0x1d7aa, 0x1d7c3, 0x1d7c4, 0x1d7ca, 0x1d7cb, 0x1d7cc,
    0x1df00, 0x1df0a, 0x1df0b, 0x1df1f, 0x1df25, 0x1df2b, 0x1e922, 0x1e944,
];

static GENERAL_CATEGORY_MARK: &[i32] = &[
    0x300, 0x370, 0x483, 0x48a, 0x591, 0x5be, 0x5bf, 0x5c0, 0x5c1, 0x5c3, 0x5c4, 0x5c6,
    0x5c7, 0x5c8, 0x610, 0x61b, 0x64b, 0x660, 0x670, 0x671, 0x6d6, 0x6dd, 0x6df, 0x6e5,
    0x6e7, 0x6e9, 0x6ea, 0x6ee, 0x711, 0x712, 0x730, 0x74b, 0x7a6, 0x7b1, 0x7eb, 0x7f4,
    0x7fd, 0x7fe, 0x816, 0x81a, 0x81b, 0x824, 0x825, 0x828, 0x829, 0x82e, 0x859, 0x85c,
    0x897, 0x8a0, 0x8ca, 0x8e2, 0x8e3, 0x904, 0x93a, 0x93d, 0x93e, 0x950, 0x951, 0x958,
    0x962, 0x964, 0x981, 0x984, 0x9bc, 0x9bd, 0x9be, 0x9c5, 0x9c7, 0x9c9, 0x9cb, 0x9ce,
    0x9d7, 0x9d8, 0x9e2, 0x9e4, 0x9fe, 0x9ff, 0xa01, 0xa04, 0xa3c, 0xa3d, 0xa3e, 0xa43,
    0xa47, 0xa49, 0xa4b, 0xa4e, 0xa51, 0xa52, 0xa70, 0xa72, 0xa75, 0xa76, 0xa81, 0xa84,
    0xabc, 0xabd, 0xabe, 0xac6, 0xac7, 0xaca, 0xacb, 0xace, 0xae2, 0xae4, 0xafa, 0xb00,
    0xb01, 0xb04, 0xb3c, 0xb3d, 0xb3e, 0xb45, 0xb47, 0xb49, 0xb4b, 0xb4e, 0xb55, 0xb58,
    0xb62, 0xb64, 0xb82, 0xb83, 0xbbe, 0xbc3, 0xbc6, 0xbc9, 0xbca, 0xbce, 0xbd7, 0xbd8,
    0xc00, 0xc05, 0xc3c, 0xc3d, 0xc3e, 0xc45, 0xc46, 0xc49, 0xc4a, 0xc4e, 0xc55, 0xc57,
    0xc62, 0xc64, 0xc81, 0xc84, 0xcbc, 0xcbd, 0xcbe, 0xcc5, 0xcc6, 0xcc9, 0xcca, 0xcce,
    0xcd5, 0xcd7, 0xce2, 0xce4, 0xcf3, 0xcf4, 0xd00, 0xd04, 0xd3b, 0xd3d, 0xd3e, 0xd45,
    0xd46, 0xd49, 0xd4a, 0xd4e, 0xd57, 0xd58, 0xd62, 0xd64, 0xd81, 0xd84, 0xdca, 0xdcb,
    0xdcf, 0xdd5, 0xdd6, 0xdd7, 0xdd8, 0xde0, 0xdf2, 0xdf4, 0xe31, 0xe32, 0xe34, 0xe3b,
    0xe47, 0xe4f, 0xeb1, 0xeb2, 0xeb4, 0xebd, 0xec8, 0xecf, 0xf18, 0xf1a, 0xf35, 0xf36,
    0xf37, 0xf38, 0xf39, 0xf3a, 0xf3e, 0xf40, 0xf71, 0xf85, 0xf86, 0xf88, 0xf8d, 0xf98,
    0xf99, 0xfbd, 0xfc6, 0xfc7, 0x102b, 0x103f, 0x1056, 0x105a, 0x105e, 0x1061, 0x1062, 0x1065,
    0x1067, 0x106e, 0x1071, 0x1075, 0x1082, 0x108e, 0x108f, 0x1090, 0x109a, 0x109e, 0x135d, 0x1360,
    0x1712, 0x1716, 0x1732, 0x1735, 0x1752, 0x1754, 0x1772, 0x1774, 0x17b4, 0x17d4, 0x17dd, 0x17de,
    0x180b, 0x180e, 0x180f, 0x1810, 0x1885, 0x1887, 0x18a9, 0x18aa, 0x1920, 0x192c, 0x1930, 0x193c,
    0x1a17, 0x1a1c, 0x1a55, 0x1a5f, 0x1a60, 0x1a7d, 0x1a7f, 0x1a80, 0x1ab0, 0x1ade, 0x1ae0, 0x1aec,
    0x1b00, 0x1b05, 0x1b34, 0x1b45, 0x1b6b, 0x1b74, 0x1b80, 0x1b83, 0x1ba1, 0x1bae, 0x1be6, 0x1bf4,
    0x1c24, 0x1c38, 0x1cd0, 0x1cd3, 0x1cd4, 0x1ce9, 0x1ced, 0x1cee, 0x1cf4, 0x1cf5, 0x1cf7, 0x1cfa,
    0x1dc0, 0x1e00, 0x20d0, 0x20f1, 0x2cef, 0x2cf2, 0x2d7f, 0x2d80, 0x2de0, 0x2e00, 0x302a, 0x3030,
    0x3099, 0x309b, 0xa66f, 0xa673, 0xa674, 0xa67e, 0xa69e, 0xa6a0, 0xa6f0, 0xa6f2, 0xa802, 0xa803,
    0xa806, 0xa807, 0xa80b, 0xa80c, 0xa823, 0xa828, 0xa82c, 0xa82d, 0xa880, 0xa882, 0xa8b4, 0xa8c6,
    0xa8e0, 0xa8f2, 0xa8ff, 0xa900, 0xa926, 0xa92e, 0xa947, 0xa954, 0xa980, 0xa984, 0xa9b3, 0xa9c1,
    0xa9e5, 0xa9e6, 0xaa29, 0xaa37, 0xaa43, 0xaa44, 0xaa4c, 0xaa4e, 0xaa7b, 0xaa7e, 0xaab0, 0xaab1,
    0xaab2, 0xaab5, 0xaab7, 0xaab9, 0xaabe, 0xaac0, 0xaac1, 0xaac2, 0xaaeb, 0xaaf0, 0xaaf5, 0xaaf7,
    0xabe3, 0xabeb, 0xabec, 0xabee, 0xfb1e, 0xfb1f, 0xfe00, 0xfe10, 0xfe20, 0xfe30, 0x101fd, 0x101fe,
    0x102e0, 0x102e1, 0x10376, 0x1037b, 0x10a01, 0x10a04, 0x10a05, 0x10a07, 0x10a0c, 0x10a10, 0x10a38, 0x10a3b,
    0x10a3f, 0x10a40, 0x10ae5, 0x10ae7, 0x10d24, 0x10d28, 0x10d69, 0x10d6e, 0x10eab, 0x10ead, 0x10efa, 0x10f00,
    0x10f46, 0x10f51, 0x10f82, 0x10f86, 0x11000, 0x11003, 0x11038, 0x11047, 0x11070, 0x11071, 0x11073, 0x11075,
    0x1107f, 0x11083, 0x110b0, 0x110bb, 0x110c2, 0x110c3, 0x11100, 0x11103, 0x11127, 0x11135, 0x11145, 0x11147,
    0x11173, 0x11174, 0x11180, 0x11183, 0x111b3, 0x111c1, 0x111c9, 0x111cd, 0x111ce, 0x111d0, 0x1122c, 0x11238,
    0x1123e, 0x1123f, 0x11241, 0x11242, 0x112df, 0x112eb, 0x11300, 0x11304, 0x1133b, 0x1133d, 0x1133e, 0x11345,
    0x11347, 0x11349, 0x1134b, 0x1134e, 0x11357, 0x11358, 0x11362, 0x11364, 0x11366, 0x1136d, 0x11370, 0x11375,
    0x113b8, 0x113c1, 0x113c2, 0x113c3, 0x113c5, 0x113c6, 0x113c7, 0x113cb, 0x113cc, 0x113d1, 0x113d2, 0x113d3,
    0x113e1, 0x113e3, 0x11435, 0x11447, 0x1145e, 0x1145f, 0x114b0, 0x114c4, 0x115af, 0x115b6, 0x115b8, 0x115c1,
    0x115dc, 0x115de, 0x11630, 0x11641, 0x116ab, 0x116b8, 0x1171d, 0x1172c, 0x1182c, 0x1183b, 0x11930, 0x11936,
    0x11937, 0x11939, 0x1193b, 0x1193f, 0x11940, 0x11941, 0x11942, 0x11944, 0x119d1, 0x119d8, 0x119da, 0x119e1,
    0x119e4, 0x119e5, 0x11a01, 0x11a0b, 0x11a33, 0x11a3a, 0x11a3b, 0x11a3f, 0x11a47, 0x11a48, 0x11a51, 0x11a5c,
    0x11a8a, 0x11a9a, 0x11b60, 0x11b68, 0x11c2f, 0x11c37, 0x11c38, 0x11c40, 0x11c92, 0x11ca8, 0x11ca9, 0x11cb7,
    0x11d31, 0x11d37, 0x11d3a, 0x11d3b, 0x11d3c, 0x11d3e, 0x11d3f, 0x11d46, 0x11d47, 0x11d48, 0x11d8a, 0x11d8f,
    0x11d90, 0x11d92, 0x11d93, 0x11d98, 0x11ef3, 0x11ef7, 0x11f00, 0x11f02, 0x11f03, 0x11f04, 0x11f34, 0x11f3b,
    0x11f3e, 0x11f43, 0x11f5a, 0x11f5b, 0x13440, 0x13441, 0x13447, 0x13456, 0x1611e, 0x16130, 0x16af0, 0x16af5,
    0x16b30, 0x16b37, 0x16f4f, 0x16f50, 0x16f51, 0x16f88, 0x16f8f, 0x16f93, 0x16fe4, 0x16fe5, 0x16ff0, 0x16ff2,
    0x1bc9d, 0x1bc9f, 0x1cf00, 0x1cf2e, 0x1cf30, 0x1cf47, 0x1d165, 0x1d16a, 0x1d16d, 0x1d173, 0x1d17b, 0x1d183,
    0x1d185, 0x1d18c, 0x1d1aa, 0x1d1ae, 0x1d242, 0x1d245, 0x1da00, 0x1da37, 0x1da3b, 0x1da6d, 0x1da75, 0x1da76,
    0x1da84, 0x1da85, 0x1da9b, 0x1daa0, 0x1daa1, 0x1dab0, 0x1e000, 0x1e007, 0x1e008, 0x1e019, 0x1e01b, 0x1e022,
    0x1e023, 0x1e025, 0x1e026, 0x1e02b, 0x1e08f, 0x1e090, 0x1e130, 0x1e137, 0x1e2ae, 0x1e2af, 0x1e2ec, 0x1e2f0,
    0x1e4ec, 0x1e4f0, 0x1e5ee, 0x1e5f0, 0x1e6e3, 0x1e6e4, 0x1e6e6, 0x1e6e7, 0x1e6ee, 0x1e6f0, 0x1e6f5, 0x1e6f6,
    0x1e8d0, 0x1e8d7, 0x1e944, 0x1e94b, 0xe0100, 0xe01f0,
];

static GENERAL_CATEGORY_MATH_SYMBOL: &[i32] = &[
    0x2b, 0x2c, 0x3c, 0x3f, 0x7c, 0x7d, 0x7e, 0x7f, 0xac, 0xad, 0xb1, 0xb2,
    0xd7, 0xd8, 0xf7, 0xf8, 0x3f6, 0x3f7, 0x606, 0x609, 0x2044, 0x2045, 0x2052, 0x2053,
    0x207a, 0x207d, 0x208a, 0x208d, 0x2118, 0x2119, 0x2140, 0x2145, 0x214b, 0x214c, 0x2190, 0x2195,
    0x219a, 0x219c, 0x21a0, 0x21a1, 0x21a3, 0x21a4, 0x21a6, 0x21a7, 0x21ae, 0x21af, 0x21ce, 0x21d0,
    0x21d2, 0x21d3, 0x21d4, 0x21d5, 0x21f4, 0x2300, 0x2320, 0x2322, 0x237c, 0x237d, 0x239b, 0x23b4,
    0x23dc, 0x23e2, 0x25b7, 0x25b8, 0x25c1, 0x25c2, 0x25f8, 0x2600, 0x266f, 0x2670, 0x27c0, 0x27c5,
    0x27c7, 0x27e6, 0x27f0, 0x2800, 0x2900, 0x2983, 0x2999, 0x29d8, 0x29dc, 0x29fc, 0x29fe, 0x2b00,
    0x2b30, 0x2b45, 0x2b47, 0x2b4d, 0xfb29, 0xfb2a, 0xfe62, 0xfe63, 0xfe64, 0xfe67, 0xff0b, 0xff0c,
    0xff1c, 0xff1f, 0xff5c, 0xff5d, 0xff5e, 0xff5f, 0xffe2, 0xffe3, 0xffe9, 0xffed, 0x10d8e, 0x10d90,
    0x1cef0, 0x1cef1, 0x1d6c1, 0x1d6c2, 0x1d6db, 0x1d6dc, 0x1d6fb, 0x1d6fc, 0x1d715, 0x1d716, 0x1d735, 0x1d736,
    0x1d74f, 0x1d750, 0x1d76f, 0x1d770, 0x1d789, 0x1d78a, 0x1d7a9, 0x1d7aa, 0x1d7c3, 0x1d7c4, 0x1eef0, 0x1eef2,
    0x1f8d0, 0x1f8d9,
];

static GENERAL_CATEGORY_MODIFIER_LETTER: &[i32] = &[
    0x2b0, 0x2c2, 0x2c6, 0x2d2, 0x2e0, 0x2e5, 0x2ec, 0x2ed, 0x2ee, 0x2ef, 0x374, 0x375,
    0x37a, 0x37b, 0x559, 0x55a, 0x640, 0x641, 0x6e5, 0x6e7, 0x7f4, 0x7f6, 0x7fa, 0x7fb,
    0x81a, 0x81b, 0x824, 0x825, 0x828, 0x829, 0x8c9, 0x8ca, 0x971, 0x972, 0xe46, 0xe47,
    0xec6, 0xec7, 0x10fc, 0x10fd, 0x17d7, 0x17d8, 0x1843, 0x1844, 0x1aa7, 0x1aa8, 0x1c78, 0x1c7e,
    0x1d2c, 0x1d6b, 0x1d78, 0x1d79, 0x1d9b, 0x1dc0, 0x2071, 0x2072, 0x207f, 0x2080, 0x2090, 0x209d,
    0x2c7c, 0x2c7e, 0x2d6f, 0x2d70, 0x2e2f, 0x2e30, 0x3005, 0x3006, 0x3031, 0x3036, 0x303b, 0x303c,
    0x309d, 0x309f, 0x30fc, 0x30ff, 0xa015, 0xa016, 0xa4f8, 0xa4fe, 0xa60c, 0xa60d, 0xa67f, 0xa680,
    0xa69c, 0xa69e, 0xa717, 0xa720, 0xa770, 0xa771, 0xa788, 0xa789, 0xa7f1, 0xa7f5, 0xa7f8, 0xa7fa,
    0xa9cf, 0xa9d0, 0xa9e6, 0xa9e7, 0xaa70, 0xaa71, 0xaadd, 0xaade, 0xaaf3, 0xaaf5, 0xab5c, 0xab60,
    0xab69, 0xab6a, 0xff70, 0xff71, 0xff9e, 0xffa0, 0x10780, 0x10786, 0x10787, 0x107b1, 0x107b2, 0x107bb,
    0x10d4e, 0x10d4f, 0x10d6f, 0x10d70, 0x10ec5, 0x10ec6, 0x11dd9, 0x11dda, 0x16b40, 0x16b44, 0x16d40, 0x16d43,
    0x16d6b, 0x16d6d, 0x16f93, 0x16fa0, 0x16fe0, 0x16fe2, 0x16fe3, 0x16fe4, 0x16ff2, 0x16ff4, 0x1aff0, 0x1aff4,
    0x1aff5, 0x1affc, 0x1affd, 0x1afff, 0x1e030, 0x1e06e, 0x1e137, 0x1e13e, 0x1e4eb, 0x1e4ec, 0x1e6ff, 0x1e700,
    0x1e94b, 0x1e94c,
];

static GENERAL_CATEGORY_MODIFIER_SYMBOL: &[i32] = &[
    0x5e, 0x5f, 0x60, 0x61, 0xa8, 0xa9, 0xaf, 0xb0, 0xb4, 0xb5, 0xb8, 0xb9,
    0x2c2, 0x2c6, 0x2d2, 0x2e0, 0x2e5, 0x2ec, 0x2ed, 0x2ee, 0x2ef, 0x300, 0x375, 0x376,
    0x384, 0x386, 0x888, 0x889, 0x1fbd, 0x1fbe, 0x1fbf, 0x1fc2, 0x1fcd, 0x1fd0, 0x1fdd, 0x1fe0,
    0x1fed, 0x1ff0, 0x1ffd, 0x1fff, 0x309b, 0x309d, 0xa700, 0xa717, 0xa720, 0xa722, 0xa789, 0xa78b,
    0xab5b, 0xab5c, 0xab6a, 0xab6c, 0xfbb2, 0xfbc3, 0xff3e, 0xff3f, 0xff40, 0xff41, 0xffe3, 0xffe4,
    0x1f3fb, 0x1f400,
];

static GENERAL_CATEGORY_NONSPACING_MARK: &[i32] = &[
    0x300, 0x370, 0x483, 0x488, 0x591, 0x5be, 0x5bf, 0x5c0, 0x5c1, 0x5c3, 0x5c4, 0x5c6,
    0x5c7, 0x5c8, 0x610, 0x61b, 0x64b, 0x660, 0x670, 0x671, 0x6d6, 0x6dd, 0x6df, 0x6e5,
    0x6e7, 0x6e9, 0x6ea, 0x6ee, 0x711, 0x712, 0x730, 0x74b, 0x7a6, 0x7b1, 0x7eb, 0x7f4,
    0x7fd, 0x7fe, 0x816, 0x81a, 0x81b, 0x824, 0x825, 0x828, 0x829, 0x82e, 0x859, 0x85c,
    0x897, 0x8a0, 0x8ca, 0x8e2, 0x8e3, 0x903, 0x93a, 0x93b, 0x93c, 0x93d, 0x941, 0x949,
    0x94d, 0x94e, 0x951, 0x958, 0x962, 0x964, 0x981, 0x982, 0x9bc, 0x9bd, 0x9c1, 0x9c5,
    0x9cd, 0x9ce, 0x9e2, 0x9e4, 0x9fe, 0x9ff, 0xa01, 0xa03, 0xa3c, 0xa3d, 0xa41, 0xa43,
    0xa47, 0xa49, 0xa4b, 0xa4e, 0xa51, 0xa52, 0xa70, 0xa72, 0xa75, 0xa76, 0xa81, 0xa83,
    0xabc, 0xabd, 0xac1, 0xac6, 0xac7, 0xac9, 0xacd, 0xace, 0xae2, 0xae4, 0xafa, 0xb00,
    0xb01, 0xb02, 0xb3c, 0xb3d, 0xb3f, 0xb40, 0xb41, 0xb45, 0xb4d, 0xb4e, 0xb55, 0xb57,
    0xb62, 0xb64, 0xb82, 0xb83, 0xbc0, 0xbc1, 0xbcd, 0xbce, 0xc00, 0xc01, 0xc04, 0xc05,
    0xc3c, 0xc3d, 0xc3e, 0xc41, 0xc46, 0xc49, 0xc4a, 0xc4e, 0xc55, 0xc57, 0xc62, 0xc64,
    0xc81, 0xc82, 0xcbc, 0xcbd, 0xcbf, 0xcc0, 0xcc6, 0xcc7, 0xccc, 0xcce, 0xce2, 0xce4,
    0xd00, 0xd02, 0xd3b, 0xd3d, 0xd41, 0xd45, 0xd4d, 0xd4e, 0xd62, 0xd64, 0xd81, 0xd82,
    0xdca, 0xdcb, 0xdd2, 0xdd5, 0xdd6, 0xdd7, 0xe31, 0xe32, 0xe34, 0xe3b, 0xe47, 0xe4f,
    0xeb1, 0xeb2, 0xeb4, 0xebd, 0xec8, 0xecf, 0xf18, 0xf1a, 0xf35, 0xf36, 0xf37, 0xf38,
    0xf39, 0xf3a, 0xf71, 0xf7f, 0xf80, 0xf85, 0xf86, 0xf88, 0xf8d, 0xf98, 0xf99, 0xfbd,
    0xfc6, 0xfc7, 0x102d, 0x1031, 0x1032, 0x1038, 0x1039, 0x103b, 0x103d, 0x103f, 0x1058, 0x105a,
    0x105e, 0x1061, 0x1071, 0x1075, 0x1082, 0x1083, 0x1085, 0x1087, 0x108d, 0x108e, 0x109d, 0x109e,
    0x135d, 0x1360, 0x1712, 0x1715, 0x1732, 0x1734, 0x1752, 0x1754, 0x1772, 0x1774, 0x17b4, 0x17b6,
    0x17b7, 0x17be, 0x17c6, 0x17c7, 0x17c9, 0x17d4, 0x17dd, 0x17de, 0x180b, 0x180e, 0x180f, 0x1810,
    0x1885, 0x1887, 0x18a9, 0x18aa, 0x1920, 0x1923, 0x1927, 0x1929, 0x1932, 0x1933, 0x1939, 0x193c,
    0x1a17, 0x1a19, 0x1a1b, 0x1a1c, 0x1a56, 0x1a57, 0x1a58, 0x1a5f, 0x1a60, 0x1a61, 0x1a62, 0x1a63,
    0x1a65, 0x1a6d, 0x1a73, 0x1a7d, 0x1a7f, 0x1a80, 0x1ab0, 0x1abe, 0x1abf, 0x1ade, 0x1ae0, 0x1aec,
    0x1b00, 0x1b04, 0x1b34, 0x1b35, 0x1b36, 0x1b3b, 0x1b3c, 0x1b3d, 0x1b42, 0x1b43, 0x1b6b, 0x1b74,
    0x1b80, 0x1b82, 0x1ba2, 0x1ba6, 0x1ba8, 0x1baa, 0x1bab, 0x1bae, 0x1be6, 0x1be7, 0x1be8, 0x1bea,
    0x1bed, 0x1bee, 0x1bef, 0x1bf2, 0x1c2c, 0x1c34, 0x1c36, 0x1c38, 0x1cd0, 0x1cd3, 0x1cd4, 0x1ce1,
    0x1ce2, 0x1ce9, 0x1ced, 0x1cee, 0x1cf4, 0x1cf5, 0x1cf8, 0x1cfa, 0x1dc0, 0x1e00, 0x20d0, 0x20dd,
    0x20e1, 0x20e2, 0x20e5, 0x20f1, 0x2cef, 0x2cf2, 0x2d7f, 0x2d80, 0x2de0, 0x2e00, 0x302a, 0x302e,
    0x3099, 0x309b, 0xa66f, 0xa670, 0xa674, 0xa67e, 0xa69e, 0xa6a0, 0xa6f0, 0xa6f2, 0xa802, 0xa803,
    0xa806, 0xa807, 0xa80b, 0xa80c, 0xa825, 0xa827, 0xa82c, 0xa82d, 0xa8c4, 0xa8c6, 0xa8e0, 0xa8f2,
    0xa8ff, 0xa900, 0xa926, 0xa92e, 0xa947, 0xa952, 0xa980, 0xa983, 0xa9b3, 0xa9b4, 0xa9b6, 0xa9ba,
    0xa9bc, 0xa9be, 0xa9e5, 0xa9e6, 0xaa29, 0xaa2f, 0xaa31, 0xaa33, 0xaa35, 0xaa37, 0xaa43, 0xaa44,
    0xaa4c, 0xaa4d, 0xaa7c, 0xaa7d, 0xaab0, 0xaab1, 0xaab2, 0xaab5, 0xaab7, 0xaab9, 0xaabe, 0xaac0,
    0xaac1, 0xaac2, 0xaaec, 0xaaee, 0xaaf6, 0xaaf7, 0xabe5, 0xabe6, 0xabe8, 0xabe9, 0xabed, 0xabee,
    0xfb1e, 0xfb1f, 0xfe00, 0xfe10, 0xfe20, 0xfe30, 0x101fd, 0x101fe, 0x102e0, 0x102e1, 0x10376, 0x1037b,
    0x10a01, 0x10a04, 0x10a05, 0x10a07, 0x10a0c, 0x10a10, 0x10a38, 0x10a3b, 0x10a3f, 0x10a40, 0x10ae5, 0x10ae7,
    0x10d24, 0x10d28, 0x10d69, 0x10d6e, 0x10eab, 0x10ead, 0x10efa, 0x10f00, 0x10f46, 0x10f51, 0x10f82, 0x10f86,
    0x11001, 0x11002, 0x11038, 0x11047, 0x11070, 0x11071, 0x11073, 0x11075, 0x1107f, 0x11082, 0x110b3, 0x110b7,
    0x110b9, 0x110bb, 0x110c2, 0x110c3, 0x11100, 0x11103, 0x11127, 0x1112c, 0x1112d, 0x11135, 0x11173, 0x11174,
    0x11180, 0x11182, 0x111b6, 0x111bf, 0x111c9, 0x111cd, 0x111cf, 0x111d0, 0x1122f, 0x11232, 0x11234, 0x11235,
    0x11236, 0x11238, 0x1123e, 0x1123f, 0x11241, 0x11242, 0x112df, 0x112e0, 0x112e3, 0x112eb, 0x11300, 0x11302,
    0x1133b, 0x1133d, 0x11340, 0x11341, 0x11366, 0x1136d, 0x11370, 0x11375, 0x113bb, 0x113c1, 0x113ce, 0x113cf,
    0x113d0, 0x113d1, 0x113d2, 0x113d3, 0x113e1, 0x113e3, 0x11438, 0x11440, 0x11442, 0x11445, 0x11446, 0x11447,
    0x1145e, 0x1145f, 0x114b3, 0x114b9, 0x114ba, 0x114bb, 0x114bf, 0x114c1, 0x114c2, 0x114c4, 0x115b2, 0x115b6,
    0x115bc, 0x115be, 0x115bf, 0x115c1, 0x115dc, 0x115de, 0x11633, 0x1163b, 0x1163d, 0x1163e, 0x1163f, 0x11641,
    0x116ab, 0x116ac, 0x116ad, 0x116ae, 0x116b0, 0x116b6, 0x116b7, 0x116b8, 0x1171d, 0x1171e, 0x1171f, 0x11720,
    0x11722, 0x11726, 0x11727, 0x1172c, 0x1182f, 0x11838, 0x11839, 0x1183b, 0x1193b, 0x1193d, 0x1193e, 0x1193f,
    0x11943, 0x11944, 0x119d4, 0x119d8, 0x119da, 0x119dc, 0x119e0, 0x119e1, 0x11a01, 0x11a0b, 0x11a33, 0x11a39,
    0x11a3b, 0x11a3f, 0x11a47, 0x11a48, 0x11a51, 0x11a57, 0x11a59, 0x11a5c, 0x11a8a, 0x11a97, 0x11a98, 0x11a9a,
    0x11b60, 0x11b61, 0x11b62, 0x11b65, 0x11b66, 0x11b67, 0x11c30, 0x11c37, 0x11c38, 0x11c3e, 0x11c3f, 0x11c40,
    0x11c92, 0x11ca8, 0x11caa, 0x11cb1, 0x11cb2, 0x11cb4, 0x11cb5, 0x11cb7, 0x11d31, 0x11d37, 0x11d3a, 0x11d3b,
    0x11d3c, 0x11d3e, 0x11d3f, 0x11d46, 0x11d47, 0x11d48, 0x11d90, 0x11d92, 0x11d95, 0x11d96, 0x11d97, 0x11d98,
    0x11ef3, 0x11ef5, 0x11f00, 0x11f02, 0x11f36, 0x11f3b, 0x11f40, 0x11f41, 0x11f42, 0x11f43, 0x11f5a, 0x11f5b,
    0x13440, 0x13441, 0x13447, 0x13456, 0x1611e, 0x1612a, 0x1612d, 0x16130, 0x16af0, 0x16af5, 0x16b30, 0x16b37,
    0x16f4f, 0x16f50, 0x16f8f, 0x16f93, 0x16fe4, 0x16fe5, 0x1bc9d, 0x1bc9f, 0x1cf00, 0x1cf2e, 0x1cf30, 0x1cf47,
    0x1d167, 0x1d16a, 0x1d17b, 0x1d183, 0x1d185, 0x1d18c, 0x1d1aa, 0x1d1ae, 0x1d242, 0x1d245, 0x1da00, 0x1da37,
    0x1da3b, 0x1da6d, 0x1da75, 0x1da76, 0x1da84, 0x1da85, 0x1da9b, 0x1daa0, 0x1daa1, 0x1dab0, 0x1e000, 0x1e007,
    0x1e008, 0x1e019, 0x1e01b, 0x1e022, 0x1e023, 0x1e025, 0x1e026, 0x1e02b, 0x1e08f, 0x1e090, 0x1e130, 0x1e137,
    0x1e2ae, 0x1e2af, 0x1e2ec, 0x1e2f0, 0x1e4ec, 0x1e4f0, 0x1e5ee, 0x1e5f0, 0x1e6e3, 0x1e6e4, 0x1e6e6, 0x1e6e7,
    0x1e6ee, 0x1e6f0, 0x1e6f5, 0x1e6f6, 0x1e8d0, 0x1e8d7, 0x1e944, 0x1e94b, 0xe0100, 0xe01f0,
];

static GENERAL_CATEGORY_NUMBER: &[i32] = &[
    0x30, 0x3a, 0xb2, 0xb4, 0xb9, 0xba, 0xbc, 0xbf, 0x660, 0x66a, 0x6f0, 0x6fa,
    0x7c0, 0x7ca, 0x966, 0x970, 0x9e6, 0x9f0, 0x9f4, 0x9fa, 0xa66, 0xa70, 0xae6, 0xaf0,
    0xb66, 0xb70, 0xb72, 0xb78, 0xbe6, 0xbf3, 0xc66, 0xc70, 0xc78, 0xc7f, 0xce6, 0xcf0,
    0xd58, 0xd5f, 0xd66, 0xd79, 0xde6, 0xdf0, 0xe50, 0xe5a, 0xed0, 0xeda, 0xf20, 0xf34,
    0x1040, 0x104a, 0x1090, 0x109a, 0x1369, 0x137d, 0x16ee, 0x16f1, 0x17e0, 0x17ea, 0x17f0, 0x17fa,
    0x1810, 0x181a, 0x1946, 0x1950, 0x19d0, 0x19db, 0x1a80, 0x1a8a, 0x1a90, 0x1a9a, 0x1b50, 0x1b5a,
    0x1bb0, 0x1bba, 0x1c40, 0x1c4a, 0x1c50, 0x1c5a, 0x2070, 0x2071, 0x2074, 0x207a, 0x2080, 0x208a,
    0x2150, 0x2183, 0x2185, 0x218a, 0x2460, 0x249c, 0x24ea, 0x2500, 0x2776, 0x2794, 0x2cfd, 0x2cfe,
    0x3007, 0x3008, 0x3021, 0x302a, 0x3038, 0x303b, 0x3192, 0x3196, 0x3220, 0x322a, 0x3248, 0x3250,
    0x3251, 0x3260, 0x3280, 0x328a, 0x32b1, 0x32c0, 0xa620, 0xa62a, 0xa6e6, 0xa6f0, 0xa830, 0xa836,
    0xa8d0, 0xa8da, 0xa900, 0xa90a, 0xa9d0, 0xa9da, 0xa9f0, 0xa9fa, 0xaa50, 0xaa5a, 0xabf0, 0xabfa,
    0xff10, 0xff1a, 0x10107, 0x10134, 0x10140, 0x10179, 0x1018a, 0x1018c, 0x102e1, 0x102fc, 0x10320, 0x10324,
    0x10341, 0x10342, 0x1034a, 0x1034b, 0x103d1, 0x103d6, 0x104a0, 0x104aa, 0x10858, 0x10860, 0x10879, 0x10880,
    0x108a7, 0x108b0, 0x108fb, 0x10900, 0x10916, 0x1091c, 0x109bc, 0x109be, 0x109c0, 0x109d0, 0x109d2, 0x10a00,
    0x10a40, 0x10a49, 0x10a7d, 0x10a7f, 0x10a9d, 0x10aa0, 0x10aeb, 0x10af0, 0x10b58, 0x10b60, 0x10b78, 0x10b80,
    0x10ba9, 0x10bb0, 0x10cfa, 0x10d00, 0x10d30, 0x10d3a, 0x10d40, 0x10d4a, 0x10e60, 0x10e7f, 0x10f1d, 0x10f27,
    0x10f51, 0x10f55, 0x10fc5, 0x10fcc, 0x11052, 0x11070, 0x110f0, 0x110fa, 0x11136, 0x11140, 0x111d0, 0x111da,
    0x111e1, 0x111f5, 0x112f0, 0x112fa, 0x11450, 0x1145a, 0x114d0, 0x114da, 0x11650, 0x1165a, 0x116c0, 0x116ca,
    0x116d0, 0x116e4, 0x11730, 0x1173c, 0x118e0, 0x118f3, 0x11950, 0x1195a, 0x11bf0, 0x11bfa, 0x11c50, 0x11c6d,
    0x11d50, 0x11d5a, 0x11da0, 0x11daa, 0x11de0, 0x11dea, 0x11f50, 0x11f5a, 0x11fc0, 0x11fd5, 0x12400, 0x1246f,
    0x16130, 0x1613a, 0x16a60, 0x16a6a, 0x16ac0, 0x16aca, 0x16b50, 0x16b5a, 0x16b5b, 0x16b62, 0x16d70, 0x16d7a,
    0x16e80, 0x16e97, 0x16ff4, 0x16ff7, 0x1ccf0, 0x1ccfa, 0x1d2c0, 0x1d2d4, 0x1d2e0, 0x1d2f4, 0x1d360, 0x1d379,
    0x1d7ce, 0x1d800, 0x1e140, 0x1e14a, 0x1e2f0, 0x1e2fa, 0x1e4f0, 0x1e4fa, 0x1e5f1, 0x1e5fb, 0x1e8c7, 0x1e8d0,
    0x1e950, 0x1e95a, 0x1ec71, 0x1ecac, 0x1ecad, 0x1ecb0, 0x1ecb1, 0x1ecb5, 0x1ed01, 0x1ed2e, 0x1ed2f, 0x1ed3e,
    0x1f100, 0x1f10d, 0x1fbf0, 0x1fbfa,
];

static GENERAL_CATEGORY_OPEN_PUNCTUATION: &[i32] = &[
    0x28, 0x29, 0x5b, 0x5c, 0x7b, 0x7c, 0xf3a, 0xf3b, 0xf3c, 0xf3d, 0x169b, 0x169c,
    0x201a, 0x201b, 0x201e, 0x201f, 0x2045, 0x2046, 0x207d, 0x207e, 0x208d, 0x208e, 0x2308, 0x2309,
    0x230a, 0x230b, 0x2329, 0x232a, 0x2768, 0x2769, 0x276a, 0x276b, 0x276c, 0x276d, 0x276e, 0x276f,
    0x2770, 0x2771, 0x2772, 0x2773, 0x2774, 0x2775, 0x27c5, 0x27c6, 0x27e6, 0x27e7, 0x27e8, 0x27e9,
    0x27ea, 0x27eb, 0x27ec, 0x27ed, 0x27ee, 0x27ef, 0x2983, 0x2984, 0x2985, 0x2986, 0x2987, 0x2988,
    0x2989, 0x298a, 0x298b, 0x298c, 0x298d, 0x298e, 0x298f, 0x2990, 0x2991, 0x2992, 0x2993, 0x2994,
    0x2995, 0x2996, 0x2997, 0x2998, 0x29d8, 0x29d9, 0x29da, 0x29db, 0x29fc, 0x29fd, 0x2e22, 0x2e23,
    0x2e24, 0x2e25, 0x2e26, 0x2e27, 0x2e28, 0x2e29, 0x2e42, 0x2e43, 0x2e55, 0x2e56, 0x2e57, 0x2e58,
    0x2e59, 0x2e5a, 0x2e5b, 0x2e5c, 0x3008, 0x3009, 0x300a, 0x300b, 0x300c, 0x300d, 0x300e, 0x300f,
    0x3010, 0x3011, 0x3014, 0x3015, 0x3016, 0x3017, 0x3018, 0x3019, 0x301a, 0x301b, 0x301d, 0x301e,
    0xfd3f, 0xfd40, 0xfe17, 0xfe18, 0xfe35, 0xfe36, 0xfe37, 0xfe38, 0xfe39, 0xfe3a, 0xfe3b, 0xfe3c,
    0xfe3d, 0xfe3e, 0xfe3f, 0xfe40, 0xfe41, 0xfe42, 0xfe43, 0xfe44, 0xfe47, 0xfe48, 0xfe59, 0xfe5a,
    0xfe5b, 0xfe5c, 0xfe5d, 0xfe5e, 0xff08, 0xff09, 0xff3b, 0xff3c, 0xff5b, 0xff5c, 0xff5f, 0xff60,
    0xff62, 0xff63,
];

static GENERAL_CATEGORY_OTHER: &[i32] = &[
    0x0, 0x20, 0x7f, 0xa0, 0xad, 0xae, 0x378, 0x37a, 0x380, 0x384, 0x38b, 0x38c,
    0x38d, 0x38e, 0x3a2, 0x3a3, 0x530, 0x531, 0x557, 0x559, 0x58b, 0x58d, 0x590, 0x591,
    0x5c8, 0x5d0, 0x5eb, 0x5ef, 0x5f5, 0x606, 0x61c, 0x61d, 0x6dd, 0x6de, 0x70e, 0x710,
    0x74b, 0x74d, 0x7b2, 0x7c0, 0x7fb, 0x7fd, 0x82e, 0x830, 0x83f, 0x840, 0x85c, 0x85e,
    0x85f, 0x860, 0x86b, 0x870, 0x890, 0x897, 0x8e2, 0x8e3, 0x984, 0x985, 0x98d, 0x98f,
    0x991, 0x993, 0x9a9, 0x9aa, 0x9b1, 0x9b2, 0x9b3, 0x9b6, 0x9ba, 0x9bc, 0x9c5, 0x9c7,
    0x9c9, 0x9cb, 0x9cf, 0x9d7, 0x9d8, 0x9dc, 0x9de, 0x9df, 0x9e4, 0x9e6, 0x9ff, 0xa01,
    0xa04, 0xa05, 0xa0b, 0xa0f, 0xa11, 0xa13, 0xa29, 0xa2a, 0xa31, 0xa32, 0xa34, 0xa35,
    0xa37, 0xa38, 0xa3a, 0xa3c, 0xa3d, 0xa3e, 0xa43, 0xa47, 0xa49, 0xa4b, 0xa4e, 0xa51,
    0xa52, 0xa59, 0xa5d, 0xa5e, 0xa5f, 0xa66, 0xa77, 0xa81, 0xa84, 0xa85, 0xa8e, 0xa8f,
    0xa92, 0xa93, 0xaa9, 0xaaa, 0xab1, 0xab2, 0xab4, 0xab5, 0xaba, 0xabc, 0xac6, 0xac7,
    0xaca, 0xacb, 0xace, 0xad0, 0xad1, 0xae0, 0xae4, 0xae6, 0xaf2, 0xaf9, 0xb00, 0xb01,
    0xb04, 0xb05, 0xb0d, 0xb0f, 0xb11, 0xb13, 0xb29, 0xb2a, 0xb31, 0xb32, 0xb34, 0xb35,
    0xb3a, 0xb3c, 0xb45, 0xb47, 0xb49, 0xb4b, 0xb4e, 0xb55, 0xb58, 0xb5c, 0xb5e, 0xb5f,
    0xb64, 0xb66, 0xb78, 0xb82, 0xb84, 0xb85, 0xb8b, 0xb8e, 0xb91, 0xb92, 0xb96, 0xb99,
    0xb9b, 0xb9c, 0xb9d, 0xb9e, 0xba0, 0xba3, 0xba5, 0xba8, 0xbab, 0xbae, 0xbba, 0xbbe,
    0xbc3, 0xbc6, 0xbc9, 0xbca, 0xbce, 0xbd0, 0xbd1, 0xbd7, 0xbd8, 0xbe6, 0xbfb, 0xc00,
    0xc0d, 0xc0e, 0xc11, 0xc12, 0xc29, 0xc2a, 0xc3a, 0xc3c, 0xc45, 0xc46, 0xc49, 0xc4a,
    0xc4e, 0xc55, 0xc57, 0xc58, 0xc5b, 0xc5c, 0xc5e, 0xc60, 0xc64, 0xc66, 0xc70, 0xc77,
    0xc8d, 0xc8e, 0xc91, 0xc92, 0xca9, 0xcaa, 0xcb4, 0xcb5, 0xcba, 0xcbc, 0xcc5, 0xcc6,
    0xcc9, 0xcca, 0xcce, 0xcd5, 0xcd7, 0xcdc, 0xcdf, 0xce0, 0xce4, 0xce6, 0xcf0, 0xcf1,
    0xcf4, 0xd00, 0xd0d, 0xd0e, 0xd11, 0xd12, 0xd45, 0xd46, 0xd49, 0xd4a, 0xd50, 0xd54,
    0xd64, 0xd66, 0xd80, 0xd81, 0xd84, 0xd85, 0xd97, 0xd9a, 0xdb2, 0xdb3, 0xdbc, 0xdbd,
    0xdbe, 0xdc0, 0xdc7, 0xdca, 0xdcb, 0xdcf, 0xdd5, 0xdd6, 0xdd7, 0xdd8, 0xde0, 0xde6,
    0xdf0, 0xdf2, 0xdf5, 0xe01, 0xe3b, 0xe3f, 0xe5c, 0xe81, 0xe83, 0xe84, 0xe85, 0xe86,
    0xe8b, 0xe8c, 0xea4, 0xea5, 0xea6, 0xea7, 0xebe, 0xec0, 0xec5, 0xec6, 0xec7, 0xec8,
    0xecf, 0xed0, 0xeda, 0xedc, 0xee0, 0xf00, 0xf48, 0xf49, 0xf6d, 0xf71, 0xf98, 0xf99,
    0xfbd, 0xfbe, 0xfcd, 0xfce, 0xfdb, 0x1000, 0x10c6, 0x10c7, 0x10c8, 0x10cd, 0x10ce, 0x10d0,
    0x1249, 0x124a, 0x124e, 0x1250, 0x1257, 0x1258, 0x1259, 0x125a, 0x125e, 0x1260, 0x1289, 0x128a,
    0x128e, 0x1290, 0x12b1, 0x12b2, 0x12b6, 0x12b8, 0x12bf, 0x12c0, 0x12c1, 0x12c2, 0x12c6, 0x12c8,
    0x12d7, 0x12d8, 0x1311, 0x1312, 0x1316, 0x1318, 0x135b, 0x135d, 0x137d, 0x1380, 0x139a, 0x13a0,
    0x13f6, 0x13f8, 0x13fe, 0x1400, 0x169d, 0x16a0, 0x16f9, 0x1700, 0x1716, 0x171f, 0x1737, 0x1740,
    0x1754, 0x1760, 0x176d, 0x176e, 0x1771, 0x1772, 0x1774, 0x1780, 0x17de, 0x17e0, 0x17ea, 0x17f0,
    0x17fa, 0x1800, 0x180e, 0x180f, 0x181a, 0x1820, 0x1879, 0x1880, 0x18ab, 0x18b0, 0x18f6, 0x1900,
    0x191f, 0x1920, 0x192c, 0x1930, 0x193c, 0x1940, 0x1941, 0x1944, 0x196e, 0x1970, 0x1975, 0x1980,
    0x19ac, 0x19b0, 0x19ca, 0x19d0, 0x19db, 0x19de, 0x1a1c, 0x1a1e, 0x1a5f, 0x1a60, 0x1a7d, 0x1a7f,
    0x1a8a, 0x1a90, 0x1a9a, 0x1aa0, 0x1aae, 0x1ab0, 0x1ade, 0x1ae0, 0x1aec, 0x1b00, 0x1b4d, 0x1b4e,
    0x1bf4, 0x1bfc, 0x1c38, 0x1c3b, 0x1c4a, 0x1c4d, 0x1c8b, 0x1c90, 0x1cbb, 0x1cbd, 0x1cc8, 0x1cd0,
    0x1cfb, 0x1d00, 0x1f16, 0x1f18, 0x1f1e, 0x1f20, 0x1f46, 0x1f48, 0x1f4e, 0x1f50, 0x1f58, 0x1f59,
    0x1f5a, 0x1f5b, 0x1f5c, 0x1f5d, 0x1f5e, 0x1f5f, 0x1f7e, 0x1f80, 0x1fb5, 0x1fb6, 0x1fc5, 0x1fc6,
    0x1fd4, 0x1fd6, 0x1fdc, 0x1fdd, 0x1ff0, 0x1ff2, 0x1ff5, 0x1ff6, 0x1fff, 0x2000, 0x200b, 0x2010,
    0x202a, 0x202f, 0x2060, 0x2070, 0x2072, 0x2074, 0x208f, 0x2090, 0x209d, 0x20a0, 0x20c2, 0x20d0,
    0x20f1, 0x2100, 0x218c, 0x2190, 0x242a, 0x2440, 0x244b, 0x2460, 0x2b74, 0x2b76, 0x2cf4, 0x2cf9,
    0x2d26, 0x2d27, 0x2d28, 0x2d2d, 0x2d2e, 0x2d30, 0x2d68, 0x2d6f, 0x2d71, 0x2d7f, 0x2d97, 0x2da0,
    0x2da7, 0x2da8, 0x2daf, 0x2db0, 0x2db7, 0x2db8, 0x2dbf, 0x2dc0, 0x2dc7, 0x2dc8, 0x2dcf, 0x2dd0,
    0x2dd7, 0x2dd8, 0x2ddf, 0x2de0, 0x2e5e, 0x2e80, 0x2e9a, 0x2e9b, 0x2ef4, 0x2f00, 0x2fd6, 0x2ff0,
    0x3040, 0x3041, 0x3097, 0x3099, 0x3100, 0x3105, 0x3130, 0x3131, 0x318f, 0x3190, 0x31e6, 0x31ef,
    0x321f, 0x3220, 0xa48d, 0xa490, 0xa4c7, 0xa4d0, 0xa62c, 0xa640, 0xa6f8, 0xa700, 0xa7dd, 0xa7f1,
    0xa82d, 0xa830, 0xa83a, 0xa840, 0xa878, 0xa880, 0xa8c6, 0xa8ce, 0xa8da, 0xa8e0, 0xa954, 0xa95f,
    0xa97d, 0xa980, 0xa9ce, 0xa9cf, 0xa9da, 0xa9de, 0xa9ff, 0xaa00, 0xaa37, 0xaa40, 0xaa4e, 0xaa50,
    0xaa5a, 0xaa5c, 0xaac3, 0xaadb, 0xaaf7, 0xab01, 0xab07, 0xab09, 0xab0f, 0xab11, 0xab17, 0xab20,
    0xab27, 0xab28, 0xab2f, 0xab30, 0xab6c, 0xab70, 0xabee, 0xabf0, 0xabfa, 0xac00, 0xd7a4, 0xd7b0,
    0xd7c7, 0xd7cb, 0xd7fc, 0xdc00, 0xdc00, 0xe000, 0xe000, 0xf900, 0xfa6e, 0xfa70, 0xfada, 0xfb00,
    0xfb07, 0xfb13, 0xfb18, 0xfb1d, 0xfb37, 0xfb38, 0xfb3d, 0xfb3e, 0xfb3f, 0xfb40, 0xfb42, 0xfb43,
    0xfb45, 0xfb46, 0xfdd0, 0xfdf0, 0xfe1a, 0xfe20, 0xfe53, 0xfe54, 0xfe67, 0xfe68, 0xfe6c, 0xfe70,
    0xfe75, 0xfe76, 0xfefd, 0xff01, 0xffbf, 0xffc2, 0xffc8, 0xffca, 0xffd0, 0xffd2, 0xffd8, 0xffda,
    0xffdd, 0xffe0, 0xffe7, 0xffe8, 0xffef, 0xfffc, 0xfffe, 0x10000, 0x1000c, 0x1000d, 0x10027, 0x10028,
    0x1003b, 0x1003c, 0x1003e, 0x1003f, 0x1004e, 0x10050, 0x1005e, 0x10080, 0x100fb, 0x10100, 0x10103, 0x10107,
    0x10134, 0x10137, 0x1018f, 0x10190, 0x1019d, 0x101a0, 0x101a1, 0x101d0, 0x101fe, 0x10280, 0x1029d, 0x102a0,
    0x102d1, 0x102e0, 0x102fc, 0x10300, 0x10324, 0x1032d, 0x1034b, 0x10350, 0x1037b, 0x10380, 0x1039e, 0x1039f,
    0x103c4, 0x103c8, 0x103d6, 0x10400, 0x1049e, 0x104a0, 0x104aa, 0x104b0, 0x104d4, 0x104d8, 0x104fc, 0x10500,
    0x10528, 0x10530, 0x10564, 0x1056f, 0x1057b, 0x1057c, 0x1058b, 0x1058c, 0x10593, 0x10594, 0x10596, 0x10597,
    0x105a2, 0x105a3, 0x105b2, 0x105b3, 0x105ba, 0x105bb, 0x105bd, 0x105c0, 0x105f4, 0x10600, 0x10737, 0x10740,
    0x10756, 0x10760, 0x10768, 0x10780, 0x10786, 0x10787, 0x107b1, 0x107b2, 0x107bb, 0x10800, 0x10806, 0x10808,
    0x10809, 0x1080a, 0x10836, 0x10837, 0x10839, 0x1083c, 0x1083d, 0x1083f, 0x10856, 0x10857, 0x1089f, 0x108a7,
    0x108b0, 0x108e0, 0x108f3, 0x108f4, 0x108f6, 0x108fb, 0x1091c, 0x1091f, 0x1093a, 0x1093f, 0x1095a, 0x10980,
    0x109b8, 0x109bc, 0x109d0, 0x109d2, 0x10a04, 0x10a05, 0x10a07, 0x10a0c, 0x10a14, 0x10a15, 0x10a18, 0x10a19,
    0x10a36, 0x10a38, 0x10a3b, 0x10a3f, 0x10a49, 0x10a50, 0x10a59, 0x10a60, 0x10aa0, 0x10ac0, 0x10ae7, 0x10aeb,
    0x10af7, 0x10b00, 0x10b36, 0x10b39, 0x10b56, 0x10b58, 0x10b73, 0x10b78, 0x10b92, 0x10b99, 0x10b9d, 0x10ba9,
    0x10bb0, 0x10c00, 0x10c49, 0x10c80, 0x10cb3, 0x10cc0, 0x10cf3, 0x10cfa, 0x10d28, 0x10d30, 0x10d3a, 0x10d40,
    0x10d66, 0x10d69, 0x10d86, 0x10d8e, 0x10d90, 0x10e60, 0x10e7f, 0x10e80, 0x10eaa, 0x10eab, 0x10eae, 0x10eb0,
    0x10eb2, 0x10ec2, 0x10ec8, 0x10ed0, 0x10ed9, 0x10efa, 0x10f28, 0x10f30, 0x10f5a, 0x10f70, 0x10f8a, 0x10fb0,
    0x10fcc, 0x10fe0, 0x10ff7, 0x11000, 0x1104e, 0x11052, 0x11076, 0x1107f, 0x110bd, 0x110be, 0x110c3, 0x110d0,
    0x110e9, 0x110f0, 0x110fa, 0x11100, 0x11135, 0x11136, 0x11148, 0x11150, 0x11177, 0x11180, 0x111e0, 0x111e1,
    0x111f5, 0x11200, 0x11212, 0x11213, 0x11242, 0x11280, 0x11287, 0x11288, 0x11289, 0x1128a, 0x1128e, 0x1128f,
    0x1129e, 0x1129f, 0x112aa, 0x112b0, 0x112eb, 0x112f0, 0x112fa, 0x11300, 0x11304, 0x11305, 0x1130d, 0x1130f,
    0x11311, 0x11313, 0x11329, 0x1132a, 0x11331, 0x11332, 0x11334, 0x11335, 0x1133a, 0x1133b, 0x11345, 0x11347,
    0x11349, 0x1134b, 0x1134e, 0x11350, 0x11351, 0x11357, 0x11358, 0x1135d, 0x11364, 0x11366, 0x1136d, 0x11370,
    0x11375, 0x11380, 0x1138a, 0x1138b, 0x1138c, 0x1138e, 0x1138f, 0x11390, 0x113b6, 0x113b7, 0x113c1, 0x113c2,
    0x113c3, 0x113c5, 0x113c6, 0x113c7, 0x113cb, 0x113cc, 0x113d6, 0x113d7, 0x113d9, 0x113e1, 0x113e3, 0x11400,
    0x1145c, 0x1145d, 0x11462, 0x11480, 0x114c8, 0x114d0, 0x114da, 0x11580, 0x115b6, 0x115b8, 0x115de, 0x11600,
    0x11645, 0x11650, 0x1165a, 0x11660, 0x1166d, 0x11680, 0x116ba, 0x116c0, 0x116ca, 0x116d0, 0x116e4, 0x11700,
    0x1171b, 0x1171d, 0x1172c, 0x11730, 0x11747, 0x11800, 0x1183c, 0x118a0, 0x118f3, 0x118ff, 0x11907, 0x11909,
    0x1190a, 0x1190c, 0x11914, 0x11915, 0x11917, 0x11918, 0x11936, 0x11937, 0x11939, 0x1193b, 0x11947, 0x11950,
    0x1195a, 0x119a0, 0x119a8, 0x119aa, 0x119d8, 0x119da, 0x119e5, 0x11a00, 0x11a48, 0x11a50, 0x11aa3, 0x11ab0,
    0x11af9, 0x11b00, 0x11b0a, 0x11b60, 0x11b68, 0x11bc0, 0x11be2, 0x11bf0, 0x11bfa, 0x11c00, 0x11c09, 0x11c0a,
    0x11c37, 0x11c38, 0x11c46, 0x11c50, 0x11c6d, 0x11c70, 0x11c90, 0x11c92, 0x11ca8, 0x11ca9, 0x11cb7, 0x11d00,
    0x11d07, 0x11d08, 0x11d0a, 0x11d0b, 0x11d37, 0x11d3a, 0x11d3b, 0x11d3c, 0x11d3e, 0x11d3f, 0x11d48, 0x11d50,
    0x11d5a, 0x11d60, 0x11d66, 0x11d67, 0x11d69, 0x11d6a, 0x11d8f, 0x11d90, 0x11d92, 0x11d93, 0x11d99, 0x11da0,
    0x11daa, 0x11db0, 0x11ddc, 0x11de0, 0x11dea, 0x11ee0, 0x11ef9, 0x11f00, 0x11f11, 0x11f12, 0x11f3b, 0x11f3e,
    0x11f5b, 0x11fb0, 0x11fb1, 0x11fc0, 0x11ff2, 0x11fff, 0x1239a, 0x12400, 0x1246f, 0x12470, 0x12475, 0x12480,
    0x12544, 0x12f90, 0x12ff3, 0x13000, 0x13430, 0x13440, 0x13456, 0x13460, 0x143fb, 0x14400, 0x14647, 0x16100,
    0x1613a, 0x16800, 0x16a39, 0x16a40, 0x16a5f, 0x16a60, 0x16a6a, 0x16a6e, 0x16abf, 0x16ac0, 0x16aca, 0x16ad0,
    0x16aee, 0x16af0, 0x16af6, 0x16b00, 0x16b46, 0x16b50, 0x16b5a, 0x16b5b, 0x16b62, 0x16b63, 0x16b78, 0x16b7d,
    0x16b90, 0x16d40, 0x16d7a, 0x16e40, 0x16e9b, 0x16ea0, 0x16eb9, 0x16ebb, 0x16ed4, 0x16f00, 0x16f4b, 0x16f4f,
    0x16f88, 0x16f8f, 0x16fa0, 0x16fe0, 0x16fe5, 0x16ff0, 0x16ff7, 0x17000, 0x18cd6, 0x18cff, 0x18d1f, 0x18d80,
    0x18df3, 0x1aff0, 0x1aff4, 0x1aff5, 0x1affc, 0x1affd, 0x1afff, 0x1b000, 0x1b123, 0x1b132, 0x1b133, 0x1b150,
    0x1b153, 0x1b155, 0x1b156, 0x1b164, 0x1b168, 0x1b170, 0x1b2fc, 0x1bc00, 0x1bc6b, 0x1bc70, 0x1bc7d, 0x1bc80,
    0x1bc89, 0x1bc90, 0x1bc9a, 0x1bc9c, 0x1bca0, 0x1cc00, 0x1ccfd, 0x1cd00, 0x1ceb4, 0x1ceba, 0x1ced1, 0x1cee0,
    0x1cef1, 0x1cf00, 0x1cf2e, 0x1cf30, 0x1cf47, 0x1cf50, 0x1cfc4, 0x1d000, 0x1d0f6, 0x1d100, 0x1d127, 0x1d129,
    0x1d173, 0x1d17b, 0x1d1eb, 0x1d200, 0x1d246, 0x1d2c0, 0x1d2d4, 0x1d2e0, 0x1d2f4, 0x1d300, 0x1d357, 0x1d360,
    0x1d379, 0x1d400, 0x1d455, 0x1d456, 0x1d49d, 0x1d49e, 0x1d4a0, 0x1d4a2, 0x1d4a3, 0x1d4a5, 0x1d4a7, 0x1d4a9,
    0x1d4ad, 0x1d4ae, 0x1d4ba, 0x1d4bb, 0x1d4bc, 0x1d4bd, 0x1d4c4, 0x1d4c5, 0x1d506, 0x1d507, 0x1d50b, 0x1d50d,
    0x1d515, 0x1d516, 0x1d51d, 0x1d51e, 0x1d53a, 0x1d53b, 0x1d53f, 0x1d540, 0x1d545, 0x1d546, 0x1d547, 0x1d54a,
    0x1d551, 0x1d552, 0x1d6a6, 0x1d6a8, 0x1d7cc, 0x1d7ce, 0x1da8c, 0x1da9b, 0x1daa0, 0x1daa1, 0x1dab0, 0x1df00,
    0x1df1f, 0x1df25, 0x1df2b, 0x1e000, 0x1e007, 0x1e008, 0x1e019, 0x1e01b, 0x1e022, 0x1e023, 0x1e025, 0x1e026,
    0x1e02b, 0x1e030, 0x1e06e, 0x1e08f, 0x1e090, 0x1e100, 0x1e12d, 0x1e130, 0x1e13e, 0x1e140, 0x1e14a, 0x1e14e,
    0x1e150, 0x1e290, 0x1e2af, 0x1e2c0, 0x1e2fa, 0x1e2ff, 0x1e300, 0x1e4d0, 0x1e4fa, 0x1e5d0, 0x1e5fb, 0x1e5ff,
    0x1e600, 0x1e6c0, 0x1e6df, 0x1e6e0, 0x1e6f6, 0x1e6fe, 0x1e700, 0x1e7e0, 0x1e7e7, 0x1e7e8, 0x1e7ec, 0x1e7ed,
    0x1e7ef, 0x1e7f0, 0x1e7ff, 0x1e800, 0x1e8c5, 0x1e8c7, 0x1e8d7, 0x1e900, 0x1e94c, 0x1e950, 0x1e95a, 0x1e95e,
    0x1e960, 0x1ec71, 0x1ecb5, 0x1ed01, 0x1ed3e, 0x1ee00, 0x1ee04, 0x1ee05, 0x1ee20, 0x1ee21, 0x1ee23, 0x1ee24,
    0x1ee25, 0x1ee27, 0x1ee28, 0x1ee29, 0x1ee33, 0x1ee34, 0x1ee38, 0x1ee39, 0x1ee3a, 0x1ee3b, 0x1ee3c, 0x1ee42,
    0x1ee43, 0x1ee47, 0x1ee48, 0x1ee49, 0x1ee4a, 0x1ee4b, 0x1ee4c, 0x1ee4d, 0x1ee50, 0x1ee51, 0x1ee53, 0x1ee54,
    0x1ee55, 0x1ee57, 0x1ee58, 0x1ee59, 0x1ee5a, 0x1ee5b, 0x1ee5c, 0x1ee5d, 0x1ee5e, 0x1ee5f, 0x1ee60, 0x1ee61,
    0x1ee63, 0x1ee64, 0x1ee65, 0x1ee67, 0x1ee6b, 0x1ee6c, 0x1ee73, 0x1ee74, 0x1ee78, 0x1ee79, 0x1ee7d, 0x1ee7e,
    0x1ee7f, 0x1ee80, 0x1ee8a, 0x1ee8b, 0x1ee9c, 0x1eea1, 0x1eea4, 0x1eea5, 0x1eeaa, 0x1eeab, 0x1eebc, 0x1eef0,
    0x1eef2, 0x1f000, 0x1f02c, 0x1f030, 0x1f094, 0x1f0a0, 0x1f0af, 0x1f0b1, 0x1f0c0, 0x1f0c1, 0x1f0d0, 0x1f0d1,
    0x1f0f6, 0x1f100, 0x1f1ae, 0x1f1e6, 0x1f203, 0x1f210, 0x1f23c, 0x1f240, 0x1f249, 0x1f250, 0x1f252, 0x1f260,
    0x1f266, 0x1f300, 0x1f6d9, 0x1f6dc, 0x1f6ed, 0x1f6f0, 0x1f6fd, 0x1f700, 0x1f7da, 0x1f7e0, 0x1f7ec, 0x1f7f0,
    0x1f7f1, 0x1f800, 0x1f80c, 0x1f810, 0x1f848, 0x1f850, 0x1f85a, 0x1f860, 0x1f888, 0x1f890, 0x1f8ae, 0x1f8b0,
    0x1f8bc, 0x1f8c0, 0x1f8c2, 0x1f8d0, 0x1f8d9, 0x1f900, 0x1fa58, 0x1fa60, 0x1fa6e, 0x1fa70, 0x1fa7d, 0x1fa80,
    0x1fa8b, 0x1fa8e, 0x1fac7, 0x1fac8, 0x1fac9, 0x1facd, 0x1fadd, 0x1fadf, 0x1faeb, 0x1faef, 0x1faf9, 0x1fb00,
    0x1fb93, 0x1fb94, 0x1fbfb, 0x20000, 0x2a6e0, 0x2a700, 0x2b81e, 0x2b820, 0x2ceae, 0x2ceb0, 0x2ebe1, 0x2ebf0,
    0x2ee5e, 0x2f800, 0x2fa1e, 0x30000, 0x3134b, 0x31350, 0x3347a, 0xe0100, 0xe01f0, 0x110000,
];

static GENERAL_CATEGORY_OTHER_LETTER: &[i32] = &[
    0xaa, 0xab, 0xba, 0xbb, 0x1bb, 0x1bc, 0x1c0, 0x1c4, 0x294, 0x296, 0x5d0, 0x5eb,
    0x5ef, 0x5f3, 0x620, 0x640, 0x641, 0x64b, 0x66e, 0x670, 0x671, 0x6d4, 0x6d5, 0x6d6,
    0x6ee, 0x6f0, 0x6fa, 0x6fd, 0x6ff, 0x700, 0x710, 0x711, 0x712, 0x730, 0x74d, 0x7a6,
    0x7b1, 0x7b2, 0x7ca, 0x7eb, 0x800, 0x816, 0x840, 0x859, 0x860, 0x86b, 0x870, 0x888,
    0x889, 0x890, 0x8a0, 0x8c9, 0x904, 0x93a, 0x93d, 0x93e, 0x950, 0x951, 0x958, 0x962,
    0x972, 0x981, 0x985, 0x98d, 0x98f, 0x991, 0x993, 0x9a9, 0x9aa, 0x9b1, 0x9b2, 0x9b3,
    0x9b6, 0x9ba, 0x9bd, 0x9be, 0x9ce, 0x9cf, 0x9dc, 0x9de, 0x9df, 0x9e2, 0x9f0, 0x9f2,
    0x9fc, 0x9fd, 0xa05, 0xa0b, 0xa0f, 0xa11, 0xa13, 0xa29, 0xa2a, 0xa31, 0xa32, 0xa34,
    0xa35, 0xa37, 0xa38, 0xa3a, 0xa59, 0xa5d, 0xa5e, 0xa5f, 0xa72, 0xa75, 0xa85, 0xa8e,
    0xa8f, 0xa92, 0xa93, 0xaa9, 0xaaa, 0xab1, 0xab2, 0xab4, 0xab5, 0xaba, 0xabd, 0xabe,
    0xad0, 0xad1, 0xae0, 0xae2, 0xaf9, 0xafa, 0xb05, 0xb0d, 0xb0f, 0xb11, 0xb13, 0xb29,
    0xb2a, 0xb31, 0xb32, 0xb34, 0xb35, 0xb3a, 0xb3d, 0xb3e, 0xb5c, 0xb5e, 0xb5f, 0xb62,
    0xb71, 0xb72, 0xb83, 0xb84, 0xb85, 0xb8b, 0xb8e, 0xb91, 0xb92, 0xb96, 0xb99, 0xb9b,
    0xb9c, 0xb9d, 0xb9e, 0xba0, 0xba3, 0xba5, 0xba8, 0xbab, 0xbae, 0xbba, 0xbd0, 0xbd1,
    0xc05, 0xc0d, 0xc0e, 0xc11, 0xc12, 0xc29, 0xc2a, 0xc3a, 0xc3d, 0xc3e, 0xc58, 0xc5b,
    0xc5c, 0xc5e, 0xc60, 0xc62, 0xc80, 0xc81, 0xc85, 0xc8d, 0xc8e, 0xc91, 0xc92, 0xca9,
    0xcaa, 0xcb4, 0xcb5, 0xcba, 0xcbd, 0xcbe, 0xcdc, 0xcdf, 0xce0, 0xce2, 0xcf1, 0xcf3,
    0xd04, 0xd0d, 0xd0e, 0xd11, 0xd12, 0xd3b, 0xd3d, 0xd3e, 0xd4e, 0xd4f, 0xd54, 0xd57,
    0xd5f, 0xd62, 0xd7a, 0xd80, 0xd85, 0xd97, 0xd9a, 0xdb2, 0xdb3, 0xdbc, 0xdbd, 0xdbe,
    0xdc0, 0xdc7, 0xe01, 0xe31, 0xe32, 0xe34, 0xe40, 0xe46, 0xe81, 0xe83, 0xe84, 0xe85,
    0xe86, 0xe8b, 0xe8c, 0xea4, 0xea5, 0xea6, 0xea7, 0xeb1, 0xeb2, 0xeb4, 0xebd, 0xebe,
    0xec0, 0xec5, 0xedc, 0xee0, 0xf00, 0xf01, 0xf40, 0xf48, 0xf49, 0xf6d, 0xf88, 0xf8d,
    0x1000, 0x102b, 0x103f, 0x1040, 0x1050, 0x1056, 0x105a, 0x105e, 0x1061, 0x1062, 0x1065, 0x1067,
    0x106e, 0x1071, 0x1075, 0x1082, 0x108e, 0x108f, 0x1100, 0x1249, 0x124a, 0x124e, 0x1250, 0x1257,
    0x1258, 0x1259, 0x125a, 0x125e, 0x1260, 0x1289, 0x128a, 0x128e, 0x1290, 0x12b1, 0x12b2, 0x12b6,
    0x12b8, 0x12bf, 0x12c0, 0x12c1, 0x12c2, 0x12c6, 0x12c8, 0x12d7, 0x12d8, 0x1311, 0x1312, 0x1316,
    0x1318, 0x135b, 0x1380, 0x1390, 0x1401, 0x166d, 0x166f, 0x1680, 0x1681, 0x169b, 0x16a0, 0x16eb,
    0x16f1, 0x16f9, 0x1700, 0x1712, 0x171f, 0x1732, 0x1740, 0x1752, 0x1760, 0x176d, 0x176e, 0x1771,
    0x1780, 0x17b4, 0x17dc, 0x17dd, 0x1820, 0x1843, 0x1844, 0x1879, 0x1880, 0x1885, 0x1887, 0x18a9,
    0x18aa, 0x18ab, 0x18b0, 0x18f6, 0x1900, 0x191f, 0x1950, 0x196e, 0x1970, 0x1975, 0x1980, 0x19ac,
    0x19b0, 0x19ca, 0x1a00, 0x1a17, 0x1a20, 0x1a55, 0x1b05, 0x1b34, 0x1b45, 0x1b4d, 0x1b83, 0x1ba1,
    0x1bae, 0x1bb0, 0x1bba, 0x1be6, 0x1c00, 0x1c24, 0x1c4d, 0x1c50, 0x1c5a, 0x1c78, 0x1ce9, 0x1ced,
    0x1cee, 0x1cf4, 0x1cf5, 0x1cf7, 0x1cfa, 0x1cfb, 0x2135, 0x2139, 0x2d30, 0x2d68, 0x2d80, 0x2d97,
    0x2da0, 0x2da7, 0x2da8, 0x2daf, 0x2db0, 0x2db7, 0x2db8, 0x2dbf, 0x2dc0, 0x2dc7, 0x2dc8, 0x2dcf,
    0x2dd0, 0x2dd7, 0x2dd8, 0x2ddf, 0x3006, 0x3007, 0x303c, 0x303d, 0x3041, 0x3097, 0x309f, 0x30a0,
    0x30a1, 0x30fb, 0x30ff, 0x3100, 0x3105, 0x3130, 0x3131, 0x318f, 0x31a0, 0x31c0, 0x31f0, 0x3200,
    0x3400, 0x4dc0, 0x4e00, 0xa015, 0xa016, 0xa48d, 0xa4d0, 0xa4f8, 0xa500, 0xa60c, 0xa610, 0xa620,
    0xa62a, 0xa62c, 0xa66e, 0xa66f, 0xa6a0, 0xa6e6, 0xa78f, 0xa790, 0xa7f7, 0xa7f8, 0xa7fb, 0xa802,
    0xa803, 0xa806, 0xa807, 0xa80b, 0xa80c, 0xa823, 0xa840, 0xa874, 0xa882, 0xa8b4, 0xa8f2, 0xa8f8,
    0xa8fb, 0xa8fc, 0xa8fd, 0xa8ff, 0xa90a, 0xa926, 0xa930, 0xa947, 0xa960, 0xa97d, 0xa984, 0xa9b3,
    0xa9e0, 0xa9e5, 0xa9e7, 0xa9f0, 0xa9fa, 0xa9ff, 0xaa00, 0xaa29, 0xaa40, 0xaa43, 0xaa44, 0xaa4c,
    0xaa60, 0xaa70, 0xaa71, 0xaa77, 0xaa7a, 0xaa7b, 0xaa7e, 0xaab0, 0xaab1, 0xaab2, 0xaab5, 0xaab7,
    0xaab9, 0xaabe, 0xaac0, 0xaac1, 0xaac2, 0xaac3, 0xaadb, 0xaadd, 0xaae0, 0xaaeb, 0xaaf2, 0xaaf3,
    0xab01, 0xab07, 0xab09, 0xab0f, 0xab11, 0xab17, 0xab20, 0xab27, 0xab28, 0xab2f, 0xabc0, 0xabe3,
    0xac00, 0xd7a4, 0xd7b0, 0xd7c7, 0xd7cb, 0xd7fc, 0xf900, 0xfa6e, 0xfa70, 0xfada, 0xfb1d, 0xfb1e,
    0xfb1f, 0xfb29, 0xfb2a, 0xfb37, 0xfb38, 0xfb3d, 0xfb3e, 0xfb3f, 0xfb40, 0xfb42, 0xfb43, 0xfb45,
    0xfb46, 0xfbb2, 0xfbd3, 0xfd3e, 0xfd50, 0xfd90, 0xfd92, 0xfdc8, 0xfdf0, 0xfdfc, 0xfe70, 0xfe75,
    0xfe76, 0xfefd, 0xff66, 0xff70, 0xff71, 0xff9e, 0xffa0, 0xffbf, 0xffc2, 0xffc8, 0xffca, 0xffd0,
    0xffd2, 0xffd8, 0xffda, 0xffdd, 0x10000, 0x1000c, 0x1000d, 0x10027, 0x10028, 0x1003b, 0x1003c, 0x1003e,
    0x1003f, 0x1004e, 0x10050, 0x1005e, 0x10080, 0x100fb, 0x10280, 0x1029d, 0x102a0, 0x102d1, 0x10300, 0x10320,
    0x1032d, 0x10341, 0x10342, 0x1034a, 0x10350, 0x10376, 0x10380, 0x1039e, 0x103a0, 0x103c4, 0x103c8, 0x103d0,
    0x10450, 0x1049e, 0x10500, 0x10528, 0x10530, 0x10564, 0x105c0, 0x105f4, 0x10600, 0x10737, 0x10740, 0x10756,
    0x10760, 0x10768, 0x10800, 0x10806, 0x10808, 0x10809, 0x1080a, 0x10836, 0x10837, 0x10839, 0x1083c, 0x1083d,
    0x1083f, 0x10856, 0x10860, 0x10877, 0x10880, 0x1089f, 0x108e0, 0x108f3, 0x108f4, 0x108f6, 0x10900, 0x10916,
    0x10920, 0x1093a, 0x10940, 0x1095a, 0x10980, 0x109b8, 0x109be, 0x109c0, 0x10a00, 0x10a01, 0x10a10, 0x10a14,
    0x10a15, 0x10a18, 0x10a19, 0x10a36, 0x10a60, 0x10a7d, 0x10a80, 0x10a9d, 0x10ac0, 0x10ac8, 0x10ac9, 0x10ae5,
    0x10b00, 0x10b36, 0x10b40, 0x10b56, 0x10b60, 0x10b73, 0x10b80, 0x10b92, 0x10c00, 0x10c49, 0x10d00, 0x10d24,
    0x10d4a, 0x10d4e, 0x10d4f, 0x10d50, 0x10e80, 0x10eaa, 0x10eb0, 0x10eb2, 0x10ec2, 0x10ec5, 0x10ec6, 0x10ec8,
    0x10f00, 0x10f1d, 0x10f27, 0x10f28, 0x10f30, 0x10f46, 0x10f70, 0x10f82, 0x10fb0, 0x10fc5, 0x10fe0, 0x10ff7,
    0x11003, 0x11038, 0x11071, 0x11073, 0x11075, 0x11076, 0x11083, 0x110b0, 0x110d0, 0x110e9, 0x11103, 0x11127,
    0x11144, 0x11145, 0x11147, 0x11148, 0x11150, 0x11173, 0x11176, 0x11177, 0x11183, 0x111b3, 0x111c1, 0x111c5,
    0x111da, 0x111db, 0x111dc, 0x111dd, 0x11200, 0x11212, 0x11213, 0x1122c, 0x1123f, 0x11241, 0x11280, 0x11287,
    0x11288, 0x11289, 0x1128a, 0x1128e, 0x1128f, 0x1129e, 0x1129f, 0x112a9, 0x112b0, 0x112df, 0x11305, 0x1130d,
    0x1130f, 0x11311, 0x11313, 0x11329, 0x1132a, 0x11331, 0x11332, 0x11334, 0x11335, 0x1133a, 0x1133d, 0x1133e,
    0x11350, 0x11351, 0x1135d, 0x11362, 0x11380, 0x1138a, 0x1138b, 0x1138c, 0x1138e, 0x1138f, 0x11390, 0x113b6,
    0x113b7, 0x113b8, 0x113d1, 0x113d2, 0x113d3, 0x113d4, 0x11400, 0x11435, 0x11447, 0x1144b, 0x1145f, 0x11462,
    0x11480, 0x114b0, 0x114c4, 0x114c6, 0x114c7, 0x114c8, 0x11580, 0x115af, 0x115d8, 0x115dc, 0x11600, 0x11630,
    0x11644, 0x11645, 0x11680, 0x116ab, 0x116b8, 0x116b9, 0x11700, 0x1171b, 0x11740, 0x11747, 0x11800, 0x1182c,
    0x118ff, 0x11907, 0x11909, 0x1190a, 0x1190c, 0x11914, 0x11915, 0x11917, 0x11918, 0x11930, 0x1193f, 0x11940,
    0x11941, 0x11942, 0x119a0, 0x119a8, 0x119aa, 0x119d1, 0x119e1, 0x119e2, 0x119e3, 0x119e4, 0x11a00, 0x11a01,
    0x11a0b, 0x11a33, 0x11a3a, 0x11a3b, 0x11a50, 0x11a51, 0x11a5c, 0x11a8a, 0x11a9d, 0x11a9e, 0x11ab0, 0x11af9,
    0x11bc0, 0x11be1, 0x11c00, 0x11c09, 0x11c0a, 0x11c2f, 0x11c40, 0x11c41, 0x11c72, 0x11c90, 0x11d00, 0x11d07,
    0x11d08, 0x11d0a, 0x11d0b, 0x11d31, 0x11d46, 0x11d47, 0x11d60, 0x11d66, 0x11d67, 0x11d69, 0x11d6a, 0x11d8a,
    0x11d98, 0x11d99, 0x11db0, 0x11dd9, 0x11dda, 0x11ddc, 0x11ee0, 0x11ef3, 0x11f02, 0x11f03, 0x11f04, 0x11f11,
    0x11f12, 0x11f34, 0x11fb0, 0x11fb1, 0x12000, 0x1239a, 0x12480, 0x12544, 0x12f90, 0x12ff1, 0x13000, 0x13430,
    0x13441, 0x13447, 0x13460, 0x143fb, 0x14400, 0x14647, 0x16100, 0x1611e, 0x16800, 0x16a39, 0x16a40, 0x16a5f,
    0x16a70, 0x16abf, 0x16ad0, 0x16aee, 0x16b00, 0x16b30, 0x16b63, 0x16b78, 0x16b7d, 0x16b90, 0x16d43, 0x16d6b,
    0x16f00, 0x16f4b, 0x16f50, 0x16f51, 0x17000, 0x18cd6, 0x18cff, 0x18d1f, 0x18d80, 0x18df3, 0x1b000, 0x1b123,
    0x1b132, 0x1b133, 0x1b150, 0x1b153, 0x1b155, 0x1b156, 0x1b164, 0x1b168, 0x1b170, 0x1b2fc, 0x1bc00, 0x1bc6b,
    0x1bc70, 0x1bc7d, 0x1bc80, 0x1bc89, 0x1bc90, 0x1bc9a, 0x1df0a, 0x1df0b, 0x1e100, 0x1e12d, 0x1e14e, 0x1e14f,
    0x1e290, 0x1e2ae, 0x1e2c0, 0x1e2ec, 0x1e4d0, 0x1e4eb, 0x1e5d0, 0x1e5ee, 0x1e5f0, 0x1e5f1, 0x1e6c0, 0x1e6df,
    0x1e6e0, 0x1e6e3, 0x1e6e4, 0x1e6e6, 0x1e6e7, 0x1e6ee, 0x1e6f0, 0x1e6f5, 0x1e6fe, 0x1e6ff, 0x1e7e0, 0x1e7e7,
    0x1e7e8, 0x1e7ec, 0x1e7ed, 0x1e7ef, 0x1e7f0, 0x1e7ff, 0x1e800, 0x1e8c5, 0x1ee00, 0x1ee04, 0x1ee05, 0x1ee20,
    0x1ee21, 0x1ee23, 0x1ee24, 0x1ee25, 0x1ee27, 0x1ee28, 0x1ee29, 0x1ee33, 0x1ee34, 0x1ee38, 0x1ee39, 0x1ee3a,
    0x1ee3b, 0x1ee3c, 0x1ee42, 0x1ee43, 0x1ee47, 0x1ee48, 0x1ee49, 0x1ee4a, 0x1ee4b, 0x1ee4c, 0x1ee4d, 0x1ee50,
    0x1ee51, 0x1ee53, 0x1ee54, 0x1ee55, 0x1ee57, 0x1ee58, 0x1ee59, 0x1ee5a, 0x1ee5b, 0x1ee5c, 0x1ee5d, 0x1ee5e,
    0x1ee5f, 0x1ee60, 0x1ee61, 0x1ee63, 0x1ee64, 0x1ee65, 0x1ee67, 0x1ee6b, 0x1ee6c, 0x1ee73, 0x1ee74, 0x1ee78,
    0x1ee79, 0x1ee7d, 0x1ee7e, 0x1ee7f, 0x1ee80, 0x1ee8a, 0x1ee8b, 0x1ee9c, 0x1eea1, 0x1eea4, 0x1eea5, 0x1eeaa,
    0x1eeab, 0x1eebc, 0x20000, 0x2a6e0, 0x2a700, 0x2b81e, 0x2b820, 0x2ceae, 0x2ceb0, 0x2ebe1, 0x2ebf0, 0x2ee5e,
    0x2f800, 0x2fa1e, 0x30000, 0x3134b, 0x31350, 0x3347a,
];

static GENERAL_CATEGORY_OTHER_NUMBER: &[i32] = &[
    0xb2, 0xb4, 0xb9, 0xba, 0xbc, 0xbf, 0x9f4, 0x9fa, 0xb72, 0xb78, 0xbf0, 0xbf3,
    0xc78, 0xc7f, 0xd58, 0xd5f, 0xd70, 0xd79, 0xf2a, 0xf34, 0x1369, 0x137d, 0x17f0, 0x17fa,
    0x19da, 0x19db, 0x2070, 0x2071, 0x2074, 0x207a, 0x2080, 0x208a, 0x2150, 0x2160, 0x2189, 0x218a,
    0x2460, 0x249c, 0x24ea, 0x2500, 0x2776, 0x2794, 0x2cfd, 0x2cfe, 0x3192, 0x3196, 0x3220, 0x322a,
    0x3248, 0x3250, 0x3251, 0x3260, 0x3280, 0x328a, 0x32b1, 0x32c0, 0xa830, 0xa836, 0x10107, 0x10134,
    0x10175, 0x10179, 0x1018a, 0x1018c, 0x102e1, 0x102fc, 0x10320, 0x10324, 0x10858, 0x10860, 0x10879, 0x10880,
    0x108a7, 0x108b0, 0x108fb, 0x10900, 0x10916, 0x1091c, 0x109bc, 0x109be, 0x109c0, 0x109d0, 0x109d2, 0x10a00,
    0x10a40, 0x10a49, 0x10a7d, 0x10a7f, 0x10a9d, 0x10aa0, 0x10aeb, 0x10af0, 0x10b58, 0x10b60, 0x10b78, 0x10b80,
    0x10ba9, 0x10bb0, 0x10cfa, 0x10d00, 0x10e60, 0x10e7f, 0x10f1d, 0x10f27, 0x10f51, 0x10f55, 0x10fc5, 0x10fcc,
    0x11052, 0x11066, 0x111e1, 0x111f5, 0x1173a, 0x1173c, 0x118ea, 0x118f3, 0x11c5a, 0x11c6d, 0x11fc0, 0x11fd5,
    0x16b5b, 0x16b62, 0x16e80, 0x16e97, 0x1d2c0, 0x1d2d4, 0x1d2e0, 0x1d2f4, 0x1d360, 0x1d379, 0x1e8c7, 0x1e8d0,
    0x1ec71, 0x1ecac, 0x1ecad, 0x1ecb0, 0x1ecb1, 0x1ecb5, 0x1ed01, 0x1ed2e, 0x1ed2f, 0x1ed3e, 0x1f100, 0x1f10d,
];

static GENERAL_CATEGORY_OTHER_PUNCTUATION: &[i32] = &[
    0x21, 0x24, 0x25, 0x28, 0x2a, 0x2b, 0x2c, 0x2d, 0x2e, 0x30, 0x3a, 0x3c,
    0x3f, 0x41, 0x5c, 0x5d, 0xa1, 0xa2, 0xa7, 0xa8, 0xb6, 0xb8, 0xbf, 0xc0,
    0x37e, 0x37f, 0x387, 0x388, 0x55a, 0x560, 0x589, 0x58a, 0x5c0, 0x5c1, 0x5c3, 0x5c4,
    0x5c6, 0x5c7, 0x5f3, 0x5f5, 0x609, 0x60b, 0x60c, 0x60e, 0x61b, 0x61c, 0x61d, 0x620,
    0x66a, 0x66e, 0x6d4, 0x6d5, 0x700, 0x70e, 0x7f7, 0x7fa, 0x830, 0x83f, 0x85e, 0x85f,
    0x964, 0x966, 0x970, 0x971, 0x9fd, 0x9fe, 0xa76, 0xa77, 0xaf0, 0xaf1, 0xc77, 0xc78,
    0xc84, 0xc85, 0xdf4, 0xdf5, 0xe4f, 0xe50, 0xe5a, 0xe5c, 0xf04, 0xf13, 0xf14, 0xf15,
    0xf85, 0xf86, 0xfd0, 0xfd5, 0xfd9, 0xfdb, 0x104a, 0x1050, 0x10fb, 0x10fc, 0x1360, 0x1369,
    0x166e, 0x166f, 0x16eb, 0x16ee, 0x1735, 0x1737, 0x17d4, 0x17d7, 0x17d8, 0x17db, 0x1800, 0x1806,
    0x1807, 0x180b, 0x1944, 0x1946, 0x1a1e, 0x1a20, 0x1aa0, 0x1aa7, 0x1aa8, 0x1aae, 0x1b4e, 0x1b50,
    0x1b5a, 0x1b61, 0x1b7d, 0x1b80, 0x1bfc, 0x1c00, 0x1c3b, 0x1c40, 0x1c7e, 0x1c80, 0x1cc0, 0x1cc8,
    0x1cd3, 0x1cd4, 0x2016, 0x2018, 0x2020, 0x2028, 0x2030, 0x2039, 0x203b, 0x203f, 0x2041, 0x2044,
    0x2047, 0x2052, 0x2053, 0x2054, 0x2055, 0x205f, 0x2cf9, 0x2cfd, 0x2cfe, 0x2d00, 0x2d70, 0x2d71,
    0x2e00, 0x2e02, 0x2e06, 0x2e09, 0x2e0b, 0x2e0c, 0x2e0e, 0x2e17, 0x2e18, 0x2e1a, 0x2e1b, 0x2e1c,
    0x2e1e, 0x2e20, 0x2e2a, 0x2e2f, 0x2e30, 0x2e3a, 0x2e3c, 0x2e40, 0x2e41, 0x2e42, 0x2e43, 0x2e50,
    0x2e52, 0x2e55, 0x3001, 0x3004, 0x303d, 0x303e, 0x30fb, 0x30fc, 0xa4fe, 0xa500, 0xa60d, 0xa610,
    0xa673, 0xa674, 0xa67e, 0xa67f, 0xa6f2, 0xa6f8, 0xa874, 0xa878, 0xa8ce, 0xa8d0, 0xa8f8, 0xa8fb,
    0xa8fc, 0xa8fd, 0xa92e, 0xa930, 0xa95f, 0xa960, 0xa9c1, 0xa9ce, 0xa9de, 0xa9e0, 0xaa5c, 0xaa60,
    0xaade, 0xaae0, 0xaaf0, 0xaaf2, 0xabeb, 0xabec, 0xfe10, 0xfe17, 0xfe19, 0xfe1a, 0xfe30, 0xfe31,
    0xfe45, 0xfe47, 0xfe49, 0xfe4d, 0xfe50, 0xfe53, 0xfe54, 0xfe58, 0xfe5f, 0xfe62, 0xfe68, 0xfe69,
    0xfe6a, 0xfe6c, 0xff01, 0xff04, 0xff05, 0xff08, 0xff0a, 0xff0b, 0xff0c, 0xff0d, 0xff0e, 0xff10,
    0xff1a, 0xff1c, 0xff1f, 0xff21, 0xff3c, 0xff3d, 0xff61, 0xff62, 0xff64, 0xff66, 0x10100, 0x10103,
    0x1039f, 0x103a0, 0x103d0, 0x103d1, 0x1056f, 0x10570, 0x10857, 0x10858, 0x1091f, 0x10920, 0x1093f, 0x10940,
    0x10a50, 0x10a59, 0x10a7f, 0x10a80, 0x10af0, 0x10af7, 0x10b39, 0x10b40, 0x10b99, 0x10b9d, 0x10ed0, 0x10ed1,
    0x10f55, 0x10f5a, 0x10f86, 0x10f8a, 0x11047, 0x1104e, 0x110bb, 0x110bd, 0x110be, 0x110c2, 0x11140, 0x11144,
    0x11174, 0x11176, 0x111c5, 0x111c9, 0x111cd, 0x111ce, 0x111db, 0x111dc, 0x111dd, 0x111e0, 0x11238, 0x1123e,
    0x112a9, 0x112aa, 0x113d4, 0x113d6, 0x113d7, 0x113d9, 0x1144b, 0x11450, 0x1145a, 0x1145c, 0x1145d, 0x1145e,
    0x114c6, 0x114c7, 0x115c1, 0x115d8, 0x11641, 0x11644, 0x11660, 0x1166d, 0x116b9, 0x116ba, 0x1173c, 0x1173f,
    0x1183b, 0x1183c, 0x11944, 0x11947, 0x119e2, 0x119e3, 0x11a3f, 0x11a47, 0x11a9a, 0x11a9d, 0x11a9e, 0x11aa3,
    0x11b00, 0x11b0a, 0x11be1, 0x11be2, 0x11c41, 0x11c46, 0x11c70, 0x11c72, 0x11ef7, 0x11ef9, 0x11f43, 0x11f50,
    0x11fff, 0x12000, 0x12470, 0x12475, 0x12ff1, 0x12ff3, 0x16a6e, 0x16a70, 0x16af5, 0x16af6, 0x16b37, 0x16b3c,
    0x16b44, 0x16b45, 0x16d6d, 0x16d70, 0x16e97, 0x16e9b, 0x16fe2, 0x16fe3, 0x1bc9f, 0x1bca0, 0x1da87, 0x1da8c,
    0x1e5ff, 0x1e600, 0x1e95e, 0x1e960,
];

static GENERAL_CATEGORY_OTHER_SYMBOL: &[i32] = &[
    0xa6, 0xa7, 0xa9, 0xaa, 0xae, 0xaf, 0xb0, 0xb1, 0x482, 0x483, 0x58d, 0x58f,
    0x60e, 0x610, 0x6de, 0x6df, 0x6e9, 0x6ea, 0x6fd, 0x6ff, 0x7f6, 0x7f7, 0x9fa, 0x9fb,
    0xb70, 0xb71, 0xbf3, 0xbf9, 0xbfa, 0xbfb, 0xc7f, 0xc80, 0xd4f, 0xd50, 0xd79, 0xd7a,
    0xf01, 0xf04, 0xf13, 0xf14, 0xf15, 0xf18, 0xf1a, 0xf20, 0xf34, 0xf35, 0xf36, 0xf37,
    0xf38, 0xf39, 0xfbe, 0xfc6, 0xfc7, 0xfcd, 0xfce, 0xfd0, 0xfd5, 0xfd9, 0x109e, 0x10a0,
    0x1390, 0x139a, 0x166d, 0x166e, 0x1940, 0x1941, 0x19de, 0x1a00, 0x1b61, 0x1b6b, 0x1b74, 0x1b7d,
    0x2100, 0x2102, 0x2103, 0x2107, 0x2108, 0x210a, 0x2114, 0x2115, 0x2116, 0x2118, 0x211e, 0x2124,
    0x2125, 0x2126, 0x2127, 0x2128, 0x2129, 0x212a, 0x212e, 0x212f, 0x213a, 0x213c, 0x214a, 0x214b,
    0x214c, 0x214e, 0x214f, 0x2150, 0x218a, 0x218c, 0x2195, 0x219a, 0x219c, 0x21a0, 0x21a1, 0x21a3,
    0x21a4, 0x21a6, 0x21a7, 0x21ae, 0x21af, 0x21ce, 0x21d0, 0x21d2, 0x21d3, 0x21d4, 0x21d5, 0x21f4,
    0x2300, 0x2308, 0x230c, 0x2320, 0x2322, 0x2329, 0x232b, 0x237c, 0x237d, 0x239b, 0x23b4, 0x23dc,
    0x23e2, 0x242a, 0x2440, 0x244b, 0x249c, 0x24ea, 0x2500, 0x25b7, 0x25b8, 0x25c1, 0x25c2, 0x25f8,
    0x2600, 0x266f, 0x2670, 0x2768, 0x2794, 0x27c0, 0x2800, 0x2900, 0x2b00, 0x2b30, 0x2b45, 0x2b47,
    0x2b4d, 0x2b74, 0x2b76, 0x2c00, 0x2ce5, 0x2ceb, 0x2e50, 0x2e52, 0x2e80, 0x2e9a, 0x2e9b, 0x2ef4,
    0x2f00, 0x2fd6, 0x2ff0, 0x3000, 0x3004, 0x3005, 0x3012, 0x3014, 0x3020, 0x3021, 0x3036, 0x3038,
    0x303e, 0x3040, 0x3190, 0x3192, 0x3196, 0x31a0, 0x31c0, 0x31e6, 0x31ef, 0x31f0, 0x3200, 0x321f,
    0x322a, 0x3248, 0x3250, 0x3251, 0x3260, 0x3280, 0x328a, 0x32b1, 0x32c0, 0x3400, 0x4dc0, 0x4e00,
    0xa490, 0xa4c7, 0xa828, 0xa82c, 0xa836, 0xa838, 0xa839, 0xa83a, 0xaa77, 0xaa7a, 0xfbc3, 0xfbd3,
    0xfd40, 0xfd50, 0xfd90, 0xfd92, 0xfdc8, 0xfdd0, 0xfdfd, 0xfe00, 0xffe4, 0xffe5, 0xffe8, 0xffe9,
    0xffed, 0xffef, 0xfffc, 0xfffe, 0x10137, 0x10140, 0x10179, 0x1018a, 0x1018c, 0x1018f, 0x10190, 0x1019d,
    0x101a0, 0x101a1, 0x101d0, 0x101fd, 0x10877, 0x10879, 0x10ac8, 0x10ac9, 0x10ed1, 0x10ed9, 0x1173f, 0x11740,
    0x11fd5, 0x11fdd, 0x11fe1, 0x11ff2, 0x16b3c, 0x16b40, 0x16b45, 0x16b46, 0x1bc9c, 0x1bc9d, 0x1cc00, 0x1ccf0,
    0x1ccfa, 0x1ccfd, 0x1cd00, 0x1ceb4, 0x1ceba, 0x1ced1, 0x1cee0, 0x1cef0, 0x1cf50, 0x1cfc4, 0x1d000, 0x1d0f6,
    0x1d100, 0x1d127, 0x1d129, 0x1d165, 0x1d16a, 0x1d16d, 0x1d183, 0x1d185, 0x1d18c, 0x1d1aa, 0x1d1ae, 0x1d1eb,
    0x1d200, 0x1d242, 0x1d245, 0x1d246, 0x1d300, 0x1d357, 0x1d800, 0x1da00, 0x1da37, 0x1da3b, 0x1da6d, 0x1da75,
    0x1da76, 0x1da84, 0x1da85, 0x1da87, 0x1e14f, 0x1e150, 0x1ecac, 0x1ecad, 0x1ed2e, 0x1ed2f, 0x1f000, 0x1f02c,
    0x1f030, 0x1f094, 0x1f0a0, 0x1f0af, 0x1f0b1, 0x1f0c0, 0x1f0c1, 0x1f0d0, 0x1f0d1, 0x1f0f6, 0x1f10d, 0x1f1ae,
    0x1f1e6, 0x1f203, 0x1f210, 0x1f23c, 0x1f240, 0x1f249, 0x1f250, 0x1f252, 0x1f260, 0x1f266, 0x1f300, 0x1f3fb,
    0x1f400, 0x1f6d9, 0x1f6dc, 0x1f6ed, 0x1f6f0, 0x1f6fd, 0x1f700, 0x1f7da, 0x1f7e0, 0x1f7ec, 0x1f7f0, 0x1f7f1,
    0x1f800, 0x1f80c, 0x1f810, 0x1f848, 0x1f850, 0x1f85a, 0x1f860, 0x1f888, 0x1f890, 0x1f8ae, 0x1f8b0, 0x1f8bc,
    0x1f8c0, 0x1f8c2, 0x1f900, 0x1fa58, 0x1fa60, 0x1fa6e, 0x1fa70, 0x1fa7d, 0x1fa80, 0x1fa8b, 0x1fa8e, 0x1fac7,
    0x1fac8, 0x1fac9, 0x1facd, 0x1fadd, 0x1fadf, 0x1faeb, 0x1faef, 0x1faf9, 0x1fb00, 0x1fb93, 0x1fb94, 0x1fbf0,
    0x1fbfa, 0x1fbfb,
];

static GENERAL_CATEGORY_PARAGRAPH_SEPARATOR: &[i32] = &[
    0x2029, 0x202a,
];

static GENERAL_CATEGORY_PRIVATE_USE: &[i32] = &[
    0xe000, 0xf900, 0xf0000, 0xffffe, 0x100000, 0x10fffe,
];

static GENERAL_CATEGORY_PUNCTUATION: &[i32] = &[
    0x21, 0x24, 0x25, 0x2b, 0x2c, 0x30, 0x3a, 0x3c, 0x3f, 0x41, 0x5b, 0x5e,
    0x5f, 0x60, 0x7b, 0x7c, 0x7d, 0x7e, 0xa1, 0xa2, 0xa7, 0xa8, 0xab, 0xac,
    0xb6, 0xb8, 0xbb, 0xbc, 0xbf, 0xc0, 0x37e, 0x37f, 0x387, 0x388, 0x55a, 0x560,
    0x589, 0x58b, 0x5be, 0x5bf, 0x5c0, 0x5c1, 0x5c3, 0x5c4, 0x5c6, 0x5c7, 0x5f3, 0x5f5,
    0x609, 0x60b, 0x60c, 0x60e, 0x61b, 0x61c, 0x61d, 0x620, 0x66a, 0x66e, 0x6d4, 0x6d5,
    0x700, 0x70e, 0x7f7, 0x7fa, 0x830, 0x83f, 0x85e, 0x85f, 0x964, 0x966, 0x970, 0x971,
    0x9fd, 0x9fe, 0xa76, 0xa77, 0xaf0, 0xaf1, 0xc77, 0xc78, 0xc84, 0xc85, 0xdf4, 0xdf5,
    0xe4f, 0xe50, 0xe5a, 0xe5c, 0xf04, 0xf13, 0xf14, 0xf15, 0xf3a, 0xf3e, 0xf85, 0xf86,
    0xfd0, 0xfd5, 0xfd9, 0xfdb, 0x104a, 0x1050, 0x10fb, 0x10fc, 0x1360, 0x1369, 0x1400, 0x1401,
    0x166e, 0x166f, 0x169b, 0x169d, 0x16eb, 0x16ee, 0x1735, 0x1737, 0x17d4, 0x17d7, 0x17d8, 0x17db,
    0x1800, 0x180b, 0x1944, 0x1946, 0x1a1e, 0x1a20, 0x1aa0, 0x1aa7, 0x1aa8, 0x1aae, 0x1b4e, 0x1b50,
    0x1b5a, 0x1b61, 0x1b7d, 0x1b80, 0x1bfc, 0x1c00, 0x1c3b, 0x1c40, 0x1c7e, 0x1c80, 0x1cc0, 0x1cc8,
    0x1cd3, 0x1cd4, 0x2010, 0x2028, 0x2030, 0x2044, 0x2045, 0x2052, 0x2053, 0x205f, 0x207d, 0x207f,
    0x208d, 0x208f, 0x2308, 0x230c, 0x2329, 0x232b, 0x2768, 0x2776, 0x27c5, 0x27c7, 0x27e6, 0x27f0,
    0x2983, 0x2999, 0x29d8, 0x29dc, 0x29fc, 0x29fe, 0x2cf9, 0x2cfd, 0x2cfe, 0x2d00, 0x2d70, 0x2d71,
    0x2e00, 0x2e2f, 0x2e30, 0x2e50, 0x2e52, 0x2e5e, 0x3001, 0x3004, 0x3008, 0x3012, 0x3014, 0x3020,
    0x3030, 0x3031, 0x303d, 0x303e, 0x30a0, 0x30a1, 0x30fb, 0x30fc, 0xa4fe, 0xa500, 0xa60d, 0xa610,
    0xa673, 0xa674, 0xa67e, 0xa67f, 0xa6f2, 0xa6f8, 0xa874, 0xa878, 0xa8ce, 0xa8d0, 0xa8f8, 0xa8fb,
    0xa8fc, 0xa8fd, 0xa92e, 0xa930, 0xa95f, 0xa960, 0xa9c1, 0xa9ce, 0xa9de, 0xa9e0, 0xaa5c, 0xaa60,
    0xaade, 0xaae0, 0xaaf0, 0xaaf2, 0xabeb, 0xabec, 0xfd3e, 0xfd40, 0xfe10, 0xfe1a, 0xfe30, 0xfe53,
    0xfe54, 0xfe62, 0xfe63, 0xfe64, 0xfe68, 0xfe69, 0xfe6a, 0xfe6c, 0xff01, 0xff04, 0xff05, 0xff0b,
    0xff0c, 0xff10, 0xff1a, 0xff1c, 0xff1f, 0xff21, 0xff3b, 0xff3e, 0xff3f, 0xff40, 0xff5b, 0xff5c,
    0xff5d, 0xff5e, 0xff5f, 0xff66, 0x10100, 0x10103, 0x1039f, 0x103a0, 0x103d0, 0x103d1, 0x1056f, 0x10570,
    0x10857, 0x10858, 0x1091f, 0x10920, 0x1093f, 0x10940, 0x10a50, 0x10a59, 0x10a7f, 0x10a80, 0x10af0, 0x10af7,
    0x10b39, 0x10b40, 0x10b99, 0x10b9d, 0x10d6e, 0x10d6f, 0x10ead, 0x10eae, 0x10ed0, 0x10ed1, 0x10f55, 0x10f5a,
    0x10f86, 0x10f8a, 0x11047, 0x1104e, 0x110bb, 0x110bd, 0x110be, 0x110c2, 0x11140, 0x11144, 0x11174, 0x11176,
    0x111c5, 0x111c9, 0x111cd, 0x111ce, 0x111db, 0x111dc, 0x111dd, 0x111e0, 0x11238, 0x1123e, 0x112a9, 0x112aa,
    0x113d4, 0x113d6, 0x113d7, 0x113d9, 0x1144b, 0x11450, 0x1145a, 0x1145c, 0x1145d, 0x1145e, 0x114c6, 0x114c7,
    0x115c1, 0x115d8, 0x11641, 0x11644, 0x11660, 0x1166d, 0x116b9, 0x116ba, 0x1173c, 0x1173f, 0x1183b, 0x1183c,
    0x11944, 0x11947, 0x119e2, 0x119e3, 0x11a3f, 0x11a47, 0x11a9a, 0x11a9d, 0x11a9e, 0x11aa3, 0x11b00, 0x11b0a,
    0x11be1, 0x11be2, 0x11c41, 0x11c46, 0x11c70, 0x11c72, 0x11ef7, 0x11ef9, 0x11f43, 0x11f50, 0x11fff, 0x12000,
    0x12470, 0x12475, 0x12ff1, 0x12ff3, 0x16a6e, 0x16a70, 0x16af5, 0x16af6, 0x16b37, 0x16b3c, 0x16b44, 0x16b45,
    0x16d6d, 0x16d70, 0x16e97, 0x16e9b, 0x16fe2, 0x16fe3, 0x1bc9f, 0x1bca0, 0x1da87, 0x1da8c, 0x1e5ff, 0x1e600,
    0x1e95e, 0x1e960,
];

static GENERAL_CATEGORY_SEPARATOR: &[i32] = &[
    0x20, 0x21, 0xa0, 0xa1, 0x1680, 0x1681, 0x2000, 0x200b, 0x2028, 0x202a, 0x202f, 0x2030,
    0x205f, 0x2060, 0x3000, 0x3001,
];

static GENERAL_CATEGORY_SPACE_SEPARATOR: &[i32] = &[
    0x20, 0x21, 0xa0, 0xa1, 0x1680, 0x1681, 0x2000, 0x200b, 0x202f, 0x2030, 0x205f, 0x2060,
    0x3000, 0x3001,
];

static GENERAL_CATEGORY_SPACING_MARK: &[i32] = &[
    0x903, 0x904, 0x93b, 0x93c, 0x93e, 0x941, 0x949, 0x94d, 0x94e, 0x950, 0x982, 0x984,
    0x9be, 0x9c1, 0x9c7, 0x9c9, 0x9cb, 0x9cd, 0x9d7, 0x9d8, 0xa03, 0xa04, 0xa3e, 0xa41,
    0xa83, 0xa84, 0xabe, 0xac1, 0xac9, 0xaca, 0xacb, 0xacd, 0xb02, 0xb04, 0xb3e, 0xb3f,
    0xb40, 0xb41, 0xb47, 0xb49, 0xb4b, 0xb4d, 0xb57, 0xb58, 0xbbe, 0xbc0, 0xbc1, 0xbc3,
    0xbc6, 0xbc9, 0xbca, 0xbcd, 0xbd7, 0xbd8, 0xc01, 0xc04, 0xc41, 0xc45, 0xc82, 0xc84,
    0xcbe, 0xcbf, 0xcc0, 0xcc5, 0xcc7, 0xcc9, 0xcca, 0xccc, 0xcd5, 0xcd7, 0xcf3, 0xcf4,
    0xd02, 0xd04, 0xd3e, 0xd41, 0xd46, 0xd49, 0xd4a, 0xd4d, 0xd57, 0xd58, 0xd82, 0xd84,
    0xdcf, 0xdd2, 0xdd8, 0xde0, 0xdf2, 0xdf4, 0xf3e, 0xf40, 0xf7f, 0xf80, 0x102b, 0x102d,
    0x1031, 0x1032, 0x1038, 0x1039, 0x103b, 0x103d, 0x1056, 0x1058, 0x1062, 0x1065, 0x1067, 0x106e,
    0x1083, 0x1085, 0x1087, 0x108d, 0x108f, 0x1090, 0x109a, 0x109d, 0x1715, 0x1716, 0x1734, 0x1735,
    0x17b6, 0x17b7, 0x17be, 0x17c6, 0x17c7, 0x17c9, 0x1923, 0x1927, 0x1929, 0x192c, 0x1930, 0x1932,
    0x1933, 0x1939, 0x1a19, 0x1a1b, 0x1a55, 0x1a56, 0x1a57, 0x1a58, 0x1a61, 0x1a62, 0x1a63, 0x1a65,
    0x1a6d, 0x1a73, 0x1b04, 0x1b05, 0x1b35, 0x1b36, 0x1b3b, 0x1b3c, 0x1b3d, 0x1b42, 0x1b43, 0x1b45,
    0x1b82, 0x1b83, 0x1ba1, 0x1ba2, 0x1ba6, 0x1ba8, 0x1baa, 0x1bab, 0x1be7, 0x1be8, 0x1bea, 0x1bed,
    0x1bee, 0x1bef, 0x1bf2, 0x1bf4, 0x1c24, 0x1c2c, 0x1c34, 0x1c36, 0x1ce1, 0x1ce2, 0x1cf7, 0x1cf8,
    0x302e, 0x3030, 0xa823, 0xa825, 0xa827, 0xa828, 0xa880, 0xa882, 0xa8b4, 0xa8c4, 0xa952, 0xa954,
    0xa983, 0xa984, 0xa9b4, 0xa9b6, 0xa9ba, 0xa9bc, 0xa9be, 0xa9c1, 0xaa2f, 0xaa31, 0xaa33, 0xaa35,
    0xaa4d, 0xaa4e, 0xaa7b, 0xaa7c, 0xaa7d, 0xaa7e, 0xaaeb, 0xaaec, 0xaaee, 0xaaf0, 0xaaf5, 0xaaf6,
    0xabe3, 0xabe5, 0xabe6, 0xabe8, 0xabe9, 0xabeb, 0xabec, 0xabed, 0x11000, 0x11001, 0x11002, 0x11003,
    0x11082, 0x11083, 0x110b0, 0x110b3, 0x110b7, 0x110b9, 0x1112c, 0x1112d, 0x11145, 0x11147, 0x11182, 0x11183,
    0x111b3, 0x111b6, 0x111bf, 0x111c1, 0x111ce, 0x111cf, 0x1122c, 0x1122f, 0x11232, 0x11234, 0x11235, 0x11236,
    0x112e0, 0x112e3, 0x11302, 0x11304, 0x1133e, 0x11340, 0x11341, 0x11345, 0x11347, 0x11349, 0x1134b, 0x1134e,
    0x11357, 0x11358, 0x11362, 0x11364, 0x113b8, 0x113bb, 0x113c2, 0x113c3, 0x113c5, 0x113c6, 0x113c7, 0x113cb,
    0x113cc, 0x113ce, 0x113cf, 0x113d0, 0x11435, 0x11438, 0x11440, 0x11442, 0x11445, 0x11446, 0x114b0, 0x114b3,
    0x114b9, 0x114ba, 0x114bb, 0x114bf, 0x114c1, 0x114c2, 0x115af, 0x115b2, 0x115b8, 0x115bc, 0x115be, 0x115bf,
    0x11630, 0x11633, 0x1163b, 0x1163d, 0x1163e, 0x1163f, 0x116ac, 0x116ad, 0x116ae, 0x116b0, 0x116b6, 0x116b7,
    0x1171e, 0x1171f, 0x11720, 0x11722, 0x11726, 0x11727, 0x1182c, 0x1182f, 0x11838, 0x11839, 0x11930, 0x11936,
    0x11937, 0x11939, 0x1193d, 0x1193e, 0x11940, 0x11941, 0x11942, 0x11943, 0x119d1, 0x119d4, 0x119dc, 0x119e0,
    0x119e4, 0x119e5, 0x11a39, 0x11a3a, 0x11a57, 0x11a59, 0x11a97, 0x11a98, 0x11b61, 0x11b62, 0x11b65, 0x11b66,
    0x11b67, 0x11b68, 0x11c2f, 0x11c30, 0x11c3e, 0x11c3f, 0x11ca9, 0x11caa, 0x11cb1, 0x11cb2, 0x11cb4, 0x11cb5,
    0x11d8a, 0x11d8f, 0x11d93, 0x11d95, 0x11d96, 0x11d97, 0x11ef5, 0x11ef7, 0x11f03, 0x11f04, 0x11f34, 0x11f36,
    0x11f3e, 0x11f40, 0x11f41, 0x11f42, 0x1612a, 0x1612d, 0x16f51, 0x16f88, 0x16ff0, 0x16ff2, 0x1d165, 0x1d167,
    0x1d16d, 0x1d173,
];

static GENERAL_CATEGORY_SURROGATE: &[i32] = &[
    0xd800, 0xdc00, 0xdc00, 0xe000,
];

static GENERAL_CATEGORY_SYMBOL: &[i32] = &[
    0x24, 0x25, 0x2b, 0x2c, 0x3c, 0x3f, 0x5e, 0x5f, 0x60, 0x61, 0x7c, 0x7d,
    0x7e, 0x7f, 0xa2, 0xa7, 0xa8, 0xaa, 0xac, 0xad, 0xae, 0xb2, 0xb4, 0xb5,
    0xb8, 0xb9, 0xd7, 0xd8, 0xf7, 0xf8, 0x2c2, 0x2c6, 0x2d2, 0x2e0, 0x2e5, 0x2ec,
    0x2ed, 0x2ee, 0x2ef, 0x300, 0x375, 0x376, 0x384, 0x386, 0x3f6, 0x3f7, 0x482, 0x483,
    0x58d, 0x590, 0x606, 0x609, 0x60b, 0x60c, 0x60e, 0x610, 0x6de, 0x6df, 0x6e9, 0x6ea,
    0x6fd, 0x6ff, 0x7f6, 0x7f7, 0x7fe, 0x800, 0x888, 0x889, 0x9f2, 0x9f4, 0x9fa, 0x9fc,
    0xaf1, 0xaf2, 0xb70, 0xb71, 0xbf3, 0xbfb, 0xc7f, 0xc80, 0xd4f, 0xd50, 0xd79, 0xd7a,
    0xe3f, 0xe40, 0xf01, 0xf04, 0xf13, 0xf14, 0xf15, 0xf18, 0xf1a, 0xf20, 0xf34, 0xf35,
    0xf36, 0xf37, 0xf38, 0xf39, 0xfbe, 0xfc6, 0xfc7, 0xfcd, 0xfce, 0xfd0, 0xfd5, 0xfd9,
    0x109e, 0x10a0, 0x1390, 0x139a, 0x166d, 0x166e, 0x17db, 0x17dc, 0x1940, 0x1941, 0x19de, 0x1a00,
    0x1b61, 0x1b6b, 0x1b74, 0x1b7d, 0x1fbd, 0x1fbe, 0x1fbf, 0x1fc2, 0x1fcd, 0x1fd0, 0x1fdd, 0x1fe0,
    0x1fed, 0x1ff0, 0x1ffd, 0x1fff, 0x2044, 0x2045, 0x2052, 0x2053, 0x207a, 0x207d, 0x208a, 0x208d,
    0x20a0, 0x20c2, 0x2100, 0x2102, 0x2103, 0x2107, 0x2108, 0x210a, 0x2114, 0x2115, 0x2116, 0x2119,
    0x211e, 0x2124, 0x2125, 0x2126, 0x2127, 0x2128, 0x2129, 0x212a, 0x212e, 0x212f, 0x213a, 0x213c,
    0x2140, 0x2145, 0x214a, 0x214e, 0x214f, 0x2150, 0x218a, 0x218c, 0x2190, 0x2308, 0x230c, 0x2329,
    0x232b, 0x242a, 0x2440, 0x244b, 0x249c, 0x24ea, 0x2500, 0x2768, 0x2794, 0x27c5, 0x27c7, 0x27e6,
    0x27f0, 0x2983, 0x2999, 0x29d8, 0x29dc, 0x29fc, 0x29fe, 0x2b74, 0x2b76, 0x2c00, 0x2ce5, 0x2ceb,
    0x2e50, 0x2e52, 0x2e80, 0x2e9a, 0x2e9b, 0x2ef4, 0x2f00, 0x2fd6, 0x2ff0, 0x3000, 0x3004, 0x3005,
    0x3012, 0x3014, 0x3020, 0x3021, 0x3036, 0x3038, 0x303e, 0x3040, 0x309b, 0x309d, 0x3190, 0x3192,
    0x3196, 0x31a0, 0x31c0, 0x31e6, 0x31ef, 0x31f0, 0x3200, 0x321f, 0x322a, 0x3248, 0x3250, 0x3251,
    0x3260, 0x3280, 0x328a, 0x32b1, 0x32c0, 0x3400, 0x4dc0, 0x4e00, 0xa490, 0xa4c7, 0xa700, 0xa717,
    0xa720, 0xa722, 0xa789, 0xa78b, 0xa828, 0xa82c, 0xa836, 0xa83a, 0xaa77, 0xaa7a, 0xab5b, 0xab5c,
    0xab6a, 0xab6c, 0xfb29, 0xfb2a, 0xfbb2, 0xfbd3, 0xfd40, 0xfd50, 0xfd90, 0xfd92, 0xfdc8, 0xfdd0,
    0xfdfc, 0xfe00, 0xfe62, 0xfe63, 0xfe64, 0xfe67, 0xfe69, 0xfe6a, 0xff04, 0xff05, 0xff0b, 0xff0c,
    0xff1c, 0xff1f, 0xff3e, 0xff3f, 0xff40, 0xff41, 0xff5c, 0xff5d, 0xff5e, 0xff5f, 0xffe0, 0xffe7,
    0xffe8, 0xffef, 0xfffc, 0xfffe, 0x10137, 0x10140, 0x10179, 0x1018a, 0x1018c, 0x1018f, 0x10190, 0x1019d,
    0x101a0, 0x101a1, 0x101d0, 0x101fd, 0x10877, 0x10879, 0x10ac8, 0x10ac9, 0x10d8e, 0x10d90, 0x10ed1, 0x10ed9,
    0x1173f, 0x11740, 0x11fd5, 0x11ff2, 0x16b3c, 0x16b40, 0x16b45, 0x16b46, 0x1bc9c, 0x1bc9d, 0x1cc00, 0x1ccf0,
    0x1ccfa, 0x1ccfd, 0x1cd00, 0x1ceb4, 0x1ceba, 0x1ced1, 0x1cee0, 0x1cef1, 0x1cf50, 0x1cfc4, 0x1d000, 0x1d0f6,
    0x1d100, 0x1d127, 0x1d129, 0x1d165, 0x1d16a, 0x1d16d, 0x1d183, 0x1d185, 0x1d18c, 0x1d1aa, 0x1d1ae, 0x1d1eb,
    0x1d200, 0x1d242, 0x1d245, 0x1d246, 0x1d300, 0x1d357, 0x1d6c1, 0x1d6c2, 0x1d6db, 0x1d6dc, 0x1d6fb, 0x1d6fc,
    0x1d715, 0x1d716, 0x1d735, 0x1d736, 0x1d74f, 0x1d750, 0x1d76f, 0x1d770, 0x1d789, 0x1d78a, 0x1d7a9, 0x1d7aa,
    0x1d7c3, 0x1d7c4, 0x1d800, 0x1da00, 0x1da37, 0x1da3b, 0x1da6d, 0x1da75, 0x1da76, 0x1da84, 0x1da85, 0x1da87,
    0x1e14f, 0x1e150, 0x1e2ff, 0x1e300, 0x1ecac, 0x1ecad, 0x1ecb0, 0x1ecb1, 0x1ed2e, 0x1ed2f, 0x1eef0, 0x1eef2,
    0x1f000, 0x1f02c, 0x1f030, 0x1f094, 0x1f0a0, 0x1f0af, 0x1f0b1, 0x1f0c0, 0x1f0c1, 0x1f0d0, 0x1f0d1, 0x1f0f6,
    0x1f10d, 0x1f1ae, 0x1f1e6, 0x1f203, 0x1f210, 0x1f23c, 0x1f240, 0x1f249, 0x1f250, 0x1f252, 0x1f260, 0x1f266,
    0x1f300, 0x1f6d9, 0x1f6dc, 0x1f6ed, 0x1f6f0, 0x1f6fd, 0x1f700, 0x1f7da, 0x1f7e0, 0x1f7ec, 0x1f7f0, 0x1f7f1,
    0x1f800, 0x1f80c, 0x1f810, 0x1f848, 0x1f850, 0x1f85a, 0x1f860, 0x1f888, 0x1f890, 0x1f8ae, 0x1f8b0, 0x1f8bc,
    0x1f8c0, 0x1f8c2, 0x1f8d0, 0x1f8d9, 0x1f900, 0x1fa58, 0x1fa60, 0x1fa6e, 0x1fa70, 0x1fa7d, 0x1fa80, 0x1fa8b,
    0x1fa8e, 0x1fac7, 0x1fac8, 0x1fac9, 0x1facd, 0x1fadd, 0x1fadf, 0x1faeb, 0x1faef, 0x1faf9, 0x1fb00, 0x1fb93,
    0x1fb94, 0x1fbf0, 0x1fbfa, 0x1fbfb,
];

static GENERAL_CATEGORY_TITLECASE_LETTER: &[i32] = &[
    0x1c5, 0x1c6, 0x1c8, 0x1c9, 0x1cb, 0x1cc, 0x1f2, 0x1f3, 0x1f88, 0x1f90, 0x1f98, 0x1fa0,
    0x1fa8, 0x1fb0, 0x1fbc, 0x1fbd, 0x1fcc, 0x1fcd, 0x1ffc, 0x1ffd,
];

static GENERAL_CATEGORY_UNASSIGNED: &[i32] = &[
    0x378, 0x37a, 0x380, 0x384, 0x38b, 0x38c, 0x38d, 0x38e, 0x3a2, 0x3a3, 0x530, 0x531,
    0x557, 0x559, 0x58b, 0x58d, 0x590, 0x591, 0x5c8, 0x5d0, 0x5eb, 0x5ef, 0x5f5, 0x600,
    0x70e, 0x70f, 0x74b, 0x74d, 0x7b2, 0x7c0, 0x7fb, 0x7fd, 0x82e, 0x830, 0x83f, 0x840,
    0x85c, 0x85e, 0x85f, 0x860, 0x86b, 0x870, 0x892, 0x897, 0x984, 0x985, 0x98d, 0x98f,
    0x991, 0x993, 0x9a9, 0x9aa, 0x9b1, 0x9b2, 0x9b3, 0x9b6, 0x9ba, 0x9bc, 0x9c5, 0x9c7,
    0x9c9, 0x9cb, 0x9cf, 0x9d7, 0x9d8, 0x9dc, 0x9de, 0x9df, 0x9e4, 0x9e6, 0x9ff, 0xa01,
    0xa04, 0xa05, 0xa0b, 0xa0f, 0xa11, 0xa13, 0xa29, 0xa2a, 0xa31, 0xa32, 0xa34, 0xa35,
    0xa37, 0xa38, 0xa3a, 0xa3c, 0xa3d, 0xa3e, 0xa43, 0xa47, 0xa49, 0xa4b, 0xa4e, 0xa51,
    0xa52, 0xa59, 0xa5d, 0xa5e, 0xa5f, 0xa66, 0xa77, 0xa81, 0xa84, 0xa85, 0xa8e, 0xa8f,
    0xa92, 0xa93, 0xaa9, 0xaaa, 0xab1, 0xab2, 0xab4, 0xab5, 0xaba, 0xabc, 0xac6, 0xac7,
    0xaca, 0xacb, 0xace, 0xad0, 0xad1, 0xae0, 0xae4, 0xae6, 0xaf2, 0xaf9, 0xb00, 0xb01,
    0xb04, 0xb05, 0xb0d, 0xb0f, 0xb11, 0xb13, 0xb29, 0xb2a, 0xb31, 0xb32, 0xb34, 0xb35,
    0xb3a, 0xb3c, 0xb45, 0xb47, 0xb49, 0xb4b, 0xb4e, 0xb55, 0xb58, 0xb5c, 0xb5e, 0xb5f,
    0xb64, 0xb66, 0xb78, 0xb82, 0xb84, 0xb85, 0xb8b, 0xb8e, 0xb91, 0xb92, 0xb96, 0xb99,
    0xb9b, 0xb9c, 0xb9d, 0xb9e, 0xba0, 0xba3, 0xba5, 0xba8, 0xbab, 0xbae, 0xbba, 0xbbe,
    0xbc3, 0xbc6, 0xbc9, 0xbca, 0xbce, 0xbd0, 0xbd1, 0xbd7, 0xbd8, 0xbe6, 0xbfb, 0xc00,
    0xc0d, 0xc0e, 0xc11, 0xc12, 0xc29, 0xc2a, 0xc3a, 0xc3c, 0xc45, 0xc46, 0xc49, 0xc4a,
    0xc4e, 0xc55, 0xc57, 0xc58, 0xc5b, 0xc5c, 0xc5e, 0xc60, 0xc64, 0xc66, 0xc70, 0xc77,
    0xc8d, 0xc8e, 0xc91, 0xc92, 0xca9, 0xcaa, 0xcb4, 0xcb5, 0xcba, 0xcbc, 0xcc5, 0xcc6,
    0xcc9, 0xcca, 0xcce, 0xcd5, 0xcd7, 0xcdc, 0xcdf, 0xce0, 0xce4, 0xce6, 0xcf0, 0xcf1,
    0xcf4, 0xd00, 0xd0d, 0xd0e, 0xd11, 0xd12, 0xd45, 0xd46, 0xd49, 0xd4a, 0xd50, 0xd54,
    0xd64, 0xd66, 0xd80, 0xd81, 0xd84, 0xd85, 0xd97, 0xd9a, 0xdb2, 0xdb3, 0xdbc, 0xdbd,
    0xdbe, 0xdc0, 0xdc7, 0xdca, 0xdcb, 0xdcf, 0xdd5, 0xdd6, 0xdd7, 0xdd8, 0xde0, 0xde6,
    0xdf0, 0xdf2, 0xdf5, 0xe01, 0xe3b, 0xe3f, 0xe5c, 0xe81, 0xe83, 0xe84, 0xe85, 0xe86,
    0xe8b, 0xe8c, 0xea4, 0xea5, 0xea6, 0xea7, 0xebe, 0xec0, 0xec5, 0xec6, 0xec7, 0xec8,
    0xecf, 0xed0, 0xeda, 0xedc, 0xee0, 0xf00, 0xf48, 0xf49, 0xf6d, 0xf71, 0xf98, 0xf99,
    0xfbd, 0xfbe, 0xfcd, 0xfce, 0xfdb, 0x1000, 0x10c6, 0x10c7, 0x10c8, 0x10cd, 0x10ce, 0x10d0,
    0x1249, 0x124a, 0x124e, 0x1250, 0x1257, 0x1258, 0x1259, 0x125a, 0x125e, 0x1260, 0x1289, 0x128a,
    0x128e, 0x1290, 0x12b1, 0x12b2, 0x12b6, 0x12b8, 0x12bf, 0x12c0, 0x12c1, 0x12c2, 0x12c6, 0x12c8,
    0x12d7, 0x12d8, 0x1311, 0x1312, 0x1316, 0x1318, 0x135b, 0x135d, 0x137d, 0x1380, 0x139a, 0x13a0,
    0x13f6, 0x13f8, 0x13fe, 0x1400, 0x169d, 0x16a0, 0x16f9, 0x1700, 0x1716, 0x171f, 0x1737, 0x1740,
    0x1754, 0x1760, 0x176d, 0x176e, 0x1771, 0x1772, 0x1774, 0x1780, 0x17de, 0x17e0, 0x17ea, 0x17f0,
    0x17fa, 0x1800, 0x181a, 0x1820, 0x1879, 0x1880, 0x18ab, 0x18b0, 0x18f6, 0x1900, 0x191f, 0x1920,
    0x192c, 0x1930, 0x193c, 0x1940, 0x1941, 0x1944, 0x196e, 0x1970, 0x1975, 0x1980, 0x19ac, 0x19b0,
    0x19ca, 0x19d0, 0x19db, 0x19de, 0x1a1c, 0x1a1e, 0x1a5f, 0x1a60, 0x1a7d, 0x1a7f, 0x1a8a, 0x1a90,
    0x1a9a, 0x1aa0, 0x1aae, 0x1ab0, 0x1ade, 0x1ae0, 0x1aec, 0x1b00, 0x1b4d, 0x1b4e, 0x1bf4, 0x1bfc,
    0x1c38, 0x1c3b, 0x1c4a, 0x1c4d, 0x1c8b, 0x1c90, 0x1cbb, 0x1cbd, 0x1cc8, 0x1cd0, 0x1cfb, 0x1d00,
    0x1f16, 0x1f18, 0x1f1e, 0x1f20, 0x1f46, 0x1f48, 0x1f4e, 0x1f50, 0x1f58, 0x1f59, 0x1f5a, 0x1f5b,
    0x1f5c, 0x1f5d, 0x1f5e, 0x1f5f, 0x1f7e, 0x1f80, 0x1fb5, 0x1fb6, 0x1fc5, 0x1fc6, 0x1fd4, 0x1fd6,
    0x1fdc, 0x1fdd, 0x1ff0, 0x1ff2, 0x1ff5, 0x1ff6, 0x1fff, 0x2000, 0x2065, 0x2066, 0x2072, 0x2074,
    0x208f, 0x2090, 0x209d, 0x20a0, 0x20c2, 0x20d0, 0x20f1, 0x2100, 0x218c, 0x2190, 0x242a, 0x2440,
    0x244b, 0x2460, 0x2b74, 0x2b76, 0x2cf4, 0x2cf9, 0x2d26, 0x2d27, 0x2d28, 0x2d2d, 0x2d2e, 0x2d30,
    0x2d68, 0x2d6f, 0x2d71, 0x2d7f, 0x2d97, 0x2da0, 0x2da7, 0x2da8, 0x2daf, 0x2db0, 0x2db7, 0x2db8,
    0x2dbf, 0x2dc0, 0x2dc7, 0x2dc8, 0x2dcf, 0x2dd0, 0x2dd7, 0x2dd8, 0x2ddf, 0x2de0, 0x2e5e, 0x2e80,
    0x2e9a, 0x2e9b, 0x2ef4, 0x2f00, 0x2fd6, 0x2ff0, 0x3040, 0x3041, 0x3097, 0x3099, 0x3100, 0x3105,
    0x3130, 0x3131, 0x318f, 0x3190, 0x31e6, 0x31ef, 0x321f, 0x3220, 0xa48d, 0xa490, 0xa4c7, 0xa4d0,
    0xa62c, 0xa640, 0xa6f8, 0xa700, 0xa7dd, 0xa7f1, 0xa82d, 0xa830, 0xa83a, 0xa840, 0xa878, 0xa880,
    0xa8c6, 0xa8ce, 0xa8da, 0xa8e0, 0xa954, 0xa95f, 0xa97d, 0xa980, 0xa9ce, 0xa9cf, 0xa9da, 0xa9de,
    0xa9ff, 0xaa00, 0xaa37, 0xaa40, 0xaa4e, 0xaa50, 0xaa5a, 0xaa5c, 0xaac3, 0xaadb, 0xaaf7, 0xab01,
    0xab07, 0xab09, 0xab0f, 0xab11, 0xab17, 0xab20, 0xab27, 0xab28, 0xab2f, 0xab30, 0xab6c, 0xab70,
    0xabee, 0xabf0, 0xabfa, 0xac00, 0xd7a4, 0xd7b0, 0xd7c7, 0xd7cb, 0xd7fc, 0xd800, 0xfa6e, 0xfa70,
    0xfada, 0xfb00, 0xfb07, 0xfb13, 0xfb18, 0xfb1d, 0xfb37, 0xfb38, 0xfb3d, 0xfb3e, 0xfb3f, 0xfb40,
    0xfb42, 0xfb43, 0xfb45, 0xfb46, 0xfdd0, 0xfdf0, 0xfe1a, 0xfe20, 0xfe53, 0xfe54, 0xfe67, 0xfe68,
    0xfe6c, 0xfe70, 0xfe75, 0xfe76, 0xfefd, 0xfeff, 0xff00, 0xff01, 0xffbf, 0xffc2, 0xffc8, 0xffca,
    0xffd0, 0xffd2, 0xffd8, 0xffda, 0xffdd, 0xffe0, 0xffe7, 0xffe8, 0xffef, 0xfff9, 0xfffe, 0x10000,
    0x1000c, 0x1000d, 0x10027, 0x10028, 0x1003b, 0x1003c, 0x1003e, 0x1003f, 0x1004e, 0x10050, 0x1005e, 0x10080,
    0x100fb, 0x10100, 0x10103, 0x10107, 0x10134, 0x10137, 0x1018f, 0x10190, 0x1019d, 0x101a0, 0x101a1, 0x101d0,
    0x101fe, 0x10280, 0x1029d, 0x102a0, 0x102d1, 0x102e0, 0x102fc, 0x10300, 0x10324, 0x1032d, 0x1034b, 0x10350,
    0x1037b, 0x10380, 0x1039e, 0x1039f, 0x103c4, 0x103c8, 0x103d6, 0x10400, 0x1049e, 0x104a0, 0x104aa, 0x104b0,
    0x104d4, 0x104d8, 0x104fc, 0x10500, 0x10528, 0x10530, 0x10564, 0x1056f, 0x1057b, 0x1057c, 0x1058b, 0x1058c,
    0x10593, 0x10594, 0x10596, 0x10597, 0x105a2, 0x105a3, 0x105b2, 0x105b3, 0x105ba, 0x105bb, 0x105bd, 0x105c0,
    0x105f4, 0x10600, 0x10737, 0x10740, 0x10756, 0x10760, 0x10768, 0x10780, 0x10786, 0x10787, 0x107b1, 0x107b2,
    0x107bb, 0x10800, 0x10806, 0x10808, 0x10809, 0x1080a, 0x10836, 0x10837, 0x10839, 0x1083c, 0x1083d, 0x1083f,
    0x10856, 0x10857, 0x1089f, 0x108a7, 0x108b0, 0x108e0, 0x108f3, 0x108f4, 0x108f6, 0x108fb, 0x1091c, 0x1091f,
    0x1093a, 0x1093f, 0x1095a, 0x10980, 0x109b8, 0x109bc, 0x109d0, 0x109d2, 0x10a04, 0x10a05, 0x10a07, 0x10a0c,
    0x10a14, 0x10a15, 0x10a18, 0x10a19, 0x10a36, 0x10a38, 0x10a3b, 0x10a3f, 0x10a49, 0x10a50, 0x10a59, 0x10a60,
    0x10aa0, 0x10ac0, 0x10ae7, 0x10aeb, 0x10af7, 0x10b00, 0x10b36, 0x10b39, 0x10b56, 0x10b58, 0x10b73, 0x10b78,
    0x10b92, 0x10b99, 0x10b9d, 0x10ba9, 0x10bb0, 0x10c00, 0x10c49, 0x10c80, 0x10cb3, 0x10cc0, 0x10cf3, 0x10cfa,
    0x10d28, 0x10d30, 0x10d3a, 0x10d40, 0x10d66, 0x10d69, 0x10d86, 0x10d8e, 0x10d90, 0x10e60, 0x10e7f, 0x10e80,
    0x10eaa, 0x10eab, 0x10eae, 0x10eb0, 0x10eb2, 0x10ec2, 0x10ec8, 0x10ed0, 0x10ed9, 0x10efa, 0x10f28, 0x10f30,
    0x10f5a, 0x10f70, 0x10f8a, 0x10fb0, 0x10fcc, 0x10fe0, 0x10ff7, 0x11000, 0x1104e, 0x11052, 0x11076, 0x1107f,
    0x110c3, 0x110cd, 0x110ce, 0x110d0, 0x110e9, 0x110f0, 0x110fa, 0x11100, 0x11135, 0x11136, 0x11148, 0x11150,
    0x11177, 0x11180, 0x111e0, 0x111e1, 0x111f5, 0x11200, 0x11212, 0x11213, 0x11242, 0x11280, 0x11287, 0x11288,
    0x11289, 0x1128a, 0x1128e, 0x1128f, 0x1129e, 0x1129f, 0x112aa, 0x112b0, 0x112eb, 0x112f0, 0x112fa, 0x11300,
    0x11304, 0x11305, 0x1130d, 0x1130f, 0x11311, 0x11313, 0x11329, 0x1132a, 0x11331, 0x11332, 0x11334, 0x11335,
    0x1133a, 0x1133b, 0x11345, 0x11347, 0x11349, 0x1134b, 0x1134e, 0x11350, 0x11351, 0x11357, 0x11358, 0x1135d,
    0x11364, 0x11366, 0x1136d, 0x11370, 0x11375, 0x11380, 0x1138a, 0x1138b, 0x1138c, 0x1138e, 0x1138f, 0x11390,
    0x113b6, 0x113b7, 0x113c1, 0x113c2, 0x113c3, 0x113c5, 0x113c6, 0x113c7, 0x113cb, 0x113cc, 0x113d6, 0x113d7,
    0x113d9, 0x113e1, 0x113e3, 0x11400, 0x1145c, 0x1145d, 0x11462, 0x11480, 0x114c8, 0x114d0, 0x114da, 0x11580,
    0x115b6, 0x115b8, 0x115de, 0x11600, 0x11645, 0x11650, 0x1165a, 0x11660, 0x1166d, 0x11680, 0x116ba, 0x116c0,
    0x116ca, 0x116d0, 0x116e4, 0x11700, 0x1171b, 0x1171d, 0x1172c, 0x11730, 0x11747, 0x11800, 0x1183c, 0x118a0,
    0x118f3, 0x118ff, 0x11907, 0x11909, 0x1190a, 0x1190c, 0x11914, 0x11915, 0x11917, 0x11918, 0x11936, 0x11937,
    0x11939, 0x1193b, 0x11947, 0x11950, 0x1195a, 0x119a0, 0x119a8, 0x119aa, 0x119d8, 0x119da, 0x119e5, 0x11a00,
    0x11a48, 0x11a50, 0x11aa3, 0x11ab0, 0x11af9, 0x11b00, 0x11b0a, 0x11b60, 0x11b68, 0x11bc0, 0x11be2, 0x11bf0,
    0x11bfa, 0x11c00, 0x11c09, 0x11c0a, 0x11c37, 0x11c38, 0x11c46, 0x11c50, 0x11c6d, 0x11c70, 0x11c90, 0x11c92,
    0x11ca8, 0x11ca9, 0x11cb7, 0x11d00, 0x11d07, 0x11d08, 0x11d0a, 0x11d0b, 0x11d37, 0x11d3a, 0x11d3b, 0x11d3c,
    0x11d3e, 0x11d3f, 0x11d48, 0x11d50, 0x11d5a, 0x11d60, 0x11d66, 0x11d67, 0x11d69, 0x11d6a, 0x11d8f, 0x11d90,
    0x11d92, 0x11d93, 0x11d99, 0x11da0, 0x11daa, 0x11db0, 0x11ddc, 0x11de0, 0x11dea, 0x11ee0, 0x11ef9, 0x11f00,
    0x11f11, 0x11f12, 0x11f3b, 0x11f3e, 0x11f5b, 0x11fb0, 0x11fb1, 0x11fc0, 0x11ff2, 0x11fff, 0x1239a, 0x12400,
    0x1246f, 0x12470, 0x12475, 0x12480, 0x12544, 0x12f90, 0x12ff3, 0x13000, 0x13456, 0x13460, 0x143fb, 0x14400,
    0x14647, 0x16100, 0x1613a, 0x16800, 0x16a39, 0x16a40, 0x16a5f, 0x16a60, 0x16a6a, 0x16a6e, 0x16abf, 0x16ac0,
    0x16aca, 0x16ad0, 0x16aee, 0x16af0, 0x16af6, 0x16b00, 0x16b46, 0x16b50, 0x16b5a, 0x16b5b, 0x16b62, 0x16b63,
    0x16b78, 0x16b7d, 0x16b90, 0x16d40, 0x16d7a, 0x16e40, 0x16e9b, 0x16ea0, 0x16eb9, 0x16ebb, 0x16ed4, 0x16f00,
    0x16f4b, 0x16f4f, 0x16f88, 0x16f8f, 0x16fa0, 0x16fe0, 0x16fe5, 0x16ff0, 0x16ff7, 0x17000, 0x18cd6, 0x18cff,
    0x18d1f, 0x18d80, 0x18df3, 0x1aff0, 0x1aff4, 0x1aff5, 0x1affc, 0x1affd, 0x1afff, 0x1b000, 0x1b123, 0x1b132,
    0x1b133, 0x1b150, 0x1b153, 0x1b155, 0x1b156, 0x1b164, 0x1b168, 0x1b170, 0x1b2fc, 0x1bc00, 0x1bc6b, 0x1bc70,
    0x1bc7d, 0x1bc80, 0x1bc89, 0x1bc90, 0x1bc9a, 0x1bc9c, 0x1bca4, 0x1cc00, 0x1ccfd, 0x1cd00, 0x1ceb4, 0x1ceba,
    0x1ced1, 0x1cee0, 0x1cef1, 0x1cf00, 0x1cf2e, 0x1cf30, 0x1cf47, 0x1cf50, 0x1cfc4, 0x1d000, 0x1d0f6, 0x1d100,
    0x1d127, 0x1d129, 0x1d1eb, 0x1d200, 0x1d246, 0x1d2c0, 0x1d2d4, 0x1d2e0, 0x1d2f4, 0x1d300, 0x1d357, 0x1d360,
    0x1d379, 0x1d400, 0x1d455, 0x1d456, 0x1d49d, 0x1d49e, 0x1d4a0, 0x1d4a2, 0x1d4a3, 0x1d4a5, 0x1d4a7, 0x1d4a9,
    0x1d4ad, 0x1d4ae, 0x1d4ba, 0x1d4bb, 0x1d4bc, 0x1d4bd, 0x1d4c4, 0x1d4c5, 0x1d506, 0x1d507, 0x1d50b, 0x1d50d,
    0x1d515, 0x1d516, 0x1d51d, 0x1d51e, 0x1d53a, 0x1d53b, 0x1d53f, 0x1d540, 0x1d545, 0x1d546, 0x1d547, 0x1d54a,
    0x1d551, 0x1d552, 0x1d6a6, 0x1d6a8, 0x1d7cc, 0x1d7ce, 0x1da8c, 0x1da9b, 0x1daa0, 0x1daa1, 0x1dab0, 0x1df00,
    0x1df1f, 0x1df25, 0x1df2b, 0x1e000, 0x1e007, 0x1e008, 0x1e019, 0x1e01b, 0x1e022, 0x1e023, 0x1e025, 0x1e026,
    0x1e02b, 0x1e030, 0x1e06e, 0x1e08f, 0x1e090, 0x1e100, 0x1e12d, 0x1e130, 0x1e13e, 0x1e140, 0x1e14a, 0x1e14e,
    0x1e150, 0x1e290, 0x1e2af, 0x1e2c0, 0x1e2fa, 0x1e2ff, 0x1e300, 0x1e4d0, 0x1e4fa, 0x1e5d0, 0x1e5fb, 0x1e5ff,
    0x1e600, 0x1e6c0, 0x1e6df, 0x1e6e0, 0x1e6f6, 0x1e6fe, 0x1e700, 0x1e7e0, 0x1e7e7, 0x1e7e8, 0x1e7ec, 0x1e7ed,
    0x1e7ef, 0x1e7f0, 0x1e7ff, 0x1e800, 0x1e8c5, 0x1e8c7, 0x1e8d7, 0x1e900, 0x1e94c, 0x1e950, 0x1e95a, 0x1e95e,
    0x1e960, 0x1ec71, 0x1ecb5, 0x1ed01, 0x1ed3e, 0x1ee00, 0x1ee04, 0x1ee05, 0x1ee20, 0x1ee21, 0x1ee23, 0x1ee24,
    0x1ee25, 0x1ee27, 0x1ee28, 0x1ee29, 0x1ee33, 0x1ee34, 0x1ee38, 0x1ee39, 0x1ee3a, 0x1ee3b, 0x1ee3c, 0x1ee42,
    0x1ee43, 0x1ee47, 0x1ee48, 0x1ee49, 0x1ee4a, 0x1ee4b, 0x1ee4c, 0x1ee4d, 0x1ee50, 0x1ee51, 0x1ee53, 0x1ee54,
    0x1ee55, 0x1ee57, 0x1ee58, 0x1ee59, 0x1ee5a, 0x1ee5b, 0x1ee5c, 0x1ee5d, 0x1ee5e, 0x1ee5f, 0x1ee60, 0x1ee61,
    0x1ee63, 0x1ee64, 0x1ee65, 0x1ee67, 0x1ee6b, 0x1ee6c, 0x1ee73, 0x1ee74, 0x1ee78, 0x1ee79, 0x1ee7d, 0x1ee7e,
    0x1ee7f, 0x1ee80, 0x1ee8a, 0x1ee8b, 0x1ee9c, 0x1eea1, 0x1eea4, 0x1eea5, 0x1eeaa, 0x1eeab, 0x1eebc, 0x1eef0,
    0x1eef2, 0x1f000, 0x1f02c, 0x1f030, 0x1f094, 0x1f0a0, 0x1f0af, 0x1f0b1, 0x1f0c0, 0x1f0c1, 0x1f0d0, 0x1f0d1,
    0x1f0f6, 0x1f100, 0x1f1ae, 0x1f1e6, 0x1f203, 0x1f210, 0x1f23c, 0x1f240, 0x1f249, 0x1f250, 0x1f252, 0x1f260,
    0x1f266, 0x1f300, 0x1f6d9, 0x1f6dc, 0x1f6ed, 0x1f6f0, 0x1f6fd, 0x1f700, 0x1f7da, 0x1f7e0, 0x1f7ec, 0x1f7f0,
    0x1f7f1, 0x1f800, 0x1f80c, 0x1f810, 0x1f848, 0x1f850, 0x1f85a, 0x1f860, 0x1f888, 0x1f890, 0x1f8ae, 0x1f8b0,
    0x1f8bc, 0x1f8c0, 0x1f8c2, 0x1f8d0, 0x1f8d9, 0x1f900, 0x1fa58, 0x1fa60, 0x1fa6e, 0x1fa70, 0x1fa7d, 0x1fa80,
    0x1fa8b, 0x1fa8e, 0x1fac7, 0x1fac8, 0x1fac9, 0x1facd, 0x1fadd, 0x1fadf, 0x1faeb, 0x1faef, 0x1faf9, 0x1fb00,
    0x1fb93, 0x1fb94, 0x1fbfb, 0x20000, 0x2a6e0, 0x2a700, 0x2b81e, 0x2b820, 0x2ceae, 0x2ceb0, 0x2ebe1, 0x2ebf0,
    0x2ee5e, 0x2f800, 0x2fa1e, 0x30000, 0x3134b, 0x31350, 0x3347a, 0xe0001, 0xe0002, 0xe0020, 0xe0080, 0xe0100,
    0xe01f0, 0xf0000, 0xffffe, 0x100000, 0x10fffe, 0x110000,
];

static GENERAL_CATEGORY_UPPERCASE_LETTER: &[i32] = &[
    0x41, 0x5b, 0xc0, 0xd7, 0xd8, 0xdf, 0x100, 0x101, 0x102, 0x103, 0x104, 0x105,
    0x106, 0x107, 0x108, 0x109, 0x10a, 0x10b, 0x10c, 0x10d, 0x10e, 0x10f, 0x110, 0x111,
    0x112, 0x113, 0x114, 0x115, 0x116, 0x117, 0x118, 0x119, 0x11a, 0x11b, 0x11c, 0x11d,
    0x11e, 0x11f, 0x120, 0x121, 0x122, 0x123, 0x124, 0x125, 0x126, 0x127, 0x128, 0x129,
    0x12a, 0x12b, 0x12c, 0x12d, 0x12e, 0x12f, 0x130, 0x131, 0x132, 0x133, 0x134, 0x135,
    0x136, 0x137, 0x139, 0x13a, 0x13b, 0x13c, 0x13d, 0x13e, 0x13f, 0x140, 0x141, 0x142,
    0x143, 0x144, 0x145, 0x146, 0x147, 0x148, 0x14a, 0x14b, 0x14c, 0x14d, 0x14e, 0x14f,
    0x150, 0x151, 0x152, 0x153, 0x154, 0x155, 0x156, 0x157, 0x158, 0x159, 0x15a, 0x15b,
    0x15c, 0x15d, 0x15e, 0x15f, 0x160, 0x161, 0x162, 0x163, 0x164, 0x165, 0x166, 0x167,
    0x168, 0x169, 0x16a, 0x16b, 0x16c, 0x16d, 0x16e, 0x16f, 0x170, 0x171, 0x172, 0x173,
    0x174, 0x175, 0x176, 0x177, 0x178, 0x17a, 0x17b, 0x17c, 0x17d, 0x17e, 0x181, 0x183,
    0x184, 0x185, 0x186, 0x188, 0x189, 0x18c, 0x18e, 0x192, 0x193, 0x195, 0x196, 0x199,
    0x19c, 0x19e, 0x19f, 0x1a1, 0x1a2, 0x1a3, 0x1a4, 0x1a5, 0x1a6, 0x1a8, 0x1a9, 0x1aa,
    0x1ac, 0x1ad, 0x1ae, 0x1b0, 0x1b1, 0x1b4, 0x1b5, 0x1b6, 0x1b7, 0x1b9, 0x1bc, 0x1bd,
    0x1c4, 0x1c5, 0x1c7, 0x1c8, 0x1ca, 0x1cb, 0x1cd, 0x1ce, 0x1cf, 0x1d0, 0x1d1, 0x1d2,
    0x1d3, 0x1d4, 0x1d5, 0x1d6, 0x1d7, 0x1d8, 0x1d9, 0x1da, 0x1db, 0x1dc, 0x1de, 0x1df,
    0x1e0, 0x1e1, 0x1e2, 0x1e3, 0x1e4, 0x1e5, 0x1e6, 0x1e7, 0x1e8, 0x1e9, 0x1ea, 0x1eb,
    0x1ec, 0x1ed, 0x1ee, 0x1ef, 0x1f1, 0x1f2, 0x1f4, 0x1f5, 0x1f6, 0x1f9, 0x1fa, 0x1fb,
    0x1fc, 0x1fd, 0x1fe, 0x1ff, 0x200, 0x201, 0x202, 0x203, 0x204, 0x205, 0x206, 0x207,
    0x208, 0x209, 0x20a, 0x20b, 0x20c, 0x20d, 0x20e, 0x20f, 0x210, 0x211, 0x212, 0x213,
    0x214, 0x215, 0x216, 0x217, 0x218, 0x219, 0x21a, 0x21b, 0x21c, 0x21d, 0x21e, 0x21f,
    0x220, 0x221, 0x222, 0x223, 0x224, 0x225, 0x226, 0x227, 0x228, 0x229, 0x22a, 0x22b,
    0x22c, 0x22d, 0x22e, 0x22f, 0x230, 0x231, 0x232, 0x233, 0x23a, 0x23c, 0x23d, 0x23f,
    0x241, 0x242, 0x243, 0x247, 0x248, 0x249, 0x24a, 0x24b, 0x24c, 0x24d, 0x24e, 0x24f,
    0x370, 0x371, 0x372, 0x373, 0x376, 0x377, 0x37f, 0x380, 0x386, 0x387, 0x388, 0x38b,
    0x38c, 0x38d, 0x38e, 0x390, 0x391, 0x3a2, 0x3a3, 0x3ac, 0x3cf, 0x3d0, 0x3d2, 0x3d5,
    0x3d8, 0x3d9, 0x3da, 0x3db, 0x3dc, 0x3dd, 0x3de, 0x3df, 0x3e0, 0x3e1, 0x3e2, 0x3e3,
    0x3e4, 0x3e5, 0x3e6, 0x3e7, 0x3e8, 0x3e9, 0x3ea, 0x3eb, 0x3ec, 0x3ed, 0x3ee, 0x3ef,
    0x3f4, 0x3f5, 0x3f7, 0x3f8, 0x3f9, 0x3fb, 0x3fd, 0x430, 0x460, 0x461, 0x462, 0x463,
    0x464, 0x465, 0x466, 0x467, 0x468, 0x469, 0x46a, 0x46b, 0x46c, 0x46d, 0x46e, 0x46f,
    0x470, 0x471, 0x472, 0x473, 0x474, 0x475, 0x476, 0x477, 0x478, 0x479, 0x47a, 0x47b,
    0x47c, 0x47d, 0x47e, 0x47f, 0x480, 0x481, 0x48a, 0x48b, 0x48c, 0x48d, 0x48e, 0x48f,
    0x490, 0x491, 0x492, 0x493, 0x494, 0x495, 0x496, 0x497, 0x498, 0x499, 0x49a, 0x49b,
    0x49c, 0x49d, 0x49e, 0x49f, 0x4a0, 0x4a1, 0x4a2, 0x4a3, 0x4a4, 0x4a5, 0x4a6, 0x4a7,
    0x4a8, 0x4a9, 0x4aa, 0x4ab, 0x4ac, 0x4ad, 0x4ae, 0x4af, 0x4b0, 0x4b1, 0x4b2, 0x4b3,
    0x4b4, 0x4b5, 0x4b6, 0x4b7, 0x4b8, 0x4b9, 0x4ba, 0x4bb, 0x4bc, 0x4bd, 0x4be, 0x4bf,
    0x4c0, 0x4c2, 0x4c3, 0x4c4, 0x4c5, 0x4c6, 0x4c7, 0x4c8, 0x4c9, 0x4ca, 0x4cb, 0x4cc,
    0x4cd, 0x4ce, 0x4d0, 0x4d1, 0x4d2, 0x4d3, 0x4d4, 0x4d5, 0x4d6, 0x4d7, 0x4d8, 0x4d9,
    0x4da, 0x4db, 0x4dc, 0x4dd, 0x4de, 0x4df, 0x4e0, 0x4e1, 0x4e2, 0x4e3, 0x4e4, 0x4e5,
    0x4e6, 0x4e7, 0x4e8, 0x4e9, 0x4ea, 0x4eb, 0x4ec, 0x4ed, 0x4ee, 0x4ef, 0x4f0, 0x4f1,
    0x4f2, 0x4f3, 0x4f4, 0x4f5, 0x4f6, 0x4f7, 0x4f8, 0x4f9, 0x4fa, 0x4fb, 0x4fc, 0x4fd,
    0x4fe, 0x4ff, 0x500, 0x501, 0x502, 0x503, 0x504, 0x505, 0x506, 0x507, 0x508, 0x509,
    0x50a, 0x50b, 0x50c, 0x50d, 0x50e, 0x50f, 0x510, 0x511, 0x512, 0x513, 0x514, 0x515,
    0x516, 0x517, 0x518, 0x519, 0x51a, 0x51b, 0x51c, 0x51d, 0x51e, 0x51f, 0x520, 0x521,
    0x522, 0x523, 0x524, 0x525, 0x526, 0x527, 0x528, 0x529, 0x52a, 0x52b, 0x52c, 0x52d,
    0x52e, 0x52f, 0x531, 0x557, 0x10a0, 0x10c6, 0x10c7, 0x10c8, 0x10cd, 0x10ce, 0x13a0, 0x13f6,
    0x1c89, 0x1c8a, 0x1c90, 0x1cbb, 0x1cbd, 0x1cc0, 0x1e00, 0x1e01, 0x1e02, 0x1e03, 0x1e04, 0x1e05,
    0x1e06, 0x1e07, 0x1e08, 0x1e09, 0x1e0a, 0x1e0b, 0x1e0c, 0x1e0d, 0x1e0e, 0x1e0f, 0x1e10, 0x1e11,
    0x1e12, 0x1e13, 0x1e14, 0x1e15, 0x1e16, 0x1e17, 0x1e18, 0x1e19, 0x1e1a, 0x1e1b, 0x1e1c, 0x1e1d,
    0x1e1e, 0x1e1f, 0x1e20, 0x1e21, 0x1e22, 0x1e23, 0x1e24, 0x1e25, 0x1e26, 0x1e27, 0x1e28, 0x1e29,
    0x1e2a, 0x1e2b, 0x1e2c, 0x1e2d, 0x1e2e, 0x1e2f, 0x1e30, 0x1e31, 0x1e32, 0x1e33, 0x1e34, 0x1e35,
    0x1e36, 0x1e37, 0x1e38, 0x1e39, 0x1e3a, 0x1e3b, 0x1e3c, 0x1e3d, 0x1e3e, 0x1e3f, 0x1e40, 0x1e41,
    0x1e42, 0x1e43, 0x1e44, 0x1e45, 0x1e46, 0x1e47, 0x1e48, 0x1e49, 0x1e4a, 0x1e4b, 0x1e4c, 0x1e4d,
    0x1e4e, 0x1e4f, 0x1e50, 0x1e51, 0x1e52, 0x1e53, 0x1e54, 0x1e55, 0x1e56, 0x1e57, 0x1e58, 0x1e59,
    0x1e5a, 0x1e5b, 0x1e5c, 0x1e5d, 0x1e5e, 0x1e5f, 0x1e60, 0x1e61, 0x1e62, 0x1e63, 0x1e64, 0x1e65,
    0x1e66, 0x1e67, 0x1e68, 0x1e69, 0x1e6a, 0x1e6b, 0x1e6c, 0x1e6d, 0x1e6e, 0x1e6f, 0x1e70, 0x1e71,
    0x1e72, 0x1e73, 0x1e74, 0x1e75, 0x1e76, 0x1e77, 0x1e78, 0x1e79, 0x1e7a, 0x1e7b, 0x1e7c, 0x1e7d,
    0x1e7e, 0x1e7f, 0x1e80, 0x1e81, 0x1e82, 0x1e83, 0x1e84, 0x1e85, 0x1e86, 0x1e87, 0x1e88, 0x1e89,
    0x1e8a, 0x1e8b, 0x1e8c, 0x1e8d, 0x1e8e, 0x1e8f, 0x1e90, 0x1e91, 0x1e92, 0x1e93, 0x1e94, 0x1e95,
    0x1e9e, 0x1e9f, 0x1ea0, 0x1ea1, 0x1ea2, 0x1ea3, 0x1ea4, 0x1ea5, 0x1ea6, 0x1ea7, 0x1ea8, 0x1ea9,
    0x1eaa, 0x1eab, 0x1eac, 0x1ead, 0x1eae, 0x1eaf, 0x1eb0, 0x1eb1, 0x1eb2, 0x1eb3, 0x1eb4, 0x1eb5,
    0x1eb6, 0x1eb7, 0x1eb8, 0x1eb9, 0x1eba, 0x1ebb, 0x1ebc, 0x1ebd, 0x1ebe, 0x1ebf, 0x1ec0, 0x1ec1,
    0x1ec2, 0x1ec3, 0x1ec4, 0x1ec5, 0x1ec6, 0x1ec7, 0x1ec8, 0x1ec9, 0x1eca, 0x1ecb, 0x1ecc, 0x1ecd,
    0x1ece, 0x1ecf, 0x1ed0, 0x1ed1, 0x1ed2, 0x1ed3, 0x1ed4, 0x1ed5, 0x1ed6, 0x1ed7, 0x1ed8, 0x1ed9,
    0x1eda, 0x1edb, 0x1edc, 0x1edd, 0x1ede, 0x1edf, 0x1ee0, 0x1ee1, 0x1ee2, 0x1ee3, 0x1ee4, 0x1ee5,
    0x1ee6, 0x1ee7, 0x1ee8, 0x1ee9, 0x1eea, 0x1eeb, 0x1eec, 0x1eed, 0x1eee, 0x1eef, 0x1ef0, 0x1ef1,
    0x1ef2, 0x1ef3, 0x1ef4, 0x1ef5, 0x1ef6, 0x1ef7, 0x1ef8, 0x1ef9, 0x1efa, 0x1efb, 0x1efc, 0x1efd,
    0x1efe, 0x1eff, 0x1f08, 0x1f10, 0x1f18, 0x1f1e, 0x1f28, 0x1f30, 0x1f38, 0x1f40, 0x1f48, 0x1f4e,
    0x1f59, 0x1f5a, 0x1f5b, 0x1f5c, 0x1f5d, 0x1f5e, 0x1f5f, 0x1f60, 0x1f68, 0x1f70, 0x1fb8, 0x1fbc,
    0x1fc8, 0x1fcc, 0x1fd8, 0x1fdc, 0x1fe8, 0x1fed, 0x1ff8, 0x1ffc, 0x2102, 0x2103, 0x2107, 0x2108,
    0x210b, 0x210e, 0x2110, 0x2113, 0x2115, 0x2116, 0x2119, 0x211e, 0x2124, 0x2125, 0x2126, 0x2127,
    0x2128, 0x2129, 0x212a, 0x212e, 0x2130, 0x2134, 0x213e, 0x2140, 0x2145, 0x2146, 0x2183, 0x2184,
    0x2c00, 0x2c30, 0x2c60, 0x2c61, 0x2c62, 0x2c65, 0x2c67, 0x2c68, 0x2c69, 0x2c6a, 0x2c6b, 0x2c6c,
    0x2c6d, 0x2c71, 0x2c72, 0x2c73, 0x2c75, 0x2c76, 0x2c7e, 0x2c81, 0x2c82, 0x2c83, 0x2c84, 0x2c85,
    0x2c86, 0x2c87, 0x2c88, 0x2c89, 0x2c8a, 0x2c8b, 0x2c8c, 0x2c8d, 0x2c8e, 0x2c8f, 0x2c90, 0x2c91,
    0x2c92, 0x2c93, 0x2c94, 0x2c95, 0x2c96, 0x2c97, 0x2c98, 0x2c99, 0x2c9a, 0x2c9b, 0x2c9c, 0x2c9d,
    0x2c9e, 0x2c9f, 0x2ca0, 0x2ca1, 0x2ca2, 0x2ca3, 0x2ca4, 0x2ca5, 0x2ca6, 0x2ca7, 0x2ca8, 0x2ca9,
    0x2caa, 0x2cab, 0x2cac, 0x2cad, 0x2cae, 0x2caf, 0x2cb0, 0x2cb1, 0x2cb2, 0x2cb3, 0x2cb4, 0x2cb5,
    0x2cb6, 0x2cb7, 0x2cb8, 0x2cb9, 0x2cba, 0x2cbb, 0x2cbc, 0x2cbd, 0x2cbe, 0x2cbf, 0x2cc0, 0x2cc1,
    0x2cc2, 0x2cc3, 0x2cc4, 0x2cc5, 0x2cc6, 0x2cc7, 0x2cc8, 0x2cc9, 0x2cca, 0x2ccb, 0x2ccc, 0x2ccd,
    0x2cce, 0x2ccf, 0x2cd0, 0x2cd1, 0x2cd2, 0x2cd3, 0x2cd4, 0x2cd5, 0x2cd6, 0x2cd7, 0x2cd8, 0x2cd9,
    0x2cda, 0x2cdb, 0x2cdc, 0x2cdd, 0x2cde, 0x2cdf, 0x2ce0, 0x2ce1, 0x2ce2, 0x2ce3, 0x2ceb, 0x2cec,
    0x2ced, 0x2cee, 0x2cf2, 0x2cf3, 0xa640, 0xa641, 0xa642, 0xa643, 0xa644, 0xa645, 0xa646, 0xa647,
    0xa648, 0xa649, 0xa64a, 0xa64b, 0xa64c, 0xa64d, 0xa64e, 0xa64f, 0xa650, 0xa651, 0xa652, 0xa653,
    0xa654, 0xa655, 0xa656, 0xa657, 0xa658, 0xa659, 0xa65a, 0xa65b, 0xa65c, 0xa65d, 0xa65e, 0xa65f,
    0xa660, 0xa661, 0xa662, 0xa663, 0xa664, 0xa665, 0xa666, 0xa667, 0xa668, 0xa669, 0xa66a, 0xa66b,
    0xa66c, 0xa66d, 0xa680, 0xa681, 0xa682, 0xa683, 0xa684, 0xa685, 0xa686, 0xa687, 0xa688, 0xa689,
    0xa68a, 0xa68b, 0xa68c, 0xa68d, 0xa68e, 0xa68f, 0xa690, 0xa691, 0xa692, 0xa693, 0xa694, 0xa695,
    0xa696, 0xa697, 0xa698, 0xa699, 0xa69a, 0xa69b, 0xa722, 0xa723, 0xa724, 0xa725, 0xa726, 0xa727,
    0xa728, 0xa729, 0xa72a, 0xa72b, 0xa72c, 0xa72d, 0xa72e, 0xa72f, 0xa732, 0xa733, 0xa734, 0xa735,
    0xa736, 0xa737, 0xa738, 0xa739, 0xa73a, 0xa73b, 0xa73c, 0xa73d, 0xa73e, 0xa73f, 0xa740, 0xa741,
    0xa742, 0xa743, 0xa744, 0xa745, 0xa746, 0xa747, 0xa748, 0xa749, 0xa74a, 0xa74b, 0xa74c, 0xa74d,
    0xa74e, 0xa74f, 0xa750, 0xa751, 0xa752, 0xa753, 0xa754, 0xa755, 0xa756, 0xa757, 0xa758, 0xa759,
    0xa75a, 0xa75b, 0xa75c, 0xa75d, 0xa75e, 0xa75f, 0xa760, 0xa761, 0xa762, 0xa763, 0xa764, 0xa765,
    0xa766, 0xa767, 0xa768, 0xa769, 0xa76a, 0xa76b, 0xa76c, 0xa76d, 0xa76e, 0xa76f, 0xa779, 0xa77a,
    0xa77b, 0xa77c, 0xa77d, 0xa77f, 0xa780, 0xa781, 0xa782, 0xa783, 0xa784, 0xa785, 0xa786, 0xa787,
    0xa78b, 0xa78c, 0xa78d, 0xa78e, 0xa790, 0xa791, 0xa792, 0xa793, 0xa796, 0xa797, 0xa798, 0xa799,
    0xa79a, 0xa79b, 0xa79c, 0xa79d, 0xa79e, 0xa79f, 0xa7a0, 0xa7a1, 0xa7a2, 0xa7a3, 0xa7a4, 0xa7a5,
    0xa7a6, 0xa7a7, 0xa7a8, 0xa7a9, 0xa7aa, 0xa7af, 0xa7b0, 0xa7b5, 0xa7b6, 0xa7b7, 0xa7b8, 0xa7b9,
    0xa7ba, 0xa7bb, 0xa7bc, 0xa7bd, 0xa7be, 0xa7bf, 0xa7c0, 0xa7c1, 0xa7c2, 0xa7c3, 0xa7c4, 0xa7c8,
    0xa7c9, 0xa7ca, 0xa7cb, 0xa7cd, 0xa7ce, 0xa7cf, 0xa7d0, 0xa7d1, 0xa7d2, 0xa7d3, 0xa7d4, 0xa7d5,
    0xa7d6, 0xa7d7, 0xa7d8, 0xa7d9, 0xa7da, 0xa7db, 0xa7dc, 0xa7dd, 0xa7f5, 0xa7f6, 0xff21, 0xff3b,
    0x10400, 0x10428, 0x104b0, 0x104d4, 0x10570, 0x1057b, 0x1057c, 0x1058b, 0x1058c, 0x10593, 0x10594, 0x10596,
    0x10c80, 0x10cb3, 0x10d50, 0x10d66, 0x118a0, 0x118c0, 0x16e40, 0x16e60, 0x16ea0, 0x16eb9, 0x1d400, 0x1d41a,
    0x1d434, 0x1d44e, 0x1d468, 0x1d482, 0x1d49c, 0x1d49d, 0x1d49e, 0x1d4a0, 0x1d4a2, 0x1d4a3, 0x1d4a5, 0x1d4a7,
    0x1d4a9, 0x1d4ad, 0x1d4ae, 0x1d4b6, 0x1d4d0, 0x1d4ea, 0x1d504, 0x1d506, 0x1d507, 0x1d50b, 0x1d50d, 0x1d515,
    0x1d516, 0x1d51d, 0x1d538, 0x1d53a, 0x1d53b, 0x1d53f, 0x1d540, 0x1d545, 0x1d546, 0x1d547, 0x1d54a, 0x1d551,
    0x1d56c, 0x1d586, 0x1d5a0, 0x1d5ba, 0x1d5d4, 0x1d5ee, 0x1d608, 0x1d622, 0x1d63c, 0x1d656, 0x1d670, 0x1d68a,
    0x1d6a8, 0x1d6c1, 0x1d6e2, 0x1d6fb, 0x1d71c, 0x1d735, 0x1d756, 0x1d76f, 0x1d790, 0x1d7a9, 0x1d7ca, 0x1d7cb,
    0x1e900, 0x1e922,
];

static SCRIPT_ADLAM: &[i32] = &[
    0x1e900, 0x1e94c, 0x1e950, 0x1e95a, 0x1e95e, 0x1e960,
];

static SCRIPT_AHOM: &[i32] = &[
    0x11700, 0x1171b, 0x1171d, 0x1172c, 0x11730, 0x11747,
];

static SCRIPT_ANATOLIAN_HIEROGLYPHS: &[i32] = &[
    0x14400, 0x14647,
];

static SCRIPT_ARABIC: &[i32] = &[
    0x600, 0x605, 0x606, 0x60c, 0x60d, 0x61b, 0x61c, 0x61f, 0x620, 0x640, 0x641, 0x64b,
    0x656, 0x670, 0x671, 0x6dd, 0x6de, 0x700, 0x750, 0x780, 0x870, 0x892, 0x897, 0x8e2,
    0x8e3, 0x900, 0xfb50, 0xfd3e, 0xfd40, 0xfdd0, 0xfdf0, 0xfe00, 0xfe70, 0xfe75, 0xfe76, 0xfefd,
    0x10e60, 0x10e7f, 0x10ec2, 0x10ec8, 0x10ed0, 0x10ed9, 0x10efa, 0x10f00, 0x1ee00, 0x1ee04, 0x1ee05, 0x1ee20,
    0x1ee21, 0x1ee23, 0x1ee24, 0x1ee25, 0x1ee27, 0x1ee28, 0x1ee29, 0x1ee33, 0x1ee34, 0x1ee38, 0x1ee39, 0x1ee3a,
    0x1ee3b, 0x1ee3c, 0x1ee42, 0x1ee43, 0x1ee47, 0x1ee48, 0x1ee49, 0x1ee4a, 0x1ee4b, 0x1ee4c, 0x1ee4d, 0x1ee50,
    0x1ee51, 0x1ee53, 0x1ee54, 0x1ee55, 0x1ee57, 0x1ee58, 0x1ee59, 0x1ee5a, 0x1ee5b, 0x1ee5c, 0x1ee5d, 0x1ee5e,
    0x1ee5f, 0x1ee60, 0x1ee61, 0x1ee63, 0x1ee64, 0x1ee65, 0x1ee67, 0x1ee6b, 0x1ee6c, 0x1ee73, 0x1ee74, 0x1ee78,
    0x1ee79, 0x1ee7d, 0x1ee7e, 0x1ee7f, 0x1ee80, 0x1ee8a, 0x1ee8b, 0x1ee9c, 0x1eea1, 0x1eea4, 0x1eea5, 0x1eeaa,
    0x1eeab, 0x1eebc, 0x1eef0, 0x1eef2,
];

static SCRIPT_ARMENIAN: &[i32] = &[
    0x531, 0x557, 0x559, 0x58b, 0x58d, 0x590, 0xfb13, 0xfb18,
];

static SCRIPT_AVESTAN: &[i32] = &[
    0x10b00, 0x10b36, 0x10b39, 0x10b40,
];

static SCRIPT_BALINESE: &[i32] = &[
    0x1b00, 0x1b4d, 0x1b4e, 0x1b80,
];

static SCRIPT_BAMUM: &[i32] = &[
    0xa6a0, 0xa6f8, 0x16800, 0x16a39,
];

static SCRIPT_BASSA_VAH: &[i32] = &[
    0x16ad0, 0x16aee, 0x16af0, 0x16af6,
];

static SCRIPT_BATAK: &[i32] = &[
    0x1bc0, 0x1bf4, 0x1bfc, 0x1c00,
];

static SCRIPT_BENGALI: &[i32] = &[
    0x980, 0x984, 0x985, 0x98d, 0x98f, 0x991, 0x993, 0x9a9, 0x9aa, 0x9b1, 0x9b2, 0x9b3,
    0x9b6, 0x9ba, 0x9bc, 0x9c5, 0x9c7, 0x9c9, 0x9cb, 0x9cf, 0x9d7, 0x9d8, 0x9dc, 0x9de,
    0x9df, 0x9e4, 0x9e6, 0x9ff,
];

static SCRIPT_BERIA_ERFE: &[i32] = &[
    0x16ea0, 0x16eb9, 0x16ebb, 0x16ed4,
];

static SCRIPT_BHAIKSUKI: &[i32] = &[
    0x11c00, 0x11c09, 0x11c0a, 0x11c37, 0x11c38, 0x11c46, 0x11c50, 0x11c6d,
];

static SCRIPT_BOPOMOFO: &[i32] = &[
    0x2ea, 0x2ec, 0x3105, 0x3130, 0x31a0, 0x31c0,
];

static SCRIPT_BRAHMI: &[i32] = &[
    0x11000, 0x1104e, 0x11052, 0x11076, 0x1107f, 0x11080,
];

static SCRIPT_BRAILLE: &[i32] = &[
    0x2800, 0x2900,
];

static SCRIPT_BUGINESE: &[i32] = &[
    0x1a00, 0x1a1c, 0x1a1e, 0x1a20,
];

static SCRIPT_BUHID: &[i32] = &[
    0x1740, 0x1754,
];

static SCRIPT_CANADIAN_ABORIGINAL: &[i32] = &[
    0x1400, 0x1680, 0x18b0, 0x18f6, 0x11ab0, 0x11ac0,
];

static SCRIPT_CARIAN: &[i32] = &[
    0x102a0, 0x102d1,
];

static SCRIPT_CAUCASIAN_ALBANIAN: &[i32] = &[
    0x10530, 0x10564, 0x1056f, 0x10570,
];

static SCRIPT_CHAKMA: &[i32] = &[
    0x11100, 0x11135, 0x11136, 0x11148,
];

static SCRIPT_CHAM: &[i32] = &[
    0xaa00, 0xaa37, 0xaa40, 0xaa4e, 0xaa50, 0xaa5a, 0xaa5c, 0xaa60,
];

static SCRIPT_CHEROKEE: &[i32] = &[
    0x13a0, 0x13f6, 0x13f8, 0x13fe, 0xab70, 0xabc0,
];

static SCRIPT_CHORASMIAN: &[i32] = &[
    0x10fb0, 0x10fcc,
];

static SCRIPT_COMMON: &[i32] = &[
    0x0, 0x41, 0x5b, 0x61, 0x7b, 0xaa, 0xab, 0xba, 0xbb, 0xc0, 0xd7, 0xd8,
    0xf7, 0xf8, 0x2b9, 0x2e0, 0x2e5, 0x2ea, 0x2ec, 0x300, 0x374, 0x375, 0x37e, 0x37f,
    0x385, 0x386, 0x387, 0x388, 0x605, 0x606, 0x60c, 0x60d, 0x61b, 0x61c, 0x61f, 0x620,
    0x640, 0x641, 0x6dd, 0x6de, 0x8e2, 0x8e3, 0x964, 0x966, 0xe3f, 0xe40, 0xfd5, 0xfd9,
    0x10fb, 0x10fc, 0x16eb, 0x16ee, 0x1735, 0x1737, 0x1802, 0x1804, 0x1805, 0x1806, 0x1cd3, 0x1cd4,
    0x1ce1, 0x1ce2, 0x1ce9, 0x1ced, 0x1cee, 0x1cf4, 0x1cf5, 0x1cf8, 0x1cfa, 0x1cfb, 0x2000, 0x200c,
    0x200e, 0x2065, 0x2066, 0x2071, 0x2074, 0x207f, 0x2080, 0x208f, 0x20a0, 0x20c2, 0x2100, 0x2126,
    0x2127, 0x212a, 0x212c, 0x2132, 0x2133, 0x214e, 0x214f, 0x2160, 0x2189, 0x218c, 0x2190, 0x242a,
    0x2440, 0x244b, 0x2460, 0x2800, 0x2900, 0x2b74, 0x2b76, 0x2c00, 0x2e00, 0x2e5e, 0x2ff0, 0x3005,
    0x3006, 0x3007, 0x3008, 0x3021, 0x3030, 0x3038, 0x303c, 0x3040, 0x309b, 0x309d, 0x30a0, 0x30a1,
    0x30fb, 0x30fd, 0x3190, 0x31a0, 0x31c0, 0x31e6, 0x31ef, 0x31f0, 0x3220, 0x3260, 0x327f, 0x32d0,
    0x32ff, 0x3300, 0x3358, 0x3400, 0x4dc0, 0x4e00, 0xa700, 0xa722, 0xa788, 0xa78b, 0xa830, 0xa83a,
    0xa92e, 0xa92f, 0xa9cf, 0xa9d0, 0xab5b, 0xab5c, 0xab6a, 0xab6c, 0xfd3e, 0xfd40, 0xfe10, 0xfe1a,
    0xfe30, 0xfe53, 0xfe54, 0xfe67, 0xfe68, 0xfe6c, 0xfeff, 0xff00, 0xff01, 0xff21, 0xff3b, 0xff41,
    0xff5b, 0xff66, 0xff70, 0xff71, 0xff9e, 0xffa0, 0xffe0, 0xffe7, 0xffe8, 0xffef, 0xfff9, 0xfffe,
    0x10100, 0x10103, 0x10107, 0x10134, 0x10137, 0x10140, 0x10190, 0x1019d, 0x101d0, 0x101fd, 0x102e1, 0x102fc,
    0x1bca0, 0x1bca4, 0x1cc00, 0x1ccfd, 0x1cd00, 0x1ceb4, 0x1ceba, 0x1ced1, 0x1cee0, 0x1cef1, 0x1cf50, 0x1cfc4,
    0x1d000, 0x1d0f6, 0x1d100, 0x1d127, 0x1d129, 0x1d167, 0x1d16a, 0x1d17b, 0x1d183, 0x1d185, 0x1d18c, 0x1d1aa,
    0x1d1ae, 0x1d1eb, 0x1d2c0, 0x1d2d4, 0x1d2e0, 0x1d2f4, 0x1d300, 0x1d357, 0x1d360, 0x1d379, 0x1d400, 0x1d455,
    0x1d456, 0x1d49d, 0x1d49e, 0x1d4a0, 0x1d4a2, 0x1d4a3, 0x1d4a5, 0x1d4a7, 0x1d4a9, 0x1d4ad, 0x1d4ae, 0x1d4ba,
    0x1d4bb, 0x1d4bc, 0x1d4bd, 0x1d4c4, 0x1d4c5, 0x1d506, 0x1d507, 0x1d50b, 0x1d50d, 0x1d515, 0x1d516, 0x1d51d,
    0x1d51e, 0x1d53a, 0x1d53b, 0x1d53f, 0x1d540, 0x1d545, 0x1d546, 0x1d547, 0x1d54a, 0x1d551, 0x1d552, 0x1d6a6,
    0x1d6a8, 0x1d7cc, 0x1d7ce, 0x1d800, 0x1ec71, 0x1ecb5, 0x1ed01, 0x1ed3e, 0x1f000, 0x1f02c, 0x1f030, 0x1f094,
    0x1f0a0, 0x1f0af, 0x1f0b1, 0x1f0c0, 0x1f0c1, 0x1f0d0, 0x1f0d1, 0x1f0f6, 0x1f100, 0x1f1ae, 0x1f1e6, 0x1f200,
    0x1f201, 0x1f203, 0x1f210, 0x1f23c, 0x1f240, 0x1f249, 0x1f250, 0x1f252, 0x1f260, 0x1f266, 0x1f300, 0x1f6d9,
    0x1f6dc, 0x1f6ed, 0x1f6f0, 0x1f6fd, 0x1f700, 0x1f7da, 0x1f7e0, 0x1f7ec, 0x1f7f0, 0x1f7f1, 0x1f800, 0x1f80c,
    0x1f810, 0x1f848, 0x1f850, 0x1f85a, 0x1f860, 0x1f888, 0x1f890, 0x1f8ae, 0x1f8b0, 0x1f8bc, 0x1f8c0, 0x1f8c2,
    0x1f8d0, 0x1f8d9, 0x1f900, 0x1fa58, 0x1fa60, 0x1fa6e, 0x1fa70, 0x1fa7d, 0x1fa80, 0x1fa8b, 0x1fa8e, 0x1fac7,
    0x1fac8, 0x1fac9, 0x1facd, 0x1fadd, 0x1fadf, 0x1faeb, 0x1faef, 0x1faf9, 0x1fb00, 0x1fb93, 0x1fb94, 0x1fbfb,
    0xe0001, 0xe0002, 0xe0020, 0xe0080,
];

static SCRIPT_COPTIC: &[i32] = &[
    0x3e2, 0x3f0, 0x2c80, 0x2cf4, 0x2cf9, 0x2d00,
];

static SCRIPT_CUNEIFORM: &[i32] = &[
    0x12000, 0x1239a, 0x12400, 0x1246f, 0x12470, 0x12475, 0x12480, 0x12544,
];

static SCRIPT_CYPRIOT: &[i32] = &[
    0x10800, 0x10806, 0x10808, 0x10809, 0x1080a, 0x10836, 0x10837, 0x10839, 0x1083c, 0x1083d, 0x1083f, 0x10840,
];

static SCRIPT_CYPRO_MINOAN: &[i32] = &[
    0x12f90, 0x12ff3,
];

static SCRIPT_CYRILLIC: &[i32] = &[
    0x400, 0x485, 0x487, 0x530, 0x1c80, 0x1c8b, 0x1d2b, 0x1d2c, 0x1d78, 0x1d79, 0x2de0, 0x2e00,
    0xa640, 0xa6a0, 0xfe2e, 0xfe30, 0x1e030, 0x1e06e, 0x1e08f, 0x1e090,
];

static SCRIPT_DESERET: &[i32] = &[
    0x10400, 0x10450,
];

static SCRIPT_DEVANAGARI: &[i32] = &[
    0x900, 0x951, 0x955, 0x964, 0x966, 0x980, 0xa8e0, 0xa900, 0x11b00, 0x11b0a,
];

static SCRIPT_DIVES_AKURU: &[i32] = &[
    0x11900, 0x11907, 0x11909, 0x1190a, 0x1190c, 0x11914, 0x11915, 0x11917, 0x11918, 0x11936, 0x11937, 0x11939,
    0x1193b, 0x11947, 0x11950, 0x1195a,
];

static SCRIPT_DOGRA: &[i32] = &[
    0x11800, 0x1183c,
];

static SCRIPT_DUPLOYAN: &[i32] = &[
    0x1bc00, 0x1bc6b, 0x1bc70, 0x1bc7d, 0x1bc80, 0x1bc89, 0x1bc90, 0x1bc9a, 0x1bc9c, 0x1bca0,
];

static SCRIPT_EGYPTIAN_HIEROGLYPHS: &[i32] = &[
    0x13000, 0x13456, 0x13460, 0x143fb,
];

static SCRIPT_ELBASAN: &[i32] = &[
    0x10500, 0x10528,
];

static SCRIPT_ELYMAIC: &[i32] = &[
    0x10fe0, 0x10ff7,
];

static SCRIPT_ETHIOPIC: &[i32] = &[
    0x1200, 0x1249, 0x124a, 0x124e, 0x1250, 0x1257, 0x1258, 0x1259, 0x125a, 0x125e, 0x1260, 0x1289,
    0x128a, 0x128e, 0x1290, 0x12b1, 0x12b2, 0x12b6, 0x12b8, 0x12bf, 0x12c0, 0x12c1, 0x12c2, 0x12c6,
    0x12c8, 0x12d7, 0x12d8, 0x1311, 0x1312, 0x1316, 0x1318, 0x135b, 0x135d, 0x137d, 0x1380, 0x139a,
    0x2d80, 0x2d97, 0x2da0, 0x2da7, 0x2da8, 0x2daf, 0x2db0, 0x2db7, 0x2db8, 0x2dbf, 0x2dc0, 0x2dc7,
    0x2dc8, 0x2dcf, 0x2dd0, 0x2dd7, 0x2dd8, 0x2ddf, 0xab01, 0xab07, 0xab09, 0xab0f, 0xab11, 0xab17,
    0xab20, 0xab27, 0xab28, 0xab2f, 0x1e7e0, 0x1e7e7, 0x1e7e8, 0x1e7ec, 0x1e7ed, 0x1e7ef, 0x1e7f0, 0x1e7ff,
];

static SCRIPT_EXTENSIONS_ADLAM: &[i32] = &[
    0x61f, 0x620, 0x640, 0x641, 0x204f, 0x2050, 0x2e41, 0x2e42, 0x1e900, 0x1e94c, 0x1e950, 0x1e95a,
    0x1e95e, 0x1e960,
];

static SCRIPT_EXTENSIONS_AHOM: &[i32] = &[
    0x11700, 0x1171b, 0x1171d, 0x1172c, 0x11730, 0x11747,
];

static SCRIPT_EXTENSIONS_ANATOLIAN_HIEROGLYPHS: &[i32] = &[
    0x14400, 0x14647,
];

static SCRIPT_EXTENSIONS_ARABIC: &[i32] = &[
    0x600, 0x605, 0x606, 0x6dd, 0x6de, 0x700, 0x750, 0x780, 0x870, 0x892, 0x897, 0x8e2,
    0x8e3, 0x900, 0x204f, 0x2050, 0x2e41, 0x2e42, 0xfb50, 0xfdd0, 0xfdf0, 0xfe00, 0xfe70, 0xfe75,
    0xfe76, 0xfefd, 0x102e0, 0x102fc, 0x10e60, 0x10e7f, 0x10ec2, 0x10ec8, 0x10ed0, 0x10ed9, 0x10efa, 0x10f00,
    0x1ee00, 0x1ee04, 0x1ee05, 0x1ee20, 0x1ee21, 0x1ee23, 0x1ee24, 0x1ee25, 0x1ee27, 0x1ee28, 0x1ee29, 0x1ee33,
    0x1ee34, 0x1ee38, 0x1ee39, 0x1ee3a, 0x1ee3b, 0x1ee3c, 0x1ee42, 0x1ee43, 0x1ee47, 0x1ee48, 0x1ee49, 0x1ee4a,
    0x1ee4b, 0x1ee4c, 0x1ee4d, 0x1ee50, 0x1ee51, 0x1ee53, 0x1ee54, 0x1ee55, 0x1ee57, 0x1ee58, 0x1ee59, 0x1ee5a,
    0x1ee5b, 0x1ee5c, 0x1ee5d, 0x1ee5e, 0x1ee5f, 0x1ee60, 0x1ee61, 0x1ee63, 0x1ee64, 0x1ee65, 0x1ee67, 0x1ee6b,
    0x1ee6c, 0x1ee73, 0x1ee74, 0x1ee78, 0x1ee79, 0x1ee7d, 0x1ee7e, 0x1ee7f, 0x1ee80, 0x1ee8a, 0x1ee8b, 0x1ee9c,
    0x1eea1, 0x1eea4, 0x1eea5, 0x1eeaa, 0x1eeab, 0x1eebc, 0x1eef0, 0x1eef2,
];

static SCRIPT_EXTENSIONS_ARMENIAN: &[i32] = &[
    0x308, 0x309, 0x531, 0x557, 0x559, 0x58b, 0x58d, 0x590, 0xfb13, 0xfb18,
];

static SCRIPT_EXTENSIONS_AVESTAN: &[i32] = &[
    0xb7, 0xb8, 0x2e30, 0x2e32, 0x10b00, 0x10b36, 0x10b39, 0x10b40,
];

static SCRIPT_EXTENSIONS_BALINESE: &[i32] = &[
    0x1b00, 0x1b4d, 0x1b4e, 0x1b80,
];

static SCRIPT_EXTENSIONS_BAMUM: &[i32] = &[
    0xa6a0, 0xa6f8, 0x16800, 0x16a39,
];

static SCRIPT_EXTENSIONS_BASSA_VAH: &[i32] = &[
    0x16ad0, 0x16aee, 0x16af0, 0x16af6,
];

static SCRIPT_EXTENSIONS_BATAK: &[i32] = &[
    0x1bc0, 0x1bf4, 0x1bfc, 0x1c00,
];

static SCRIPT_EXTENSIONS_BENGALI: &[i32] = &[
    0x2bc, 0x2bd, 0x951, 0x953, 0x964, 0x966, 0x980, 0x984, 0x985, 0x98d, 0x98f, 0x991,
    0x993, 0x9a9, 0x9aa, 0x9b1, 0x9b2, 0x9b3, 0x9b6, 0x9ba, 0x9bc, 0x9c5, 0x9c7, 0x9c9,
    0x9cb, 0x9cf, 0x9d7, 0x9d8, 0x9dc, 0x9de, 0x9df, 0x9e4, 0x9e6, 0x9ff, 0x1cd0, 0x1cd1,
    0x1cd2, 0x1cd3, 0x1cd5, 0x1cd7, 0x1cd8, 0x1cd9, 0x1ce1, 0x1ce2, 0x1cea, 0x1ceb, 0x1ced, 0x1cee,
    0x1cf2, 0x1cf3, 0x1cf5, 0x1cf8, 0xa8f1, 0xa8f2,
];

static SCRIPT_EXTENSIONS_BERIA_ERFE: &[i32] = &[
    0x16ea0, 0x16eb9, 0x16ebb, 0x16ed4,
];

static SCRIPT_EXTENSIONS_BHAIKSUKI: &[i32] = &[
    0x11c00, 0x11c09, 0x11c0a, 0x11c37, 0x11c38, 0x11c46, 0x11c50, 0x11c6d,
];

static SCRIPT_EXTENSIONS_BOPOMOFO: &[i32] = &[
    0x2c7, 0x2c8, 0x2c9, 0x2cc, 0x2d9, 0x2da, 0x2ea, 0x2ec, 0x3001, 0x3004, 0x3008, 0x3012,
    0x3013, 0x3020, 0x302a, 0x302e, 0x3030, 0x3031, 0x3037, 0x3038, 0x30fb, 0x30fc, 0x3105, 0x3130,
    0x31a0, 0x31c0, 0xfe45, 0xfe47, 0xff61, 0xff66,
];

static SCRIPT_EXTENSIONS_BRAHMI: &[i32] = &[
    0x11000, 0x1104e, 0x11052, 0x11076, 0x1107f, 0x11080,
];

static SCRIPT_EXTENSIONS_BRAILLE: &[i32] = &[
    0x2800, 0x2900,
];

static SCRIPT_EXTENSIONS_BUGINESE: &[i32] = &[
    0x1a00, 0x1a1c, 0x1a1e, 0x1a20, 0xa9cf, 0xa9d0,
];

static SCRIPT_EXTENSIONS_BUHID: &[i32] = &[
    0x1735, 0x1737, 0x1740, 0x1754,
];

static SCRIPT_EXTENSIONS_CANADIAN_ABORIGINAL: &[i32] = &[
    0x1400, 0x1680, 0x18b0, 0x18f6, 0x11ab0, 0x11ac0,
];

static SCRIPT_EXTENSIONS_CARIAN: &[i32] = &[
    0xb7, 0xb8, 0x205a, 0x205b, 0x205d, 0x205e, 0x2e31, 0x2e32, 0x102a0, 0x102d1,
];

static SCRIPT_EXTENSIONS_CAUCASIAN_ALBANIAN: &[i32] = &[
    0x304, 0x305, 0x331, 0x332, 0x35e, 0x35f, 0x10530, 0x10564, 0x1056f, 0x10570,
];

static SCRIPT_EXTENSIONS_CHAKMA: &[i32] = &[
    0x9e6, 0x9f0, 0x1040, 0x104a, 0x11100, 0x11135, 0x11136, 0x11148,
];

static SCRIPT_EXTENSIONS_CHAM: &[i32] = &[
    0xaa00, 0xaa37, 0xaa40, 0xaa4e, 0xaa50, 0xaa5a, 0xaa5c, 0xaa60,
];

static SCRIPT_EXTENSIONS_CHEROKEE: &[i32] = &[
    0x300, 0x303, 0x304, 0x305, 0x30b, 0x30d, 0x323, 0x325, 0x330, 0x332, 0x13a0, 0x13f6,
    0x13f8, 0x13fe, 0xab70, 0xabc0,
];

static SCRIPT_EXTENSIONS_CHORASMIAN: &[i32] = &[
    0x10fb0, 0x10fcc,
];

static SCRIPT_EXTENSIONS_COMMON: &[i32] = &[
    0x0, 0x41, 0x5b, 0x61, 0x7b, 0xaa, 0xab, 0xb7, 0xb8, 0xba, 0xbb, 0xc0,
    0xd7, 0xd8, 0xf7, 0xf8, 0x2b9, 0x2bc, 0x2bd, 0x2c7, 0x2c8, 0x2c9, 0x2cc, 0x2cd,
    0x2ce, 0x2d7, 0x2d8, 0x2d9, 0x2da, 0x2e0, 0x2e5, 0x2ea, 0x2ec, 0x300, 0x37e, 0x37f,
    0x385, 0x386, 0x387, 0x388, 0x605, 0x606, 0x6dd, 0x6de, 0x8e2, 0x8e3, 0xe3f, 0xe40,
    0xfd5, 0xfd9, 0x2000, 0x200c, 0x200e, 0x202f, 0x2030, 0x204f, 0x2050, 0x205a, 0x205b, 0x205d,
    0x205e, 0x2065, 0x2066, 0x2071, 0x2074, 0x207f, 0x2080, 0x208f, 0x20a0, 0x20c2, 0x2100, 0x2126,
    0x2127, 0x212a, 0x212c, 0x2132, 0x2133, 0x214e, 0x214f, 0x2160, 0x2189, 0x218c, 0x2190, 0x242a,
    0x2440, 0x244b, 0x2460, 0x2800, 0x2900, 0x2b74, 0x2b76, 0x2c00, 0x2e00, 0x2e17, 0x2e18, 0x2e30,
    0x2e32, 0x2e3c, 0x2e3d, 0x2e41, 0x2e42, 0x2e43, 0x2e44, 0x2e5e, 0x3000, 0x3001, 0x3004, 0x3005,
    0x3012, 0x3013, 0x3020, 0x3021, 0x3036, 0x3037, 0x3248, 0x3260, 0x327f, 0x3280, 0x32b1, 0x32c0,
    0x32cc, 0x32d0, 0x3371, 0x337b, 0x3380, 0x33e0, 0x33ff, 0x3400, 0x4dc0, 0x4e00, 0xa708, 0xa722,
    0xa788, 0xa78b, 0xab5b, 0xab5c, 0xab6a, 0xab6c, 0xfe10, 0xfe1a, 0xfe30, 0xfe45, 0xfe47, 0xfe53,
    0xfe54, 0xfe67, 0xfe68, 0xfe6c, 0xfeff, 0xff00, 0xff01, 0xff21, 0xff3b, 0xff41, 0xff5b, 0xff61,
    0xffe0, 0xffe7, 0xffe8, 0xffef, 0xfff9, 0xfffe, 0x10190, 0x1019d, 0x101d0, 0x101fd, 0x1cc00, 0x1ccfd,
    0x1cd00, 0x1ceb4, 0x1ceba, 0x1ced1, 0x1cee0, 0x1cef1, 0x1cf50, 0x1cfc4, 0x1d000, 0x1d0f6, 0x1d100, 0x1d127,
    0x1d129, 0x1d167, 0x1d16a, 0x1d17b, 0x1d183, 0x1d185, 0x1d18c, 0x1d1aa, 0x1d1ae, 0x1d1eb, 0x1d2c0, 0x1d2d4,
    0x1d2e0, 0x1d2f4, 0x1d300, 0x1d357, 0x1d372, 0x1d379, 0x1d400, 0x1d455, 0x1d456, 0x1d49d, 0x1d49e, 0x1d4a0,
    0x1d4a2, 0x1d4a3, 0x1d4a5, 0x1d4a7, 0x1d4a9, 0x1d4ad, 0x1d4ae, 0x1d4ba, 0x1d4bb, 0x1d4bc, 0x1d4bd, 0x1d4c4,
    0x1d4c5, 0x1d506, 0x1d507, 0x1d50b, 0x1d50d, 0x1d515, 0x1d516, 0x1d51d, 0x1d51e, 0x1d53a, 0x1d53b, 0x1d53f,
    0x1d540, 0x1d545, 0x1d546, 0x1d547, 0x1d54a, 0x1d551, 0x1d552, 0x1d6a6, 0x1d6a8, 0x1d7cc, 0x1d7ce, 0x1d800,
    0x1ec71, 0x1ecb5, 0x1ed01, 0x1ed3e, 0x1f000, 0x1f02c, 0x1f030, 0x1f094, 0x1f0a0, 0x1f0af, 0x1f0b1, 0x1f0c0,
    0x1f0c1, 0x1f0d0, 0x1f0d1, 0x1f0f6, 0x1f100, 0x1f1ae, 0x1f1e6, 0x1f200, 0x1f201, 0x1f203, 0x1f210, 0x1f23c,
    0x1f240, 0x1f249, 0x1f260, 0x1f266, 0x1f300, 0x1f6d9, 0x1f6dc, 0x1f6ed, 0x1f6f0, 0x1f6fd, 0x1f700, 0x1f7da,
    0x1f7e0, 0x1f7ec, 0x1f7f0, 0x1f7f1, 0x1f800, 0x1f80c, 0x1f810, 0x1f848, 0x1f850, 0x1f85a, 0x1f860, 0x1f888,
    0x1f890, 0x1f8ae, 0x1f8b0, 0x1f8bc, 0x1f8c0, 0x1f8c2, 0x1f8d0, 0x1f8d9, 0x1f900, 0x1fa58, 0x1fa60, 0x1fa6e,
    0x1fa70, 0x1fa7d, 0x1fa80, 0x1fa8b, 0x1fa8e, 0x1fac7, 0x1fac8, 0x1fac9, 0x1facd, 0x1fadd, 0x1fadf, 0x1faeb,
    0x1faef, 0x1faf9, 0x1fb00, 0x1fb93, 0x1fb94, 0x1fbfb, 0xe0001, 0xe0002, 0xe0020, 0xe0080,
];

static SCRIPT_EXTENSIONS_COPTIC: &[i32] = &[
    0xb7, 0xb8, 0x300, 0x301, 0x304, 0x306, 0x307, 0x308, 0x374, 0x376, 0x3e2, 0x3f0,
    0x2c80, 0x2cf4, 0x2cf9, 0x2d00, 0x2e17, 0x2e18, 0x102e0, 0x102fc,
];

static SCRIPT_EXTENSIONS_CUNEIFORM: &[i32] = &[
    0x12000, 0x1239a, 0x12400, 0x1246f, 0x12470, 0x12475, 0x12480, 0x12544,
];

static SCRIPT_EXTENSIONS_CYPRIOT: &[i32] = &[
    0x10100, 0x10103, 0x10107, 0x10134, 0x10137, 0x10140, 0x10800, 0x10806, 0x10808, 0x10809, 0x1080a, 0x10836,
    0x10837, 0x10839, 0x1083c, 0x1083d, 0x1083f, 0x10840,
];

static SCRIPT_EXTENSIONS_CYPRO_MINOAN: &[i32] = &[
    0x10100, 0x10102, 0x12f90, 0x12ff3,
];

static SCRIPT_EXTENSIONS_CYRILLIC: &[i32] = &[
    0x2bc, 0x2bd, 0x300, 0x303, 0x304, 0x305, 0x306, 0x307, 0x308, 0x309, 0x30b, 0x30c,
    0x311, 0x312, 0x400, 0x530, 0x1c80, 0x1c8b, 0x1d2b, 0x1d2c, 0x1d78, 0x1d79, 0x1df8, 0x1df9,
    0x2de0, 0x2e00, 0x2e43, 0x2e44, 0xa640, 0xa6a0, 0xfe2e, 0xfe30, 0x1e030, 0x1e06e, 0x1e08f, 0x1e090,
];

static SCRIPT_EXTENSIONS_DESERET: &[i32] = &[
    0x10400, 0x10450,
];

static SCRIPT_EXTENSIONS_DEVANAGARI: &[i32] = &[
    0x2bc, 0x2bd, 0x900, 0x953, 0x955, 0x980, 0x1cd0, 0x1cf7, 0x1cf8, 0x1cfa, 0x20f0, 0x20f1,
    0xa830, 0xa83a, 0xa8e0, 0xa900, 0x11b00, 0x11b0a,
];

static SCRIPT_EXTENSIONS_DIVES_AKURU: &[i32] = &[
    0x11900, 0x11907, 0x11909, 0x1190a, 0x1190c, 0x11914, 0x11915, 0x11917, 0x11918, 0x11936, 0x11937, 0x11939,
    0x1193b, 0x11947, 0x11950, 0x1195a,
];

static SCRIPT_EXTENSIONS_DOGRA: &[i32] = &[
    0x964, 0x970, 0xa830, 0xa83a, 0x11800, 0x1183c,
];

static SCRIPT_EXTENSIONS_DUPLOYAN: &[i32] = &[
    0xb7, 0xb8, 0x307, 0x309, 0x30a, 0x30b, 0x323, 0x325, 0x2e3c, 0x2e3d, 0x1bc00, 0x1bc6b,
    0x1bc70, 0x1bc7d, 0x1bc80, 0x1bc89, 0x1bc90, 0x1bc9a, 0x1bc9c, 0x1bca4,
];

static SCRIPT_EXTENSIONS_EGYPTIAN_HIEROGLYPHS: &[i32] = &[
    0x13000, 0x13456, 0x13460, 0x143fb,
];

static SCRIPT_EXTENSIONS_ELBASAN: &[i32] = &[
    0xb7, 0xb8, 0x305, 0x306, 0x10500, 0x10528,
];

static SCRIPT_EXTENSIONS_ELYMAIC: &[i32] = &[
    0x10fe0, 0x10ff7,
];

static SCRIPT_EXTENSIONS_ETHIOPIC: &[i32] = &[
    0x30e, 0x30f, 0x1200, 0x1249, 0x124a, 0x124e, 0x1250, 0x1257, 0x1258, 0x1259, 0x125a, 0x125e,
    0x1260, 0x1289, 0x128a, 0x128e, 0x1290, 0x12b1, 0x12b2, 0x12b6, 0x12b8, 0x12bf, 0x12c0, 0x12c1,
    0x12c2, 0x12c6, 0x12c8, 0x12d7, 0x12d8, 0x1311, 0x1312, 0x1316, 0x1318, 0x135b, 0x135d, 0x137d,
    0x1380, 0x139a, 0x2d80, 0x2d97, 0x2da0, 0x2da7, 0x2da8, 0x2daf, 0x2db0, 0x2db7, 0x2db8, 0x2dbf,
    0x2dc0, 0x2dc7, 0x2dc8, 0x2dcf, 0x2dd0, 0x2dd7, 0x2dd8, 0x2ddf, 0xab01, 0xab07, 0xab09, 0xab0f,
    0xab11, 0xab17, 0xab20, 0xab27, 0xab28, 0xab2f, 0x1e7e0, 0x1e7e7, 0x1e7e8, 0x1e7ec, 0x1e7ed, 0x1e7ef,
    0x1e7f0, 0x1e7ff,
];

static SCRIPT_EXTENSIONS_GARAY: &[i32] = &[
    0x60c, 0x60d, 0x61b, 0x61c, 0x61f, 0x620, 0x10d40, 0x10d66, 0x10d69, 0x10d86, 0x10d8e, 0x10d90,
];

static SCRIPT_EXTENSIONS_GEORGIAN: &[i32] = &[
    0xb7, 0xb8, 0x589, 0x58a, 0x10a0, 0x10c6, 0x10c7, 0x10c8, 0x10cd, 0x10ce, 0x10d0, 0x1100,
    0x1c90, 0x1cbb, 0x1cbd, 0x1cc0, 0x205a, 0x205b, 0x2d00, 0x2d26, 0x2d27, 0x2d28, 0x2d2d, 0x2d2e,
    0x2e31, 0x2e32,
];

static SCRIPT_EXTENSIONS_GLAGOLITIC: &[i32] = &[
    0xb7, 0xb8, 0x303, 0x304, 0x305, 0x306, 0x484, 0x485, 0x487, 0x488, 0x589, 0x58a,
    0x10fb, 0x10fc, 0x205a, 0x205b, 0x2c00, 0x2c60, 0x2e43, 0x2e44, 0xa66f, 0xa670, 0x1e000, 0x1e007,
    0x1e008, 0x1e019, 0x1e01b, 0x1e022, 0x1e023, 0x1e025, 0x1e026, 0x1e02b,
];

static SCRIPT_EXTENSIONS_GOTHIC: &[i32] = &[
    0xb7, 0xb8, 0x304, 0x306, 0x308, 0x309, 0x331, 0x332, 0x10330, 0x1034b,
];

static SCRIPT_EXTENSIONS_GRANTHA: &[i32] = &[
    0x951, 0x953, 0x964, 0x966, 0xbe6, 0xbf4, 0x1cd0, 0x1cd1, 0x1cd2, 0x1cd4, 0x1cf2, 0x1cf5,
    0x1cf8, 0x1cfa, 0x20f0, 0x20f1, 0x11300, 0x11304, 0x11305, 0x1130d, 0x1130f, 0x11311, 0x11313, 0x11329,
    0x1132a, 0x11331, 0x11332, 0x11334, 0x11335, 0x1133a, 0x1133b, 0x11345, 0x11347, 0x11349, 0x1134b, 0x1134e,
    0x11350, 0x11351, 0x11357, 0x11358, 0x1135d, 0x11364, 0x11366, 0x1136d, 0x11370, 0x11375, 0x11fd0, 0x11fd2,
    0x11fd3, 0x11fd4,
];

static SCRIPT_EXTENSIONS_GREEK: &[i32] = &[
    0xb7, 0xb8, 0x300, 0x302, 0x304, 0x305, 0x306, 0x307, 0x308, 0x309, 0x313, 0x314,
    0x342, 0x343, 0x345, 0x346, 0x370, 0x378, 0x37a, 0x37e, 0x37f, 0x380, 0x384, 0x385,
    0x386, 0x387, 0x388, 0x38b, 0x38c, 0x38d, 0x38e, 0x3a2, 0x3a3, 0x3e2, 0x3f0, 0x400,
    0x1d26, 0x1d2b, 0x1d5d, 0x1d62, 0x1d66, 0x1d6b, 0x1dbf, 0x1dc2, 0x1f00, 0x1f16, 0x1f18, 0x1f1e,
    0x1f20, 0x1f46, 0x1f48, 0x1f4e, 0x1f50, 0x1f58, 0x1f59, 0x1f5a, 0x1f5b, 0x1f5c, 0x1f5d, 0x1f5e,
    0x1f5f, 0x1f7e, 0x1f80, 0x1fb5, 0x1fb6, 0x1fc5, 0x1fc6, 0x1fd4, 0x1fd6, 0x1fdc, 0x1fdd, 0x1ff0,
    0x1ff2, 0x1ff5, 0x1ff6, 0x1fff, 0x205d, 0x205e, 0x2126, 0x2127, 0xab65, 0xab66, 0x10140, 0x1018f,
    0x101a0, 0x101a1, 0x1d200, 0x1d246,
];

static SCRIPT_EXTENSIONS_GUJARATI: &[i32] = &[
    0x951, 0x953, 0x964, 0x966, 0xa81, 0xa84, 0xa85, 0xa8e, 0xa8f, 0xa92, 0xa93, 0xaa9,
    0xaaa, 0xab1, 0xab2, 0xab4, 0xab5, 0xaba, 0xabc, 0xac6, 0xac7, 0xaca, 0xacb, 0xace,
    0xad0, 0xad1, 0xae0, 0xae4, 0xae6, 0xaf2, 0xaf9, 0xb00, 0xa830, 0xa83a,
];

static SCRIPT_EXTENSIONS_GUNJALA_GONDI: &[i32] = &[
    0xb7, 0xb8, 0x964, 0x966, 0x11d60, 0x11d66, 0x11d67, 0x11d69, 0x11d6a, 0x11d8f, 0x11d90, 0x11d92,
    0x11d93, 0x11d99, 0x11da0, 0x11daa,
];

static SCRIPT_EXTENSIONS_GURMUKHI: &[i32] = &[
    0x951, 0x953, 0x964, 0x966, 0xa01, 0xa04, 0xa05, 0xa0b, 0xa0f, 0xa11, 0xa13, 0xa29,
    0xa2a, 0xa31, 0xa32, 0xa34, 0xa35, 0xa37, 0xa38, 0xa3a, 0xa3c, 0xa3d, 0xa3e, 0xa43,
    0xa47, 0xa49, 0xa4b, 0xa4e, 0xa51, 0xa52, 0xa59, 0xa5d, 0xa5e, 0xa5f, 0xa66, 0xa77,
    0xa830, 0xa83a,
];

static SCRIPT_EXTENSIONS_GURUNG_KHEMA: &[i32] = &[
    0x965, 0x966, 0x16100, 0x1613a,
];

static SCRIPT_EXTENSIONS_HAN: &[i32] = &[
    0xb7, 0xb8, 0x2e80, 0x2e9a, 0x2e9b, 0x2ef4, 0x2f00, 0x2fd6, 0x2ff0, 0x3000, 0x3001, 0x3004,
    0x3005, 0x3012, 0x3013, 0x3020, 0x3021, 0x302e, 0x3030, 0x3031, 0x3037, 0x3040, 0x30fb, 0x30fc,
    0x3190, 0x31a0, 0x31c0, 0x31e6, 0x31ef, 0x31f0, 0x3220, 0x3248, 0x3280, 0x32b1, 0x32c0, 0x32cc,
    0x32ff, 0x3300, 0x3358, 0x3371, 0x337b, 0x3380, 0x33e0, 0x33ff, 0x3400, 0x4dc0, 0x4e00, 0xa000,
    0xa700, 0xa708, 0xf900, 0xfa6e, 0xfa70, 0xfada, 0xfe45, 0xfe47, 0xff61, 0xff66, 0x16fe2, 0x16fe4,
    0x16ff0, 0x16ff7, 0x1d360, 0x1d372, 0x1f250, 0x1f252, 0x20000, 0x2a6e0, 0x2a700, 0x2b81e, 0x2b820, 0x2ceae,
    0x2ceb0, 0x2ebe1, 0x2ebf0, 0x2ee5e, 0x2f800, 0x2fa1e, 0x30000, 0x3134b, 0x31350, 0x3347a,
];

static SCRIPT_EXTENSIONS_HANGUL: &[i32] = &[
    0x1100, 0x1200, 0x3001, 0x3004, 0x3008, 0x3012, 0x3013, 0x3020, 0x302e, 0x3031, 0x3037, 0x3038,
    0x30fb, 0x30fc, 0x3131, 0x318f, 0x3200, 0x321f, 0x3260, 0x327f, 0xa960, 0xa97d, 0xac00, 0xd7a4,
    0xd7b0, 0xd7c7, 0xd7cb, 0xd7fc, 0xfe45, 0xfe47, 0xff61, 0xff66, 0xffa0, 0xffbf, 0xffc2, 0xffc8,
    0xffca, 0xffd0, 0xffd2, 0xffd8, 0xffda, 0xffdd,
];

static SCRIPT_EXTENSIONS_HANIFI_ROHINGYA: &[i32] = &[
    0x60c, 0x60d, 0x61b, 0x61c, 0x61f, 0x620, 0x640, 0x641, 0x6d4, 0x6d5, 0x10d00, 0x10d28,
    0x10d30, 0x10d3a,
];

static SCRIPT_EXTENSIONS_HANUNOO: &[i32] = &[
    0x1720, 0x1737,
];

static SCRIPT_EXTENSIONS_HATRAN: &[i32] = &[
    0x108e0, 0x108f3, 0x108f4, 0x108f6, 0x108fb, 0x10900,
];

static SCRIPT_EXTENSIONS_HEBREW: &[i32] = &[
    0x307, 0x309, 0x591, 0x5c8, 0x5d0, 0x5eb, 0x5ef, 0x5f5, 0xfb1d, 0xfb37, 0xfb38, 0xfb3d,
    0xfb3e, 0xfb3f, 0xfb40, 0xfb42, 0xfb43, 0xfb45, 0xfb46, 0xfb50,
];

static SCRIPT_EXTENSIONS_HIRAGANA: &[i32] = &[
    0x3001, 0x3004, 0x3008, 0x3012, 0x3013, 0x3020, 0x3030, 0x3036, 0x3037, 0x3038, 0x303c, 0x303e,
    0x3041, 0x3097, 0x3099, 0x30a1, 0x30fb, 0x30fd, 0xfe45, 0xfe47, 0xff61, 0xff66, 0xff70, 0xff71,
    0xff9e, 0xffa0, 0x1b001, 0x1b120, 0x1b132, 0x1b133, 0x1b150, 0x1b153, 0x1f200, 0x1f201,
];

static SCRIPT_EXTENSIONS_IMPERIAL_ARAMAIC: &[i32] = &[
    0x10840, 0x10856, 0x10857, 0x10860,
];

static SCRIPT_EXTENSIONS_INHERITED: &[i32] = &[
    0x30f, 0x310, 0x312, 0x313, 0x314, 0x323, 0x326, 0x32d, 0x32f, 0x330, 0x332, 0x342,
    0x343, 0x345, 0x346, 0x358, 0x359, 0x35e, 0x35f, 0x363, 0x953, 0x955, 0x1ab0, 0x1ade,
    0x1ae0, 0x1aec, 0x1dc2, 0x1df8, 0x1df9, 0x1dfa, 0x1dfb, 0x1e00, 0x200c, 0x200e, 0x20d0, 0x20f0,
    0xfe00, 0xfe10, 0xfe20, 0xfe2e, 0x101fd, 0x101fe, 0x1cf00, 0x1cf2e, 0x1cf30, 0x1cf47, 0x1d167, 0x1d16a,
    0x1d17b, 0x1d183, 0x1d185, 0x1d18c, 0x1d1aa, 0x1d1ae, 0xe0100, 0xe01f0,
];

static SCRIPT_EXTENSIONS_INSCRIPTIONAL_PAHLAVI: &[i32] = &[
    0x10b60, 0x10b73, 0x10b78, 0x10b80,
];

static SCRIPT_EXTENSIONS_INSCRIPTIONAL_PARTHIAN: &[i32] = &[
    0x10b40, 0x10b56, 0x10b58, 0x10b60,
];

static SCRIPT_EXTENSIONS_JAVANESE: &[i32] = &[
    0xa980, 0xa9ce, 0xa9cf, 0xa9da, 0xa9de, 0xa9e0,
];

static SCRIPT_EXTENSIONS_KAITHI: &[i32] = &[
    0x966, 0x970, 0x2e31, 0x2e32, 0xa830, 0xa83a, 0x11080, 0x110c3, 0x110cd, 0x110ce,
];

static SCRIPT_EXTENSIONS_KANNADA: &[i32] = &[
    0x951, 0x953, 0x964, 0x966, 0xc80, 0xc8d, 0xc8e, 0xc91, 0xc92, 0xca9, 0xcaa, 0xcb4,
    0xcb5, 0xcba, 0xcbc, 0xcc5, 0xcc6, 0xcc9, 0xcca, 0xcce, 0xcd5, 0xcd7, 0xcdc, 0xcdf,
    0xce0, 0xce4, 0xce6, 0xcf0, 0xcf1, 0xcf4, 0x1cd0, 0x1cd1, 0x1cd2, 0x1cd4, 0x1cda, 0x1cdb,
    0x1cf2, 0x1cf3, 0x1cf4, 0x1cf5, 0xa830, 0xa836,
];

static SCRIPT_EXTENSIONS_KATAKANA: &[i32] = &[
    0x305, 0x306, 0x323, 0x324, 0x3001, 0x3004, 0x3008, 0x3012, 0x3013, 0x3020, 0x3030, 0x3036,
    0x3037, 0x3038, 0x303c, 0x303e, 0x3099, 0x309d, 0x30a0, 0x3100, 0x31f0, 0x3200, 0x32d0, 0x32ff,
    0x3300, 0x3358, 0xfe45, 0xfe47, 0xff61, 0xffa0, 0x1aff0, 0x1aff4, 0x1aff5, 0x1affc, 0x1affd, 0x1afff,
    0x1b000, 0x1b001, 0x1b120, 0x1b123, 0x1b155, 0x1b156, 0x1b164, 0x1b168,
];

static SCRIPT_EXTENSIONS_KAWI: &[i32] = &[
    0x11f00, 0x11f11, 0x11f12, 0x11f3b, 0x11f3e, 0x11f5b,
];

static SCRIPT_EXTENSIONS_KAYAH_LI: &[i32] = &[
    0xa900, 0xa930,
];

static SCRIPT_EXTENSIONS_KHAROSHTHI: &[i32] = &[
    0x10a00, 0x10a04, 0x10a05, 0x10a07, 0x10a0c, 0x10a14, 0x10a15, 0x10a18, 0x10a19, 0x10a36, 0x10a38, 0x10a3b,
    0x10a3f, 0x10a49, 0x10a50, 0x10a59,
];

static SCRIPT_EXTENSIONS_KHITAN_SMALL_SCRIPT: &[i32] = &[
    0x16fe4, 0x16fe5, 0x18b00, 0x18cd6, 0x18cff, 0x18d00,
];

static SCRIPT_EXTENSIONS_KHMER: &[i32] = &[
    0x1780, 0x17de, 0x17e0, 0x17ea, 0x17f0, 0x17fa, 0x19e0, 0x1a00,
];

static SCRIPT_EXTENSIONS_KHOJKI: &[i32] = &[
    0xae6, 0xaf0, 0xa830, 0xa83a, 0x11200, 0x11212, 0x11213, 0x11242,
];

static SCRIPT_EXTENSIONS_KHUDAWADI: &[i32] = &[
    0x964, 0x966, 0xa830, 0xa83a, 0x112b0, 0x112eb, 0x112f0, 0x112fa,
];

static SCRIPT_EXTENSIONS_KIRAT_RAI: &[i32] = &[
    0x16d40, 0x16d7a,
];

static SCRIPT_EXTENSIONS_LAO: &[i32] = &[
    0xe81, 0xe83, 0xe84, 0xe85, 0xe86, 0xe8b, 0xe8c, 0xea4, 0xea5, 0xea6, 0xea7, 0xebe,
    0xec0, 0xec5, 0xec6, 0xec7, 0xec8, 0xecf, 0xed0, 0xeda, 0xedc, 0xee0,
];

static SCRIPT_EXTENSIONS_LATIN: &[i32] = &[
    0x41, 0x5b, 0x61, 0x7b, 0xaa, 0xab, 0xb7, 0xb8, 0xba, 0xbb, 0xc0, 0xd7,
    0xd8, 0xf7, 0xf8, 0x2b9, 0x2bc, 0x2bd, 0x2c7, 0x2c8, 0x2c9, 0x2cc, 0x2cd, 0x2ce,
    0x2d7, 0x2d8, 0x2d9, 0x2da, 0x2e0, 0x2e5, 0x300, 0x30f, 0x310, 0x312, 0x313, 0x314,
    0x323, 0x326, 0x32d, 0x32f, 0x330, 0x332, 0x358, 0x359, 0x35e, 0x35f, 0x363, 0x370,
    0x485, 0x487, 0x951, 0x953, 0x10fb, 0x10fc, 0x1d00, 0x1d26, 0x1d2c, 0x1d5d, 0x1d62, 0x1d66,
    0x1d6b, 0x1d78, 0x1d79, 0x1dbf, 0x1df8, 0x1df9, 0x1e00, 0x1f00, 0x202f, 0x2030, 0x2071, 0x2072,
    0x207f, 0x2080, 0x2090, 0x209d, 0x20f0, 0x20f1, 0x212a, 0x212c, 0x2132, 0x2133, 0x214e, 0x214f,
    0x2160, 0x2189, 0x2c60, 0x2c80, 0x2e17, 0x2e18, 0xa700, 0xa708, 0xa722, 0xa788, 0xa78b, 0xa7dd,
    0xa7f1, 0xa800, 0xa92e, 0xa92f, 0xab30, 0xab5b, 0xab5c, 0xab65, 0xab66, 0xab6a, 0xfb00, 0xfb07,
    0xff21, 0xff3b, 0xff41, 0xff5b, 0x10780, 0x10786, 0x10787, 0x107b1, 0x107b2, 0x107bb, 0x1df00, 0x1df1f,
    0x1df25, 0x1df2b,
];

static SCRIPT_EXTENSIONS_LEPCHA: &[i32] = &[
    0x1c00, 0x1c38, 0x1c3b, 0x1c4a, 0x1c4d, 0x1c50,
];

static SCRIPT_EXTENSIONS_LIMBU: &[i32] = &[
    0x965, 0x966, 0x1900, 0x191f, 0x1920, 0x192c, 0x1930, 0x193c, 0x1940, 0x1941, 0x1944, 0x1950,
];

static SCRIPT_EXTENSIONS_LINEAR_A: &[i32] = &[
    0x10107, 0x10134, 0x10600, 0x10737, 0x10740, 0x10756, 0x10760, 0x10768,
];

static SCRIPT_EXTENSIONS_LINEAR_B: &[i32] = &[
    0x10000, 0x1000c, 0x1000d, 0x10027, 0x10028, 0x1003b, 0x1003c, 0x1003e, 0x1003f, 0x1004e, 0x10050, 0x1005e,
    0x10080, 0x100fb, 0x10100, 0x10103, 0x10107, 0x10134, 0x10137, 0x10140,
];

static SCRIPT_EXTENSIONS_LISU: &[i32] = &[
    0x2bc, 0x2bd, 0x2cd, 0x2ce, 0x300a, 0x300c, 0xa4d0, 0xa500, 0x11fb0, 0x11fb1,
];

static SCRIPT_EXTENSIONS_LYCIAN: &[i32] = &[
    0x205a, 0x205b, 0x10280, 0x1029d,
];

static SCRIPT_EXTENSIONS_LYDIAN: &[i32] = &[
    0xb7, 0xb8, 0x2e31, 0x2e32, 0x10920, 0x1093a, 0x1093f, 0x10940,
];

static SCRIPT_EXTENSIONS_MAHAJANI: &[i32] = &[
    0xb7, 0xb8, 0x964, 0x970, 0xa830, 0xa83a, 0x11150, 0x11177,
];

static SCRIPT_EXTENSIONS_MAKASAR: &[i32] = &[
    0x11ee0, 0x11ef9,
];

static SCRIPT_EXTENSIONS_MALAYALAM: &[i32] = &[
    0x951, 0x953, 0x964, 0x966, 0xd00, 0xd0d, 0xd0e, 0xd11, 0xd12, 0xd45, 0xd46, 0xd49,
    0xd4a, 0xd50, 0xd54, 0xd64, 0xd66, 0xd80, 0x1cda, 0x1cdb, 0x1cf2, 0x1cf3, 0xa830, 0xa833,
];

static SCRIPT_EXTENSIONS_MANDAIC: &[i32] = &[
    0x640, 0x641, 0x840, 0x85c, 0x85e, 0x85f,
];

static SCRIPT_EXTENSIONS_MANICHAEAN: &[i32] = &[
    0x640, 0x641, 0x10ac0, 0x10ae7, 0x10aeb, 0x10af7,
];

static SCRIPT_EXTENSIONS_MARCHEN: &[i32] = &[
    0x11c70, 0x11c90, 0x11c92, 0x11ca8, 0x11ca9, 0x11cb7,
];

static SCRIPT_EXTENSIONS_MASARAM_GONDI: &[i32] = &[
    0x964, 0x966, 0x11d00, 0x11d07, 0x11d08, 0x11d0a, 0x11d0b, 0x11d37, 0x11d3a, 0x11d3b, 0x11d3c, 0x11d3e,
    0x11d3f, 0x11d48, 0x11d50, 0x11d5a,
];

static SCRIPT_EXTENSIONS_MEDEFAIDRIN: &[i32] = &[
    0x16e40, 0x16e9b,
];

static SCRIPT_EXTENSIONS_MEETEI_MAYEK: &[i32] = &[
    0xaae0, 0xaaf7, 0xabc0, 0xabee, 0xabf0, 0xabfa,
];

static SCRIPT_EXTENSIONS_MENDE_KIKAKUI: &[i32] = &[
    0x1e800, 0x1e8c5, 0x1e8c7, 0x1e8d7,
];

static SCRIPT_EXTENSIONS_MEROITIC_CURSIVE: &[i32] = &[
    0x109a0, 0x109b8, 0x109bc, 0x109d0, 0x109d2, 0x10a00,
];

static SCRIPT_EXTENSIONS_MEROITIC_HIEROGLYPHS: &[i32] = &[
    0x205d, 0x205e, 0x10980, 0x109a0,
];

static SCRIPT_EXTENSIONS_MIAO: &[i32] = &[
    0x16f00, 0x16f4b, 0x16f4f, 0x16f88, 0x16f8f, 0x16fa0,
];

static SCRIPT_EXTENSIONS_MODI: &[i32] = &[
    0xa830, 0xa83a, 0x11600, 0x11645, 0x11650, 0x1165a,
];

static SCRIPT_EXTENSIONS_MONGOLIAN: &[i32] = &[
    0x1800, 0x181a, 0x1820, 0x1879, 0x1880, 0x18ab, 0x202f, 0x2030, 0x3001, 0x3003, 0x3008, 0x300c,
    0x11660, 0x1166d,
];

static SCRIPT_EXTENSIONS_MRO: &[i32] = &[
    0x16a40, 0x16a5f, 0x16a60, 0x16a6a, 0x16a6e, 0x16a70,
];

static SCRIPT_EXTENSIONS_MULTANI: &[i32] = &[
    0xa66, 0xa70, 0x11280, 0x11287, 0x11288, 0x11289, 0x1128a, 0x1128e, 0x1128f, 0x1129e, 0x1129f, 0x112aa,
];

static SCRIPT_EXTENSIONS_MYANMAR: &[i32] = &[
    0x1000, 0x10a0, 0xa92e, 0xa92f, 0xa9e0, 0xa9ff, 0xaa60, 0xaa80, 0x116d0, 0x116e4,
];

static SCRIPT_EXTENSIONS_NABATAEAN: &[i32] = &[
    0x10880, 0x1089f, 0x108a7, 0x108b0,
];

static SCRIPT_EXTENSIONS_NAG_MUNDARI: &[i32] = &[
    0x1e4d0, 0x1e4fa,
];

static SCRIPT_EXTENSIONS_NANDINAGARI: &[i32] = &[
    0x951, 0x952, 0x964, 0x966, 0xce6, 0xcf0, 0x1ce9, 0x1cea, 0x1cf2, 0x1cf3, 0x1cfa, 0x1cfb,
    0xa830, 0xa836, 0x119a0, 0x119a8, 0x119aa, 0x119d8, 0x119da, 0x119e5,
];

static SCRIPT_EXTENSIONS_NEW_TAI_LUE: &[i32] = &[
    0x1980, 0x19ac, 0x19b0, 0x19ca, 0x19d0, 0x19db, 0x19de, 0x19e0,
];

static SCRIPT_EXTENSIONS_NEWA: &[i32] = &[
    0x951, 0x953, 0x1cd5, 0x1cd6, 0x1cd7, 0x1cd9, 0x1ce2, 0x1ce3, 0x1ce9, 0x1cea, 0x1ceb, 0x1cec,
    0x1ced, 0x1cee, 0x11400, 0x1145c, 0x1145d, 0x11462,
];

static SCRIPT_EXTENSIONS_NKO: &[i32] = &[
    0x60c, 0x60d, 0x61b, 0x61c, 0x61f, 0x620, 0x7c0, 0x7fb, 0x7fd, 0x800, 0xfd3e, 0xfd40,
];

static SCRIPT_EXTENSIONS_NUSHU: &[i32] = &[
    0x16fe1, 0x16fe2, 0x1b170, 0x1b2fc,
];

static SCRIPT_EXTENSIONS_NYIAKENG_PUACHUE_HMONG: &[i32] = &[
    0x1e100, 0x1e12d, 0x1e130, 0x1e13e, 0x1e140, 0x1e14a, 0x1e14e, 0x1e150,
];

static SCRIPT_EXTENSIONS_OGHAM: &[i32] = &[
    0x1680, 0x169d,
];

static SCRIPT_EXTENSIONS_OL_CHIKI: &[i32] = &[
    0x1c50, 0x1c80,
];

static SCRIPT_EXTENSIONS_OL_ONAL: &[i32] = &[
    0x964, 0x966, 0x1e5d0, 0x1e5fb, 0x1e5ff, 0x1e600,
];

static SCRIPT_EXTENSIONS_OLD_HUNGARIAN: &[i32] = &[
    0x205a, 0x205b, 0x205d, 0x205e, 0x2e31, 0x2e32, 0x2e41, 0x2e42, 0x10c80, 0x10cb3, 0x10cc0, 0x10cf3,
    0x10cfa, 0x10d00,
];

static SCRIPT_EXTENSIONS_OLD_ITALIC: &[i32] = &[
    0x10300, 0x10324, 0x1032d, 0x10330,
];

static SCRIPT_EXTENSIONS_OLD_NORTH_ARABIAN: &[i32] = &[
    0x10a80, 0x10aa0,
];

static SCRIPT_EXTENSIONS_OLD_PERMIC: &[i32] = &[
    0xb7, 0xb8, 0x300, 0x301, 0x306, 0x309, 0x313, 0x314, 0x483, 0x484, 0x10350, 0x1037b,
];

static SCRIPT_EXTENSIONS_OLD_PERSIAN: &[i32] = &[
    0x103a0, 0x103c4, 0x103c8, 0x103d6,
];

static SCRIPT_EXTENSIONS_OLD_SOGDIAN: &[i32] = &[
    0x10f00, 0x10f28,
];

static SCRIPT_EXTENSIONS_OLD_SOUTH_ARABIAN: &[i32] = &[
    0x10a60, 0x10a80,
];

static SCRIPT_EXTENSIONS_OLD_TURKIC: &[i32] = &[
    0x205a, 0x205b, 0x2e30, 0x2e31, 0x10c00, 0x10c49,
];

static SCRIPT_EXTENSIONS_OLD_UYGHUR: &[i32] = &[
    0x640, 0x641, 0x10af2, 0x10af3, 0x10f70, 0x10f8a,
];

static SCRIPT_EXTENSIONS_ORIYA: &[i32] = &[
    0x951, 0x953, 0x964, 0x966, 0xb01, 0xb04, 0xb05, 0xb0d, 0xb0f, 0xb11, 0xb13, 0xb29,
    0xb2a, 0xb31, 0xb32, 0xb34, 0xb35, 0xb3a, 0xb3c, 0xb45, 0xb47, 0xb49, 0xb4b, 0xb4e,
    0xb55, 0xb58, 0xb5c, 0xb5e, 0xb5f, 0xb64, 0xb66, 0xb78, 0x1cda, 0x1cdb, 0x1cf2, 0x1cf3,
];

static SCRIPT_EXTENSIONS_OSAGE: &[i32] = &[
    0x301, 0x302, 0x304, 0x305, 0x30b, 0x30c, 0x358, 0x359, 0x104b0, 0x104d4, 0x104d8, 0x104fc,
];

static SCRIPT_EXTENSIONS_OSMANYA: &[i32] = &[
    0x10480, 0x1049e, 0x104a0, 0x104aa,
];

static SCRIPT_EXTENSIONS_PAHAWH_HMONG: &[i32] = &[
    0x16b00, 0x16b46, 0x16b50, 0x16b5a, 0x16b5b, 0x16b62, 0x16b63, 0x16b78, 0x16b7d, 0x16b90,
];

static SCRIPT_EXTENSIONS_PALMYRENE: &[i32] = &[
    0x10860, 0x10880,
];

static SCRIPT_EXTENSIONS_PAU_CIN_HAU: &[i32] = &[
    0x11ac0, 0x11af9,
];

static SCRIPT_EXTENSIONS_PHAGS_PA: &[i32] = &[
    0x1802, 0x1804, 0x1805, 0x1806, 0x202f, 0x2030, 0x3002, 0x3003, 0xa840, 0xa878,
];

static SCRIPT_EXTENSIONS_PHOENICIAN: &[i32] = &[
    0x10900, 0x1091c, 0x1091f, 0x10920,
];

static SCRIPT_EXTENSIONS_PSALTER_PAHLAVI: &[i32] = &[
    0x640, 0x641, 0x10b80, 0x10b92, 0x10b99, 0x10b9d, 0x10ba9, 0x10bb0,
];

static SCRIPT_EXTENSIONS_REJANG: &[i32] = &[
    0xa930, 0xa954, 0xa95f, 0xa960,
];

static SCRIPT_EXTENSIONS_RUNIC: &[i32] = &[
    0x16a0, 0x16f9,
];

static SCRIPT_EXTENSIONS_SAMARITAN: &[i32] = &[
    0x800, 0x82e, 0x830, 0x83f, 0x2e31, 0x2e32,
];

static SCRIPT_EXTENSIONS_SAURASHTRA: &[i32] = &[
    0xa880, 0xa8c6, 0xa8ce, 0xa8da,
];

static SCRIPT_EXTENSIONS_SHARADA: &[i32] = &[
    0x951, 0x952, 0x1cd7, 0x1cd8, 0x1cd9, 0x1cda, 0x1cdc, 0x1cde, 0x1ce0, 0x1ce1, 0x1cea, 0x1ceb,
    0x1ced, 0x1cee, 0xa830, 0xa836, 0xa838, 0xa839, 0x11180, 0x111e0, 0x11b60, 0x11b68,
];

static SCRIPT_EXTENSIONS_SHAVIAN: &[i32] = &[
    0xb7, 0xb8, 0x10450, 0x10480,
];

static SCRIPT_EXTENSIONS_SIDDHAM: &[i32] = &[
    0x11580, 0x115b6, 0x115b8, 0x115de,
];

static SCRIPT_EXTENSIONS_SIDETIC: &[i32] = &[
    0x10940, 0x1095a,
];

static SCRIPT_EXTENSIONS_SIGNWRITING: &[i32] = &[
    0x1d800, 0x1da8c, 0x1da9b, 0x1daa0, 0x1daa1, 0x1dab0,
];

static SCRIPT_EXTENSIONS_SINHALA: &[i32] = &[
    0x964, 0x966, 0xd81, 0xd84, 0xd85, 0xd97, 0xd9a, 0xdb2, 0xdb3, 0xdbc, 0xdbd, 0xdbe,
    0xdc0, 0xdc7, 0xdca, 0xdcb, 0xdcf, 0xdd5, 0xdd6, 0xdd7, 0xdd8, 0xde0, 0xde6, 0xdf0,
    0xdf2, 0xdf5, 0x1cf2, 0x1cf3, 0x111e1, 0x111f5,
];

static SCRIPT_EXTENSIONS_SOGDIAN: &[i32] = &[
    0x640, 0x641, 0x10f30, 0x10f5a,
];

static SCRIPT_EXTENSIONS_SORA_SOMPENG: &[i32] = &[
    0x110d0, 0x110e9, 0x110f0, 0x110fa,
];

static SCRIPT_EXTENSIONS_SOYOMBO: &[i32] = &[
    0x11a50, 0x11aa3,
];

static SCRIPT_EXTENSIONS_SUNDANESE: &[i32] = &[
    0x1b80, 0x1bc0, 0x1cc0, 0x1cc8,
];

static SCRIPT_EXTENSIONS_SUNUWAR: &[i32] = &[
    0x300, 0x302, 0x303, 0x304, 0x30d, 0x30e, 0x310, 0x311, 0x32d, 0x32e, 0x331, 0x332,
    0x11bc0, 0x11be2, 0x11bf0, 0x11bfa,
];

static SCRIPT_EXTENSIONS_SYLOTI_NAGRI: &[i32] = &[
    0x964, 0x966, 0x9e6, 0x9f0, 0xa800, 0xa82d,
];

static SCRIPT_EXTENSIONS_SYRIAC: &[i32] = &[
    0x303, 0x305, 0x307, 0x309, 0x30a, 0x30b, 0x323, 0x326, 0x32d, 0x32f, 0x330, 0x332,
    0x60c, 0x60d, 0x61b, 0x61d, 0x61f, 0x620, 0x640, 0x641, 0x64b, 0x656, 0x670, 0x671,
    0x700, 0x70e, 0x70f, 0x74b, 0x74d, 0x750, 0x860, 0x86b, 0x1df8, 0x1df9, 0x1dfa, 0x1dfb,
];

static SCRIPT_EXTENSIONS_TAGALOG: &[i32] = &[
    0x1700, 0x1716, 0x171f, 0x1720, 0x1735, 0x1737,
];

static SCRIPT_EXTENSIONS_TAGBANWA: &[i32] = &[
    0x1735, 0x1737, 0x1760, 0x176d, 0x176e, 0x1771, 0x1772, 0x1774,
];

static SCRIPT_EXTENSIONS_TAI_LE: &[i32] = &[
    0x300, 0x302, 0x307, 0x309, 0x30c, 0x30d, 0x1040, 0x104a, 0x1950, 0x196e, 0x1970, 0x1975,
];

static SCRIPT_EXTENSIONS_TAI_THAM: &[i32] = &[
    0x1a20, 0x1a5f, 0x1a60, 0x1a7d, 0x1a7f, 0x1a8a, 0x1a90, 0x1a9a, 0x1aa0, 0x1aae,
];

static SCRIPT_EXTENSIONS_TAI_VIET: &[i32] = &[
    0xaa80, 0xaac3, 0xaadb, 0xaae0,
];

static SCRIPT_EXTENSIONS_TAI_YO: &[i32] = &[
    0x1e6c0, 0x1e6df, 0x1e6e0, 0x1e6f6, 0x1e6fe, 0x1e700,
];

static SCRIPT_EXTENSIONS_TAKRI: &[i32] = &[
    0x964, 0x966, 0xa830, 0xa83a, 0x11680, 0x116ba, 0x116c0, 0x116ca,
];

static SCRIPT_EXTENSIONS_TAMIL: &[i32] = &[
    0x951, 0x953, 0x964, 0x966, 0xb82, 0xb84, 0xb85, 0xb8b, 0xb8e, 0xb91, 0xb92, 0xb96,
    0xb99, 0xb9b, 0xb9c, 0xb9d, 0xb9e, 0xba0, 0xba3, 0xba5, 0xba8, 0xbab, 0xbae, 0xbba,
    0xbbe, 0xbc3, 0xbc6, 0xbc9, 0xbca, 0xbce, 0xbd0, 0xbd1, 0xbd7, 0xbd8, 0xbe6, 0xbfb,
    0x1cda, 0x1cdb, 0xa8f3, 0xa8f4, 0x11301, 0x11302, 0x11303, 0x11304, 0x1133b, 0x1133d, 0x11fc0, 0x11ff2,
    0x11fff, 0x12000,
];

static SCRIPT_EXTENSIONS_TANGSA: &[i32] = &[
    0x16a70, 0x16abf, 0x16ac0, 0x16aca,
];

static SCRIPT_EXTENSIONS_TANGUT: &[i32] = &[
    0x2ff0, 0x3000, 0x31ef, 0x31f0, 0x16fe0, 0x16fe1, 0x17000, 0x18b00, 0x18d00, 0x18d1f, 0x18d80, 0x18df3,
];

static SCRIPT_EXTENSIONS_TELUGU: &[i32] = &[
    0x951, 0x953, 0x964, 0x966, 0xc00, 0xc0d, 0xc0e, 0xc11, 0xc12, 0xc29, 0xc2a, 0xc3a,
    0xc3c, 0xc45, 0xc46, 0xc49, 0xc4a, 0xc4e, 0xc55, 0xc57, 0xc58, 0xc5b, 0xc5c, 0xc5e,
    0xc60, 0xc64, 0xc66, 0xc70, 0xc77, 0xc80, 0x1cd5, 0x1cd7, 0x1cd8, 0x1cd9, 0x1cda, 0x1cdb,
    0x1cf2, 0x1cf3,
];

static SCRIPT_EXTENSIONS_THAANA: &[i32] = &[
    0x60c, 0x60d, 0x61b, 0x61d, 0x61f, 0x620, 0x660, 0x66a, 0x780, 0x7b2, 0xfdf2, 0xfdf3,
    0xfdfd, 0xfdfe,
];

static SCRIPT_EXTENSIONS_THAI: &[i32] = &[
    0x2bc, 0x2bd, 0x2d7, 0x2d8, 0x303, 0x304, 0x331, 0x332, 0xe01, 0xe3b, 0xe40, 0xe5c,
];

static SCRIPT_EXTENSIONS_TIBETAN: &[i32] = &[
    0xf00, 0xf48, 0xf49, 0xf6d, 0xf71, 0xf98, 0xf99, 0xfbd, 0xfbe, 0xfcd, 0xfce, 0xfd5,
    0xfd9, 0xfdb, 0x3008, 0x300c,
];

static SCRIPT_EXTENSIONS_TIFINAGH: &[i32] = &[
    0x302, 0x303, 0x304, 0x305, 0x306, 0x30a, 0x323, 0x324, 0x2d30, 0x2d68, 0x2d6f, 0x2d71,
    0x2d7f, 0x2d80,
];

static SCRIPT_EXTENSIONS_TIRHUTA: &[i32] = &[
    0x951, 0x953, 0x964, 0x966, 0x1cd5, 0x1cd6, 0x1ce2, 0x1ce3, 0x1cf2, 0x1cf3, 0xa830, 0xa83a,
    0x11480, 0x114c8, 0x114d0, 0x114da,
];

static SCRIPT_EXTENSIONS_TODHRI: &[i32] = &[
    0x301, 0x302, 0x304, 0x305, 0x307, 0x308, 0x311, 0x312, 0x313, 0x314, 0x35e, 0x35f,
    0x105c0, 0x105f4,
];

static SCRIPT_EXTENSIONS_TOLONG_SIKI: &[i32] = &[
    0x11db0, 0x11ddc, 0x11de0, 0x11dea,
];

static SCRIPT_EXTENSIONS_TOTO: &[i32] = &[
    0x2bc, 0x2bd, 0x1e290, 0x1e2af,
];

static SCRIPT_EXTENSIONS_TULU_TIGALARI: &[i32] = &[
    0xce6, 0xcf0, 0x1cf2, 0x1cf3, 0x1cf4, 0x1cf5, 0xa830, 0xa836, 0xa8f1, 0xa8f2, 0x11380, 0x1138a,
    0x1138b, 0x1138c, 0x1138e, 0x1138f, 0x11390, 0x113b6, 0x113b7, 0x113c1, 0x113c2, 0x113c3, 0x113c5, 0x113c6,
    0x113c7, 0x113cb, 0x113cc, 0x113d6, 0x113d7, 0x113d9, 0x113e1, 0x113e3,
];

static SCRIPT_EXTENSIONS_UGARITIC: &[i32] = &[
    0x10380, 0x1039e, 0x1039f, 0x103a0,
];

static SCRIPT_EXTENSIONS_UNKNOWN: &[i32] = &[
    0x378, 0x37a, 0x380, 0x384, 0x38b, 0x38c, 0x38d, 0x38e, 0x3a2, 0x3a3, 0x530, 0x531,
    0x557, 0x559, 0x58b, 0x58d, 0x590, 0x591, 0x5c8, 0x5d0, 0x5eb, 0x5ef, 0x5f5, 0x600,
    0x70e, 0x70f, 0x74b, 0x74d, 0x7b2, 0x7c0, 0x7fb, 0x7fd, 0x82e, 0x830, 0x83f, 0x840,
    0x85c, 0x85e, 0x85f, 0x860, 0x86b, 0x870, 0x892, 0x897, 0x984, 0x985, 0x98d, 0x98f,
    0x991, 0x993, 0x9a9, 0x9aa, 0x9b1, 0x9b2, 0x9b3, 0x9b6, 0x9ba, 0x9bc, 0x9c5, 0x9c7,
    0x9c9, 0x9cb, 0x9cf, 0x9d7, 0x9d8, 0x9dc, 0x9de, 0x9df, 0x9e4, 0x9e6, 0x9ff, 0xa01,
    0xa04, 0xa05, 0xa0b, 0xa0f, 0xa11, 0xa13, 0xa29, 0xa2a, 0xa31, 0xa32, 0xa34, 0xa35,
    0xa37, 0xa38, 0xa3a, 0xa3c, 0xa3d, 0xa3e, 0xa43, 0xa47, 0xa49, 0xa4b, 0xa4e, 0xa51,
    0xa52, 0xa59, 0xa5d, 0xa5e, 0xa5f, 0xa66, 0xa77, 0xa81, 0xa84, 0xa85, 0xa8e, 0xa8f,
    0xa92, 0xa93, 0xaa9, 0xaaa, 0xab1, 0xab2, 0xab4, 0xab5, 0xaba, 0xabc, 0xac6, 0xac7,
    0xaca, 0xacb, 0xace, 0xad0, 0xad1, 0xae0, 0xae4, 0xae6, 0xaf2, 0xaf9, 0xb00, 0xb01,
    0xb04, 0xb05, 0xb0d, 0xb0f, 0xb11, 0xb13, 0xb29, 0xb2a, 0xb31, 0xb32, 0xb34, 0xb35,
    0xb3a, 0xb3c, 0xb45, 0xb47, 0xb49, 0xb4b, 0xb4e, 0xb55, 0xb58, 0xb5c, 0xb5e, 0xb5f,
    0xb64, 0xb66, 0xb78, 0xb82, 0xb84, 0xb85, 0xb8b, 0xb8e, 0xb91, 0xb92, 0xb96, 0xb99,
    0xb9b, 0xb9c, 0xb9d, 0xb9e, 0xba0, 0xba3, 0xba5, 0xba8, 0xbab, 0xbae, 0xbba, 0xbbe,
    0xbc3, 0xbc6, 0xbc9, 0xbca, 0xbce, 0xbd0, 0xbd1, 0xbd7, 0xbd8, 0xbe6, 0xbfb, 0xc00,
    0xc0d, 0xc0e, 0xc11, 0xc12, 0xc29, 0xc2a, 0xc3a, 0xc3c, 0xc45, 0xc46, 0xc49, 0xc4a,
    0xc4e, 0xc55, 0xc57, 0xc58, 0xc5b, 0xc5c, 0xc5e, 0xc60, 0xc64, 0xc66, 0xc70, 0xc77,
    0xc8d, 0xc8e, 0xc91, 0xc92, 0xca9, 0xcaa, 0xcb4, 0xcb5, 0xcba, 0xcbc, 0xcc5, 0xcc6,
    0xcc9, 0xcca, 0xcce, 0xcd5, 0xcd7, 0xcdc, 0xcdf, 0xce0, 0xce4, 0xce6, 0xcf0, 0xcf1,
    0xcf4, 0xd00, 0xd0d, 0xd0e, 0xd11, 0xd12, 0xd45, 0xd46, 0xd49, 0xd4a, 0xd50, 0xd54,
    0xd64, 0xd66, 0xd80, 0xd81, 0xd84, 0xd85, 0xd97, 0xd9a, 0xdb2, 0xdb3, 0xdbc, 0xdbd,
    0xdbe, 0xdc0, 0xdc7, 0xdca, 0xdcb, 0xdcf, 0xdd5, 0xdd6, 0xdd7, 0xdd8, 0xde0, 0xde6,
    0xdf0, 0xdf2, 0xdf5, 0xe01, 0xe3b, 0xe3f, 0xe5c, 0xe81, 0xe83, 0xe84, 0xe85, 0xe86,
    0xe8b, 0xe8c, 0xea4, 0xea5, 0xea6, 0xea7, 0xebe, 0xec0, 0xec5, 0xec6, 0xec7, 0xec8,
    0xecf, 0xed0, 0xeda, 0xedc, 0xee0, 0xf00, 0xf48, 0xf49, 0xf6d, 0xf71, 0xf98, 0xf99,
    0xfbd, 0xfbe, 0xfcd, 0xfce, 0xfdb, 0x1000, 0x10c6, 0x10c7, 0x10c8, 0x10cd, 0x10ce, 0x10d0,
    0x1249, 0x124a, 0x124e, 0x1250, 0x1257, 0x1258, 0x1259, 0x125a, 0x125e, 0x1260, 0x1289, 0x128a,
    0x128e, 0x1290, 0x12b1, 0x12b2, 0x12b6, 0x12b8, 0x12bf, 0x12c0, 0x12c1, 0x12c2, 0x12c6, 0x12c8,
    0x12d7, 0x12d8, 0x1311, 0x1312, 0x1316, 0x1318, 0x135b, 0x135d, 0x137d, 0x1380, 0x139a, 0x13a0,
    0x13f6, 0x13f8, 0x13fe, 0x1400, 0x169d, 0x16a0, 0x16f9, 0x1700, 0x1716, 0x171f, 0x1737, 0x1740,
    0x1754, 0x1760, 0x176d, 0x176e, 0x1771, 0x1772, 0x1774, 0x1780, 0x17de, 0x17e0, 0x17ea, 0x17f0,
    0x17fa, 0x1800, 0x181a, 0x1820, 0x1879, 0x1880, 0x18ab, 0x18b0, 0x18f6, 0x1900, 0x191f, 0x1920,
    0x192c, 0x1930, 0x193c, 0x1940, 0x1941, 0x1944, 0x196e, 0x1970, 0x1975, 0x1980, 0x19ac, 0x19b0,
    0x19ca, 0x19d0, 0x19db, 0x19de, 0x1a1c, 0x1a1e, 0x1a5f, 0x1a60, 0x1a7d, 0x1a7f, 0x1a8a, 0x1a90,
    0x1a9a, 0x1aa0, 0x1aae, 0x1ab0, 0x1ade, 0x1ae0, 0x1aec, 0x1b00, 0x1b4d, 0x1b4e, 0x1bf4, 0x1bfc,
    0x1c38, 0x1c3b, 0x1c4a, 0x1c4d, 0x1c8b, 0x1c90, 0x1cbb, 0x1cbd, 0x1cc8, 0x1cd0, 0x1cfb, 0x1d00,
    0x1f16, 0x1f18, 0x1f1e, 0x1f20, 0x1f46, 0x1f48, 0x1f4e, 0x1f50, 0x1f58, 0x1f59, 0x1f5a, 0x1f5b,
    0x1f5c, 0x1f5d, 0x1f5e, 0x1f5f, 0x1f7e, 0x1f80, 0x1fb5, 0x1fb6, 0x1fc5, 0x1fc6, 0x1fd4, 0x1fd6,
    0x1fdc, 0x1fdd, 0x1ff0, 0x1ff2, 0x1ff5, 0x1ff6, 0x1fff, 0x2000, 0x2065, 0x2066, 0x2072, 0x2074,
    0x208f, 0x2090, 0x209d, 0x20a0, 0x20c2, 0x20d0, 0x20f1, 0x2100, 0x218c, 0x2190, 0x242a, 0x2440,
    0x244b, 0x2460, 0x2b74, 0x2b76, 0x2cf4, 0x2cf9, 0x2d26, 0x2d27, 0x2d28, 0x2d2d, 0x2d2e, 0x2d30,
    0x2d68, 0x2d6f, 0x2d71, 0x2d7f, 0x2d97, 0x2da0, 0x2da7, 0x2da8, 0x2daf, 0x2db0, 0x2db7, 0x2db8,
    0x2dbf, 0x2dc0, 0x2dc7, 0x2dc8, 0x2dcf, 0x2dd0, 0x2dd7, 0x2dd8, 0x2ddf, 0x2de0, 0x2e5e, 0x2e80,
    0x2e9a, 0x2e9b, 0x2ef4, 0x2f00, 0x2fd6, 0x2ff0, 0x3040, 0x3041, 0x3097, 0x3099, 0x3100, 0x3105,
    0x3130, 0x3131, 0x318f, 0x3190, 0x31e6, 0x31ef, 0x321f, 0x3220, 0xa48d, 0xa490, 0xa4c7, 0xa4d0,
    0xa62c, 0xa640, 0xa6f8, 0xa700, 0xa7dd, 0xa7f1, 0xa82d, 0xa830, 0xa83a, 0xa840, 0xa878, 0xa880,
    0xa8c6, 0xa8ce, 0xa8da, 0xa8e0, 0xa954, 0xa95f, 0xa97d, 0xa980, 0xa9ce, 0xa9cf, 0xa9da, 0xa9de,
    0xa9ff, 0xaa00, 0xaa37, 0xaa40, 0xaa4e, 0xaa50, 0xaa5a, 0xaa5c, 0xaac3, 0xaadb, 0xaaf7, 0xab01,
    0xab07, 0xab09, 0xab0f, 0xab11, 0xab17, 0xab20, 0xab27, 0xab28, 0xab2f, 0xab30, 0xab6c, 0xab70,
    0xabee, 0xabf0, 0xabfa, 0xac00, 0xd7a4, 0xd7b0, 0xd7c7, 0xd7cb, 0xd7fc, 0xdc00, 0xdc00, 0xe000,
    0xe000, 0xf900, 0xfa6e, 0xfa70, 0xfada, 0xfb00, 0xfb07, 0xfb13, 0xfb18, 0xfb1d, 0xfb37, 0xfb38,
    0xfb3d, 0xfb3e, 0xfb3f, 0xfb40, 0xfb42, 0xfb43, 0xfb45, 0xfb46, 0xfdd0, 0xfdf0, 0xfe1a, 0xfe20,
    0xfe53, 0xfe54, 0xfe67, 0xfe68, 0xfe6c, 0xfe70, 0xfe75, 0xfe76, 0xfefd, 0xfeff, 0xff00, 0xff01,
    0xffbf, 0xffc2, 0xffc8, 0xffca, 0xffd0, 0xffd2, 0xffd8, 0xffda, 0xffdd, 0xffe0, 0xffe7, 0xffe8,
    0xffef, 0xfff9, 0xfffe, 0x10000, 0x1000c, 0x1000d, 0x10027, 0x10028, 0x1003b, 0x1003c, 0x1003e, 0x1003f,
    0x1004e, 0x10050, 0x1005e, 0x10080, 0x100fb, 0x10100, 0x10103, 0x10107, 0x10134, 0x10137, 0x1018f, 0x10190,
    0x1019d, 0x101a0, 0x101a1, 0x101d0, 0x101fe, 0x10280, 0x1029d, 0x102a0, 0x102d1, 0x102e0, 0x102fc, 0x10300,
    0x10324, 0x1032d, 0x1034b, 0x10350, 0x1037b, 0x10380, 0x1039e, 0x1039f, 0x103c4, 0x103c8, 0x103d6, 0x10400,
    0x1049e, 0x104a0, 0x104aa, 0x104b0, 0x104d4, 0x104d8, 0x104fc, 0x10500, 0x10528, 0x10530, 0x10564, 0x1056f,
    0x1057b, 0x1057c, 0x1058b, 0x1058c, 0x10593, 0x10594, 0x10596, 0x10597, 0x105a2, 0x105a3, 0x105b2, 0x105b3,
    0x105ba, 0x105bb, 0x105bd, 0x105c0, 0x105f4, 0x10600, 0x10737, 0x10740, 0x10756, 0x10760, 0x10768, 0x10780,
    0x10786, 0x10787, 0x107b1, 0x107b2, 0x107bb, 0x10800, 0x10806, 0x10808, 0x10809, 0x1080a, 0x10836, 0x10837,
    0x10839, 0x1083c, 0x1083d, 0x1083f, 0x10856, 0x10857, 0x1089f, 0x108a7, 0x108b0, 0x108e0, 0x108f3, 0x108f4,
    0x108f6, 0x108fb, 0x1091c, 0x1091f, 0x1093a, 0x1093f, 0x1095a, 0x10980, 0x109b8, 0x109bc, 0x109d0, 0x109d2,
    0x10a04, 0x10a05, 0x10a07, 0x10a0c, 0x10a14, 0x10a15, 0x10a18, 0x10a19, 0x10a36, 0x10a38, 0x10a3b, 0x10a3f,
    0x10a49, 0x10a50, 0x10a59, 0x10a60, 0x10aa0, 0x10ac0, 0x10ae7, 0x10aeb, 0x10af7, 0x10b00, 0x10b36, 0x10b39,
    0x10b56, 0x10b58, 0x10b73, 0x10b78, 0x10b92, 0x10b99, 0x10b9d, 0x10ba9, 0x10bb0, 0x10c00, 0x10c49, 0x10c80,
    0x10cb3, 0x10cc0, 0x10cf3, 0x10cfa, 0x10d28, 0x10d30, 0x10d3a, 0x10d40, 0x10d66, 0x10d69, 0x10d86, 0x10d8e,
    0x10d90, 0x10e60, 0x10e7f, 0x10e80, 0x10eaa, 0x10eab, 0x10eae, 0x10eb0, 0x10eb2, 0x10ec2, 0x10ec8, 0x10ed0,
    0x10ed9, 0x10efa, 0x10f28, 0x10f30, 0x10f5a, 0x10f70, 0x10f8a, 0x10fb0, 0x10fcc, 0x10fe0, 0x10ff7, 0x11000,
    0x1104e, 0x11052, 0x11076, 0x1107f, 0x110c3, 0x110cd, 0x110ce, 0x110d0, 0x110e9, 0x110f0, 0x110fa, 0x11100,
    0x11135, 0x11136, 0x11148, 0x11150, 0x11177, 0x11180, 0x111e0, 0x111e1, 0x111f5, 0x11200, 0x11212, 0x11213,
    0x11242, 0x11280, 0x11287, 0x11288, 0x11289, 0x1128a, 0x1128e, 0x1128f, 0x1129e, 0x1129f, 0x112aa, 0x112b0,
    0x112eb, 0x112f0, 0x112fa, 0x11300, 0x11304, 0x11305, 0x1130d, 0x1130f, 0x11311, 0x11313, 0x11329, 0x1132a,
    0x11331, 0x11332, 0x11334, 0x11335, 0x1133a, 0x1133b, 0x11345, 0x11347, 0x11349, 0x1134b, 0x1134e, 0x11350,
    0x11351, 0x11357, 0x11358, 0x1135d, 0x11364, 0x11366, 0x1136d, 0x11370, 0x11375, 0x11380, 0x1138a, 0x1138b,
    0x1138c, 0x1138e, 0x1138f, 0x11390, 0x113b6, 0x113b7, 0x113c1, 0x113c2, 0x113c3, 0x113c5, 0x113c6, 0x113c7,
    0x113cb, 0x113cc, 0x113d6, 0x113d7, 0x113d9, 0x113e1, 0x113e3, 0x11400, 0x1145c, 0x1145d, 0x11462, 0x11480,
    0x114c8, 0x114d0, 0x114da, 0x11580, 0x115b6, 0x115b8, 0x115de, 0x11600, 0x11645, 0x11650, 0x1165a, 0x11660,
    0x1166d, 0x11680, 0x116ba, 0x116c0, 0x116ca, 0x116d0, 0x116e4, 0x11700, 0x1171b, 0x1171d, 0x1172c, 0x11730,
    0x11747, 0x11800, 0x1183c, 0x118a0, 0x118f3, 0x118ff, 0x11907, 0x11909, 0x1190a, 0x1190c, 0x11914, 0x11915,
    0x11917, 0x11918, 0x11936, 0x11937, 0x11939, 0x1193b, 0x11947, 0x11950, 0x1195a, 0x119a0, 0x119a8, 0x119aa,
    0x119d8, 0x119da, 0x119e5, 0x11a00, 0x11a48, 0x11a50, 0x11aa3, 0x11ab0, 0x11af9, 0x11b00, 0x11b0a, 0x11b60,
    0x11b68, 0x11bc0, 0x11be2, 0x11bf0, 0x11bfa, 0x11c00, 0x11c09, 0x11c0a, 0x11c37, 0x11c38, 0x11c46, 0x11c50,
    0x11c6d, 0x11c70, 0x11c90, 0x11c92, 0x11ca8, 0x11ca9, 0x11cb7, 0x11d00, 0x11d07, 0x11d08, 0x11d0a, 0x11d0b,
    0x11d37, 0x11d3a, 0x11d3b, 0x11d3c, 0x11d3e, 0x11d3f, 0x11d48, 0x11d50, 0x11d5a, 0x11d60, 0x11d66, 0x11d67,
    0x11d69, 0x11d6a, 0x11d8f, 0x11d90, 0x11d92, 0x11d93, 0x11d99, 0x11da0, 0x11daa, 0x11db0, 0x11ddc, 0x11de0,
    0x11dea, 0x11ee0, 0x11ef9, 0x11f00, 0x11f11, 0x11f12, 0x11f3b, 0x11f3e, 0x11f5b, 0x11fb0, 0x11fb1, 0x11fc0,
    0x11ff2, 0x11fff, 0x1239a, 0x12400, 0x1246f, 0x12470, 0x12475, 0x12480, 0x12544, 0x12f90, 0x12ff3, 0x13000,
    0x13456, 0x13460, 0x143fb, 0x14400, 0x14647, 0x16100, 0x1613a, 0x16800, 0x16a39, 0x16a40, 0x16a5f, 0x16a60,
    0x16a6a, 0x16a6e, 0x16abf, 0x16ac0, 0x16aca, 0x16ad0, 0x16aee, 0x16af0, 0x16af6, 0x16b00, 0x16b46, 0x16b50,
    0x16b5a, 0x16b5b, 0x16b62, 0x16b63, 0x16b78, 0x16b7d, 0x16b90, 0x16d40, 0x16d7a, 0x16e40, 0x16e9b, 0x16ea0,
    0x16eb9, 0x16ebb, 0x16ed4, 0x16f00, 0x16f4b, 0x16f4f, 0x16f88, 0x16f8f, 0x16fa0, 0x16fe0, 0x16fe5, 0x16ff0,
    0x16ff7, 0x17000, 0x18cd6, 0x18cff, 0x18d1f, 0x18d80, 0x18df3, 0x1aff0, 0x1aff4, 0x1aff5, 0x1affc, 0x1affd,
    0x1afff, 0x1b000, 0x1b123, 0x1b132, 0x1b133, 0x1b150, 0x1b153, 0x1b155, 0x1b156, 0x1b164, 0x1b168, 0x1b170,
    0x1b2fc, 0x1bc00, 0x1bc6b, 0x1bc70, 0x1bc7d, 0x1bc80, 0x1bc89, 0x1bc90, 0x1bc9a, 0x1bc9c, 0x1bca4, 0x1cc00,
    0x1ccfd, 0x1cd00, 0x1ceb4, 0x1ceba, 0x1ced1, 0x1cee0, 0x1cef1, 0x1cf00, 0x1cf2e, 0x1cf30, 0x1cf47, 0x1cf50,
    0x1cfc4, 0x1d000, 0x1d0f6, 0x1d100, 0x1d127, 0x1d129, 0x1d1eb, 0x1d200, 0x1d246, 0x1d2c0, 0x1d2d4, 0x1d2e0,
    0x1d2f4, 0x1d300, 0x1d357, 0x1d360, 0x1d379, 0x1d400, 0x1d455, 0x1d456, 0x1d49d, 0x1d49e, 0x1d4a0, 0x1d4a2,
    0x1d4a3, 0x1d4a5, 0x1d4a7, 0x1d4a9, 0x1d4ad, 0x1d4ae, 0x1d4ba, 0x1d4bb, 0x1d4bc, 0x1d4bd, 0x1d4c4, 0x1d4c5,
    0x1d506, 0x1d507, 0x1d50b, 0x1d50d, 0x1d515, 0x1d516, 0x1d51d, 0x1d51e, 0x1d53a, 0x1d53b, 0x1d53f, 0x1d540,
    0x1d545, 0x1d546, 0x1d547, 0x1d54a, 0x1d551, 0x1d552, 0x1d6a6, 0x1d6a8, 0x1d7cc, 0x1d7ce, 0x1da8c, 0x1da9b,
    0x1daa0, 0x1daa1, 0x1dab0, 0x1df00, 0x1df1f, 0x1df25, 0x1df2b, 0x1e000, 0x1e007, 0x1e008, 0x1e019, 0x1e01b,
    0x1e022, 0x1e023, 0x1e025, 0x1e026, 0x1e02b, 0x1e030, 0x1e06e, 0x1e08f, 0x1e090, 0x1e100, 0x1e12d, 0x1e130,
    0x1e13e, 0x1e140, 0x1e14a, 0x1e14e, 0x1e150, 0x1e290, 0x1e2af, 0x1e2c0, 0x1e2fa, 0x1e2ff, 0x1e300, 0x1e4d0,
    0x1e4fa, 0x1e5d0, 0x1e5fb, 0x1e5ff, 0x1e600, 0x1e6c0, 0x1e6df, 0x1e6e0, 0x1e6f6, 0x1e6fe, 0x1e700, 0x1e7e0,
    0x1e7e7, 0x1e7e8, 0x1e7ec, 0x1e7ed, 0x1e7ef, 0x1e7f0, 0x1e7ff, 0x1e800, 0x1e8c5, 0x1e8c7, 0x1e8d7, 0x1e900,
    0x1e94c, 0x1e950, 0x1e95a, 0x1e95e, 0x1e960, 0x1ec71, 0x1ecb5, 0x1ed01, 0x1ed3e, 0x1ee00, 0x1ee04, 0x1ee05,
    0x1ee20, 0x1ee21, 0x1ee23, 0x1ee24, 0x1ee25, 0x1ee27, 0x1ee28, 0x1ee29, 0x1ee33, 0x1ee34, 0x1ee38, 0x1ee39,
    0x1ee3a, 0x1ee3b, 0x1ee3c, 0x1ee42, 0x1ee43, 0x1ee47, 0x1ee48, 0x1ee49, 0x1ee4a, 0x1ee4b, 0x1ee4c, 0x1ee4d,
    0x1ee50, 0x1ee51, 0x1ee53, 0x1ee54, 0x1ee55, 0x1ee57, 0x1ee58, 0x1ee59, 0x1ee5a, 0x1ee5b, 0x1ee5c, 0x1ee5d,
    0x1ee5e, 0x1ee5f, 0x1ee60, 0x1ee61, 0x1ee63, 0x1ee64, 0x1ee65, 0x1ee67, 0x1ee6b, 0x1ee6c, 0x1ee73, 0x1ee74,
    0x1ee78, 0x1ee79, 0x1ee7d, 0x1ee7e, 0x1ee7f, 0x1ee80, 0x1ee8a, 0x1ee8b, 0x1ee9c, 0x1eea1, 0x1eea4, 0x1eea5,
    0x1eeaa, 0x1eeab, 0x1eebc, 0x1eef0, 0x1eef2, 0x1f000, 0x1f02c, 0x1f030, 0x1f094, 0x1f0a0, 0x1f0af, 0x1f0b1,
    0x1f0c0, 0x1f0c1, 0x1f0d0, 0x1f0d1, 0x1f0f6, 0x1f100, 0x1f1ae, 0x1f1e6, 0x1f203, 0x1f210, 0x1f23c, 0x1f240,
    0x1f249, 0x1f250, 0x1f252, 0x1f260, 0x1f266, 0x1f300, 0x1f6d9, 0x1f6dc, 0x1f6ed, 0x1f6f0, 0x1f6fd, 0x1f700,
    0x1f7da, 0x1f7e0, 0x1f7ec, 0x1f7f0, 0x1f7f1, 0x1f800, 0x1f80c, 0x1f810, 0x1f848, 0x1f850, 0x1f85a, 0x1f860,
    0x1f888, 0x1f890, 0x1f8ae, 0x1f8b0, 0x1f8bc, 0x1f8c0, 0x1f8c2, 0x1f8d0, 0x1f8d9, 0x1f900, 0x1fa58, 0x1fa60,
    0x1fa6e, 0x1fa70, 0x1fa7d, 0x1fa80, 0x1fa8b, 0x1fa8e, 0x1fac7, 0x1fac8, 0x1fac9, 0x1facd, 0x1fadd, 0x1fadf,
    0x1faeb, 0x1faef, 0x1faf9, 0x1fb00, 0x1fb93, 0x1fb94, 0x1fbfb, 0x20000, 0x2a6e0, 0x2a700, 0x2b81e, 0x2b820,
    0x2ceae, 0x2ceb0, 0x2ebe1, 0x2ebf0, 0x2ee5e, 0x2f800, 0x2fa1e, 0x30000, 0x3134b, 0x31350, 0x3347a, 0xe0001,
    0xe0002, 0xe0020, 0xe0080, 0xe0100, 0xe01f0, 0x110000,
];

static SCRIPT_EXTENSIONS_VAI: &[i32] = &[
    0xa500, 0xa62c,
];

static SCRIPT_EXTENSIONS_VITHKUQI: &[i32] = &[
    0x10570, 0x1057b, 0x1057c, 0x1058b, 0x1058c, 0x10593, 0x10594, 0x10596, 0x10597, 0x105a2, 0x105a3, 0x105b2,
    0x105b3, 0x105ba, 0x105bb, 0x105bd,
];

static SCRIPT_EXTENSIONS_WANCHO: &[i32] = &[
    0x1e2c0, 0x1e2fa, 0x1e2ff, 0x1e300,
];

static SCRIPT_EXTENSIONS_WARANG_CITI: &[i32] = &[
    0x118a0, 0x118f3, 0x118ff, 0x11900,
];

static SCRIPT_EXTENSIONS_YEZIDI: &[i32] = &[
    0x60c, 0x60d, 0x61b, 0x61c, 0x61f, 0x620, 0x660, 0x66a, 0x10e80, 0x10eaa, 0x10eab, 0x10eae,
    0x10eb0, 0x10eb2,
];

static SCRIPT_EXTENSIONS_YI: &[i32] = &[
    0x3001, 0x3003, 0x3008, 0x3012, 0x3014, 0x301c, 0x30fb, 0x30fc, 0xa000, 0xa48d, 0xa490, 0xa4c7,
    0xff61, 0xff66,
];

static SCRIPT_EXTENSIONS_ZANABAZAR_SQUARE: &[i32] = &[
    0x11a00, 0x11a48,
];

static SCRIPT_GARAY: &[i32] = &[
    0x10d40, 0x10d66, 0x10d69, 0x10d86, 0x10d8e, 0x10d90,
];

static SCRIPT_GEORGIAN: &[i32] = &[
    0x10a0, 0x10c6, 0x10c7, 0x10c8, 0x10cd, 0x10ce, 0x10d0, 0x10fb, 0x10fc, 0x1100, 0x1c90, 0x1cbb,
    0x1cbd, 0x1cc0, 0x2d00, 0x2d26, 0x2d27, 0x2d28, 0x2d2d, 0x2d2e,
];

static SCRIPT_GLAGOLITIC: &[i32] = &[
    0x2c00, 0x2c60, 0x1e000, 0x1e007, 0x1e008, 0x1e019, 0x1e01b, 0x1e022, 0x1e023, 0x1e025, 0x1e026, 0x1e02b,
];

static SCRIPT_GOTHIC: &[i32] = &[
    0x10330, 0x1034b,
];

static SCRIPT_GRANTHA: &[i32] = &[
    0x11300, 0x11304, 0x11305, 0x1130d, 0x1130f, 0x11311, 0x11313, 0x11329, 0x1132a, 0x11331, 0x11332, 0x11334,
    0x11335, 0x1133a, 0x1133c, 0x11345, 0x11347, 0x11349, 0x1134b, 0x1134e, 0x11350, 0x11351, 0x11357, 0x11358,
    0x1135d, 0x11364, 0x11366, 0x1136d, 0x11370, 0x11375,
];

static SCRIPT_GREEK: &[i32] = &[
    0x370, 0x374, 0x375, 0x378, 0x37a, 0x37e, 0x37f, 0x380, 0x384, 0x385, 0x386, 0x387,
    0x388, 0x38b, 0x38c, 0x38d, 0x38e, 0x3a2, 0x3a3, 0x3e2, 0x3f0, 0x400, 0x1d26, 0x1d2b,
    0x1d5d, 0x1d62, 0x1d66, 0x1d6b, 0x1dbf, 0x1dc0, 0x1f00, 0x1f16, 0x1f18, 0x1f1e, 0x1f20, 0x1f46,
    0x1f48, 0x1f4e, 0x1f50, 0x1f58, 0x1f59, 0x1f5a, 0x1f5b, 0x1f5c, 0x1f5d, 0x1f5e, 0x1f5f, 0x1f7e,
    0x1f80, 0x1fb5, 0x1fb6, 0x1fc5, 0x1fc6, 0x1fd4, 0x1fd6, 0x1fdc, 0x1fdd, 0x1ff0, 0x1ff2, 0x1ff5,
    0x1ff6, 0x1fff, 0x2126, 0x2127, 0xab65, 0xab66, 0x10140, 0x1018f, 0x101a0, 0x101a1, 0x1d200, 0x1d246,
];

static SCRIPT_GUJARATI: &[i32] = &[
    0xa81, 0xa84, 0xa85, 0xa8e, 0xa8f, 0xa92, 0xa93, 0xaa9, 0xaaa, 0xab1, 0xab2, 0xab4,
    0xab5, 0xaba, 0xabc, 0xac6, 0xac7, 0xaca, 0xacb, 0xace, 0xad0, 0xad1, 0xae0, 0xae4,
    0xae6, 0xaf2, 0xaf9, 0xb00,
];

static SCRIPT_GUNJALA_GONDI: &[i32] = &[
    0x11d60, 0x11d66, 0x11d67, 0x11d69, 0x11d6a, 0x11d8f, 0x11d90, 0x11d92, 0x11d93, 0x11d99, 0x11da0, 0x11daa,
];

static SCRIPT_GURMUKHI: &[i32] = &[
    0xa01, 0xa04, 0xa05, 0xa0b, 0xa0f, 0xa11, 0xa13, 0xa29, 0xa2a, 0xa31, 0xa32, 0xa34,
    0xa35, 0xa37, 0xa38, 0xa3a, 0xa3c, 0xa3d, 0xa3e, 0xa43, 0xa47, 0xa49, 0xa4b, 0xa4e,
    0xa51, 0xa52, 0xa59, 0xa5d, 0xa5e, 0xa5f, 0xa66, 0xa77,
];

static SCRIPT_GURUNG_KHEMA: &[i32] = &[
    0x16100, 0x1613a,
];

static SCRIPT_HAN: &[i32] = &[
    0x2e80, 0x2e9a, 0x2e9b, 0x2ef4, 0x2f00, 0x2fd6, 0x3005, 0x3006, 0x3007, 0x3008, 0x3021, 0x302a,
    0x3038, 0x303c, 0x3400, 0x4dc0, 0x4e00, 0xa000, 0xf900, 0xfa6e, 0xfa70, 0xfada, 0x16fe2, 0x16fe4,
    0x16ff0, 0x16ff7, 0x20000, 0x2a6e0, 0x2a700, 0x2b81e, 0x2b820, 0x2ceae, 0x2ceb0, 0x2ebe1, 0x2ebf0, 0x2ee5e,
    0x2f800, 0x2fa1e, 0x30000, 0x3134b, 0x31350, 0x3347a,
];

static SCRIPT_HANGUL: &[i32] = &[
    0x1100, 0x1200, 0x302e, 0x3030, 0x3131, 0x318f, 0x3200, 0x321f, 0x3260, 0x327f, 0xa960, 0xa97d,
    0xac00, 0xd7a4, 0xd7b0, 0xd7c7, 0xd7cb, 0xd7fc, 0xffa0, 0xffbf, 0xffc2, 0xffc8, 0xffca, 0xffd0,
    0xffd2, 0xffd8, 0xffda, 0xffdd,
];

static SCRIPT_HANIFI_ROHINGYA: &[i32] = &[
    0x10d00, 0x10d28, 0x10d30, 0x10d3a,
];

static SCRIPT_HANUNOO: &[i32] = &[
    0x1720, 0x1735,
];

static SCRIPT_HATRAN: &[i32] = &[
    0x108e0, 0x108f3, 0x108f4, 0x108f6, 0x108fb, 0x10900,
];

static SCRIPT_HEBREW: &[i32] = &[
    0x591, 0x5c8, 0x5d0, 0x5eb, 0x5ef, 0x5f5, 0xfb1d, 0xfb37, 0xfb38, 0xfb3d, 0xfb3e, 0xfb3f,
    0xfb40, 0xfb42, 0xfb43, 0xfb45, 0xfb46, 0xfb50,
];

static SCRIPT_HIRAGANA: &[i32] = &[
    0x3041, 0x3097, 0x309d, 0x30a0, 0x1b001, 0x1b120, 0x1b132, 0x1b133, 0x1b150, 0x1b153, 0x1f200, 0x1f201,
];

static SCRIPT_IMPERIAL_ARAMAIC: &[i32] = &[
    0x10840, 0x10856, 0x10857, 0x10860,
];

static SCRIPT_INHERITED: &[i32] = &[
    0x300, 0x370, 0x485, 0x487, 0x64b, 0x656, 0x670, 0x671, 0x951, 0x955, 0x1ab0, 0x1ade,
    0x1ae0, 0x1aec, 0x1cd0, 0x1cd3, 0x1cd4, 0x1ce1, 0x1ce2, 0x1ce9, 0x1ced, 0x1cee, 0x1cf4, 0x1cf5,
    0x1cf8, 0x1cfa, 0x1dc0, 0x1e00, 0x200c, 0x200e, 0x20d0, 0x20f1, 0x302a, 0x302e, 0x3099, 0x309b,
    0xfe00, 0xfe10, 0xfe20, 0xfe2e, 0x101fd, 0x101fe, 0x102e0, 0x102e1, 0x1133b, 0x1133c, 0x1cf00, 0x1cf2e,
    0x1cf30, 0x1cf47, 0x1d167, 0x1d16a, 0x1d17b, 0x1d183, 0x1d185, 0x1d18c, 0x1d1aa, 0x1d1ae, 0xe0100, 0xe01f0,
];

static SCRIPT_INSCRIPTIONAL_PAHLAVI: &[i32] = &[
    0x10b60, 0x10b73, 0x10b78, 0x10b80,
];

static SCRIPT_INSCRIPTIONAL_PARTHIAN: &[i32] = &[
    0x10b40, 0x10b56, 0x10b58, 0x10b60,
];

static SCRIPT_JAVANESE: &[i32] = &[
    0xa980, 0xa9ce, 0xa9d0, 0xa9da, 0xa9de, 0xa9e0,
];

static SCRIPT_KAITHI: &[i32] = &[
    0x11080, 0x110c3, 0x110cd, 0x110ce,
];

static SCRIPT_KANNADA: &[i32] = &[
    0xc80, 0xc8d, 0xc8e, 0xc91, 0xc92, 0xca9, 0xcaa, 0xcb4, 0xcb5, 0xcba, 0xcbc, 0xcc5,
    0xcc6, 0xcc9, 0xcca, 0xcce, 0xcd5, 0xcd7, 0xcdc, 0xcdf, 0xce0, 0xce4, 0xce6, 0xcf0,
    0xcf1, 0xcf4,
];

static SCRIPT_KATAKANA: &[i32] = &[
    0x30a1, 0x30fb, 0x30fd, 0x3100, 0x31f0, 0x3200, 0x32d0, 0x32ff, 0x3300, 0x3358, 0xff66, 0xff70,
    0xff71, 0xff9e, 0x1aff0, 0x1aff4, 0x1aff5, 0x1affc, 0x1affd, 0x1afff, 0x1b000, 0x1b001, 0x1b120, 0x1b123,
    0x1b155, 0x1b156, 0x1b164, 0x1b168,
];

static SCRIPT_KAWI: &[i32] = &[
    0x11f00, 0x11f11, 0x11f12, 0x11f3b, 0x11f3e, 0x11f5b,
];

static SCRIPT_KAYAH_LI: &[i32] = &[
    0xa900, 0xa92e, 0xa92f, 0xa930,
];

static SCRIPT_KHAROSHTHI: &[i32] = &[
    0x10a00, 0x10a04, 0x10a05, 0x10a07, 0x10a0c, 0x10a14, 0x10a15, 0x10a18, 0x10a19, 0x10a36, 0x10a38, 0x10a3b,
    0x10a3f, 0x10a49, 0x10a50, 0x10a59,
];

static SCRIPT_KHITAN_SMALL_SCRIPT: &[i32] = &[
    0x16fe4, 0x16fe5, 0x18b00, 0x18cd6, 0x18cff, 0x18d00,
];

static SCRIPT_KHMER: &[i32] = &[
    0x1780, 0x17de, 0x17e0, 0x17ea, 0x17f0, 0x17fa, 0x19e0, 0x1a00,
];

static SCRIPT_KHOJKI: &[i32] = &[
    0x11200, 0x11212, 0x11213, 0x11242,
];

static SCRIPT_KHUDAWADI: &[i32] = &[
    0x112b0, 0x112eb, 0x112f0, 0x112fa,
];

static SCRIPT_KIRAT_RAI: &[i32] = &[
    0x16d40, 0x16d7a,
];

static SCRIPT_LAO: &[i32] = &[
    0xe81, 0xe83, 0xe84, 0xe85, 0xe86, 0xe8b, 0xe8c, 0xea4, 0xea5, 0xea6, 0xea7, 0xebe,
    0xec0, 0xec5, 0xec6, 0xec7, 0xec8, 0xecf, 0xed0, 0xeda, 0xedc, 0xee0,
];

static SCRIPT_LATIN: &[i32] = &[
    0x41, 0x5b, 0x61, 0x7b, 0xaa, 0xab, 0xba, 0xbb, 0xc0, 0xd7, 0xd8, 0xf7,
    0xf8, 0x2b9, 0x2e0, 0x2e5, 0x1d00, 0x1d26, 0x1d2c, 0x1d5d, 0x1d62, 0x1d66, 0x1d6b, 0x1d78,
    0x1d79, 0x1dbf, 0x1e00, 0x1f00, 0x2071, 0x2072, 0x207f, 0x2080, 0x2090, 0x209d, 0x212a, 0x212c,
    0x2132, 0x2133, 0x214e, 0x214f, 0x2160, 0x2189, 0x2c60, 0x2c80, 0xa722, 0xa788, 0xa78b, 0xa7dd,
    0xa7f1, 0xa800, 0xab30, 0xab5b, 0xab5c, 0xab65, 0xab66, 0xab6a, 0xfb00, 0xfb07, 0xff21, 0xff3b,
    0xff41, 0xff5b, 0x10780, 0x10786, 0x10787, 0x107b1, 0x107b2, 0x107bb, 0x1df00, 0x1df1f, 0x1df25, 0x1df2b,
];

static SCRIPT_LEPCHA: &[i32] = &[
    0x1c00, 0x1c38, 0x1c3b, 0x1c4a, 0x1c4d, 0x1c50,
];

static SCRIPT_LIMBU: &[i32] = &[
    0x1900, 0x191f, 0x1920, 0x192c, 0x1930, 0x193c, 0x1940, 0x1941, 0x1944, 0x1950,
];

static SCRIPT_LINEAR_A: &[i32] = &[
    0x10600, 0x10737, 0x10740, 0x10756, 0x10760, 0x10768,
];

static SCRIPT_LINEAR_B: &[i32] = &[
    0x10000, 0x1000c, 0x1000d, 0x10027, 0x10028, 0x1003b, 0x1003c, 0x1003e, 0x1003f, 0x1004e, 0x10050, 0x1005e,
    0x10080, 0x100fb,
];

static SCRIPT_LISU: &[i32] = &[
    0xa4d0, 0xa500, 0x11fb0, 0x11fb1,
];

static SCRIPT_LYCIAN: &[i32] = &[
    0x10280, 0x1029d,
];

static SCRIPT_LYDIAN: &[i32] = &[
    0x10920, 0x1093a, 0x1093f, 0x10940,
];

static SCRIPT_MAHAJANI: &[i32] = &[
    0x11150, 0x11177,
];

static SCRIPT_MAKASAR: &[i32] = &[
    0x11ee0, 0x11ef9,
];

static SCRIPT_MALAYALAM: &[i32] = &[
    0xd00, 0xd0d, 0xd0e, 0xd11, 0xd12, 0xd45, 0xd46, 0xd49, 0xd4a, 0xd50, 0xd54, 0xd64,
    0xd66, 0xd80,
];

static SCRIPT_MANDAIC: &[i32] = &[
    0x840, 0x85c, 0x85e, 0x85f,
];

static SCRIPT_MANICHAEAN: &[i32] = &[
    0x10ac0, 0x10ae7, 0x10aeb, 0x10af7,
];

static SCRIPT_MARCHEN: &[i32] = &[
    0x11c70, 0x11c90, 0x11c92, 0x11ca8, 0x11ca9, 0x11cb7,
];

static SCRIPT_MASARAM_GONDI: &[i32] = &[
    0x11d00, 0x11d07, 0x11d08, 0x11d0a, 0x11d0b, 0x11d37, 0x11d3a, 0x11d3b, 0x11d3c, 0x11d3e, 0x11d3f, 0x11d48,
    0x11d50, 0x11d5a,
];

static SCRIPT_MEDEFAIDRIN: &[i32] = &[
    0x16e40, 0x16e9b,
];

static SCRIPT_MEETEI_MAYEK: &[i32] = &[
    0xaae0, 0xaaf7, 0xabc0, 0xabee, 0xabf0, 0xabfa,
];

static SCRIPT_MENDE_KIKAKUI: &[i32] = &[
    0x1e800, 0x1e8c5, 0x1e8c7, 0x1e8d7,
];

static SCRIPT_MEROITIC_CURSIVE: &[i32] = &[
    0x109a0, 0x109b8, 0x109bc, 0x109d0, 0x109d2, 0x10a00,
];

static SCRIPT_MEROITIC_HIEROGLYPHS: &[i32] = &[
    0x10980, 0x109a0,
];

static SCRIPT_MIAO: &[i32] = &[
    0x16f00, 0x16f4b, 0x16f4f, 0x16f88, 0x16f8f, 0x16fa0,
];

static SCRIPT_MODI: &[i32] = &[
    0x11600, 0x11645, 0x11650, 0x1165a,
];

static SCRIPT_MONGOLIAN: &[i32] = &[
    0x1800, 0x1802, 0x1804, 0x1805, 0x1806, 0x181a, 0x1820, 0x1879, 0x1880, 0x18ab, 0x11660, 0x1166d,
];

static SCRIPT_MRO: &[i32] = &[
    0x16a40, 0x16a5f, 0x16a60, 0x16a6a, 0x16a6e, 0x16a70,
];

static SCRIPT_MULTANI: &[i32] = &[
    0x11280, 0x11287, 0x11288, 0x11289, 0x1128a, 0x1128e, 0x1128f, 0x1129e, 0x1129f, 0x112aa,
];

static SCRIPT_MYANMAR: &[i32] = &[
    0x1000, 0x10a0, 0xa9e0, 0xa9ff, 0xaa60, 0xaa80, 0x116d0, 0x116e4,
];

static SCRIPT_NABATAEAN: &[i32] = &[
    0x10880, 0x1089f, 0x108a7, 0x108b0,
];

static SCRIPT_NAG_MUNDARI: &[i32] = &[
    0x1e4d0, 0x1e4fa,
];

static SCRIPT_NANDINAGARI: &[i32] = &[
    0x119a0, 0x119a8, 0x119aa, 0x119d8, 0x119da, 0x119e5,
];

static SCRIPT_NEW_TAI_LUE: &[i32] = &[
    0x1980, 0x19ac, 0x19b0, 0x19ca, 0x19d0, 0x19db, 0x19de, 0x19e0,
];

static SCRIPT_NEWA: &[i32] = &[
    0x11400, 0x1145c, 0x1145d, 0x11462,
];

static SCRIPT_NKO: &[i32] = &[
    0x7c0, 0x7fb, 0x7fd, 0x800,
];

static SCRIPT_NUSHU: &[i32] = &[
    0x16fe1, 0x16fe2, 0x1b170, 0x1b2fc,
];

static SCRIPT_NYIAKENG_PUACHUE_HMONG: &[i32] = &[
    0x1e100, 0x1e12d, 0x1e130, 0x1e13e, 0x1e140, 0x1e14a, 0x1e14e, 0x1e150,
];

static SCRIPT_OGHAM: &[i32] = &[
    0x1680, 0x169d,
];

static SCRIPT_OL_CHIKI: &[i32] = &[
    0x1c50, 0x1c80,
];

static SCRIPT_OL_ONAL: &[i32] = &[
    0x1e5d0, 0x1e5fb, 0x1e5ff, 0x1e600,
];

static SCRIPT_OLD_HUNGARIAN: &[i32] = &[
    0x10c80, 0x10cb3, 0x10cc0, 0x10cf3, 0x10cfa, 0x10d00,
];

static SCRIPT_OLD_ITALIC: &[i32] = &[
    0x10300, 0x10324, 0x1032d, 0x10330,
];

static SCRIPT_OLD_NORTH_ARABIAN: &[i32] = &[
    0x10a80, 0x10aa0,
];

static SCRIPT_OLD_PERMIC: &[i32] = &[
    0x10350, 0x1037b,
];

static SCRIPT_OLD_PERSIAN: &[i32] = &[
    0x103a0, 0x103c4, 0x103c8, 0x103d6,
];

static SCRIPT_OLD_SOGDIAN: &[i32] = &[
    0x10f00, 0x10f28,
];

static SCRIPT_OLD_SOUTH_ARABIAN: &[i32] = &[
    0x10a60, 0x10a80,
];

static SCRIPT_OLD_TURKIC: &[i32] = &[
    0x10c00, 0x10c49,
];

static SCRIPT_OLD_UYGHUR: &[i32] = &[
    0x10f70, 0x10f8a,
];

static SCRIPT_ORIYA: &[i32] = &[
    0xb01, 0xb04, 0xb05, 0xb0d, 0xb0f, 0xb11, 0xb13, 0xb29, 0xb2a, 0xb31, 0xb32, 0xb34,
    0xb35, 0xb3a, 0xb3c, 0xb45, 0xb47, 0xb49, 0xb4b, 0xb4e, 0xb55, 0xb58, 0xb5c, 0xb5e,
    0xb5f, 0xb64, 0xb66, 0xb78,
];

static SCRIPT_OSAGE: &[i32] = &[
    0x104b0, 0x104d4, 0x104d8, 0x104fc,
];

static SCRIPT_OSMANYA: &[i32] = &[
    0x10480, 0x1049e, 0x104a0, 0x104aa,
];

static SCRIPT_PAHAWH_HMONG: &[i32] = &[
    0x16b00, 0x16b46, 0x16b50, 0x16b5a, 0x16b5b, 0x16b62, 0x16b63, 0x16b78, 0x16b7d, 0x16b90,
];

static SCRIPT_PALMYRENE: &[i32] = &[
    0x10860, 0x10880,
];

static SCRIPT_PAU_CIN_HAU: &[i32] = &[
    0x11ac0, 0x11af9,
];

static SCRIPT_PHAGS_PA: &[i32] = &[
    0xa840, 0xa878,
];

static SCRIPT_PHOENICIAN: &[i32] = &[
    0x10900, 0x1091c, 0x1091f, 0x10920,
];

static SCRIPT_PSALTER_PAHLAVI: &[i32] = &[
    0x10b80, 0x10b92, 0x10b99, 0x10b9d, 0x10ba9, 0x10bb0,
];

static SCRIPT_REJANG: &[i32] = &[
    0xa930, 0xa954, 0xa95f, 0xa960,
];

static SCRIPT_RUNIC: &[i32] = &[
    0x16a0, 0x16eb, 0x16ee, 0x16f9,
];

static SCRIPT_SAMARITAN: &[i32] = &[
    0x800, 0x82e, 0x830, 0x83f,
];

static SCRIPT_SAURASHTRA: &[i32] = &[
    0xa880, 0xa8c6, 0xa8ce, 0xa8da,
];

static SCRIPT_SHARADA: &[i32] = &[
    0x11180, 0x111e0, 0x11b60, 0x11b68,
];

static SCRIPT_SHAVIAN: &[i32] = &[
    0x10450, 0x10480,
];

static SCRIPT_SIDDHAM: &[i32] = &[
    0x11580, 0x115b6, 0x115b8, 0x115de,
];

static SCRIPT_SIDETIC: &[i32] = &[
    0x10940, 0x1095a,
];

static SCRIPT_SIGNWRITING: &[i32] = &[
    0x1d800, 0x1da8c, 0x1da9b, 0x1daa0, 0x1daa1, 0x1dab0,
];

static SCRIPT_SINHALA: &[i32] = &[
    0xd81, 0xd84, 0xd85, 0xd97, 0xd9a, 0xdb2, 0xdb3, 0xdbc, 0xdbd, 0xdbe, 0xdc0, 0xdc7,
    0xdca, 0xdcb, 0xdcf, 0xdd5, 0xdd6, 0xdd7, 0xdd8, 0xde0, 0xde6, 0xdf0, 0xdf2, 0xdf5,
    0x111e1, 0x111f5,
];

static SCRIPT_SOGDIAN: &[i32] = &[
    0x10f30, 0x10f5a,
];

static SCRIPT_SORA_SOMPENG: &[i32] = &[
    0x110d0, 0x110e9, 0x110f0, 0x110fa,
];

static SCRIPT_SOYOMBO: &[i32] = &[
    0x11a50, 0x11aa3,
];

static SCRIPT_SUNDANESE: &[i32] = &[
    0x1b80, 0x1bc0, 0x1cc0, 0x1cc8,
];

static SCRIPT_SUNUWAR: &[i32] = &[
    0x11bc0, 0x11be2, 0x11bf0, 0x11bfa,
];

static SCRIPT_SYLOTI_NAGRI: &[i32] = &[
    0xa800, 0xa82d,
];

static SCRIPT_SYRIAC: &[i32] = &[
    0x700, 0x70e, 0x70f, 0x74b, 0x74d, 0x750, 0x860, 0x86b,
];

static SCRIPT_TAGALOG: &[i32] = &[
    0x1700, 0x1716, 0x171f, 0x1720,
];

static SCRIPT_TAGBANWA: &[i32] = &[
    0x1760, 0x176d, 0x176e, 0x1771, 0x1772, 0x1774,
];

static SCRIPT_TAI_LE: &[i32] = &[
    0x1950, 0x196e, 0x1970, 0x1975,
];

static SCRIPT_TAI_THAM: &[i32] = &[
    0x1a20, 0x1a5f, 0x1a60, 0x1a7d, 0x1a7f, 0x1a8a, 0x1a90, 0x1a9a, 0x1aa0, 0x1aae,
];

static SCRIPT_TAI_VIET: &[i32] = &[
    0xaa80, 0xaac3, 0xaadb, 0xaae0,
];

static SCRIPT_TAI_YO: &[i32] = &[
    0x1e6c0, 0x1e6df, 0x1e6e0, 0x1e6f6, 0x1e6fe, 0x1e700,
];

static SCRIPT_TAKRI: &[i32] = &[
    0x11680, 0x116ba, 0x116c0, 0x116ca,
];

static SCRIPT_TAMIL: &[i32] = &[
    0xb82, 0xb84, 0xb85, 0xb8b, 0xb8e, 0xb91, 0xb92, 0xb96, 0xb99, 0xb9b, 0xb9c, 0xb9d,
    0xb9e, 0xba0, 0xba3, 0xba5, 0xba8, 0xbab, 0xbae, 0xbba, 0xbbe, 0xbc3, 0xbc6, 0xbc9,
    0xbca, 0xbce, 0xbd0, 0xbd1, 0xbd7, 0xbd8, 0xbe6, 0xbfb, 0x11fc0, 0x11ff2, 0x11fff, 0x12000,
];

static SCRIPT_TANGSA: &[i32] = &[
    0x16a70, 0x16abf, 0x16ac0, 0x16aca,
];

static SCRIPT_TANGUT: &[i32] = &[
    0x16fe0, 0x16fe1, 0x17000, 0x18b00, 0x18d00, 0x18d1f, 0x18d80, 0x18df3,
];

static SCRIPT_TELUGU: &[i32] = &[
    0xc00, 0xc0d, 0xc0e, 0xc11, 0xc12, 0xc29, 0xc2a, 0xc3a, 0xc3c, 0xc45, 0xc46, 0xc49,
    0xc4a, 0xc4e, 0xc55, 0xc57, 0xc58, 0xc5b, 0xc5c, 0xc5e, 0xc60, 0xc64, 0xc66, 0xc70,
    0xc77, 0xc80,
];

static SCRIPT_THAANA: &[i32] = &[
    0x780, 0x7b2,
];

static SCRIPT_THAI: &[i32] = &[
    0xe01, 0xe3b, 0xe40, 0xe5c,
];

static SCRIPT_TIBETAN: &[i32] = &[
    0xf00, 0xf48, 0xf49, 0xf6d, 0xf71, 0xf98, 0xf99, 0xfbd, 0xfbe, 0xfcd, 0xfce, 0xfd5,
    0xfd9, 0xfdb,
];

static SCRIPT_TIFINAGH: &[i32] = &[
    0x2d30, 0x2d68, 0x2d6f, 0x2d71, 0x2d7f, 0x2d80,
];

static SCRIPT_TIRHUTA: &[i32] = &[
    0x11480, 0x114c8, 0x114d0, 0x114da,
];

static SCRIPT_TODHRI: &[i32] = &[
    0x105c0, 0x105f4,
];

static SCRIPT_TOLONG_SIKI: &[i32] = &[
    0x11db0, 0x11ddc, 0x11de0, 0x11dea,
];

static SCRIPT_TOTO: &[i32] = &[
    0x1e290, 0x1e2af,
];

static SCRIPT_TULU_TIGALARI: &[i32] = &[
    0x11380, 0x1138a, 0x1138b, 0x1138c, 0x1138e, 0x1138f, 0x11390, 0x113b6, 0x113b7, 0x113c1, 0x113c2, 0x113c3,
    0x113c5, 0x113c6, 0x113c7, 0x113cb, 0x113cc, 0x113d6, 0x113d7, 0x113d9, 0x113e1, 0x113e3,
];

static SCRIPT_UGARITIC: &[i32] = &[
    0x10380, 0x1039e, 0x1039f, 0x103a0,
];

static SCRIPT_UNKNOWN: &[i32] = &[
    0x378, 0x37a, 0x380, 0x384, 0x38b, 0x38c, 0x38d, 0x38e, 0x3a2, 0x3a3, 0x530, 0x531,
    0x557, 0x559, 0x58b, 0x58d, 0x590, 0x591, 0x5c8, 0x5d0, 0x5eb, 0x5ef, 0x5f5, 0x600,
    0x70e, 0x70f, 0x74b, 0x74d, 0x7b2, 0x7c0, 0x7fb, 0x7fd, 0x82e, 0x830, 0x83f, 0x840,
    0x85c, 0x85e, 0x85f, 0x860, 0x86b, 0x870, 0x892, 0x897, 0x984, 0x985, 0x98d, 0x98f,
    0x991, 0x993, 0x9a9, 0x9aa, 0x9b1, 0x9b2, 0x9b3, 0x9b6, 0x9ba, 0x9bc, 0x9c5, 0x9c7,
    0x9c9, 0x9cb, 0x9cf, 0x9d7, 0x9d8, 0x9dc, 0x9de, 0x9df, 0x9e4, 0x9e6, 0x9ff, 0xa01,
    0xa04, 0xa05, 0xa0b, 0xa0f, 0xa11, 0xa13, 0xa29, 0xa2a, 0xa31, 0xa32, 0xa34, 0xa35,
    0xa37, 0xa38, 0xa3a, 0xa3c, 0xa3d, 0xa3e, 0xa43, 0xa47, 0xa49, 0xa4b, 0xa4e, 0xa51,
    0xa52, 0xa59, 0xa5d, 0xa5e, 0xa5f, 0xa66, 0xa77, 0xa81, 0xa84, 0xa85, 0xa8e, 0xa8f,
    0xa92, 0xa93, 0xaa9, 0xaaa, 0xab1, 0xab2, 0xab4, 0xab5, 0xaba, 0xabc, 0xac6, 0xac7,
    0xaca, 0xacb, 0xace, 0xad0, 0xad1, 0xae0, 0xae4, 0xae6, 0xaf2, 0xaf9, 0xb00, 0xb01,
    0xb04, 0xb05, 0xb0d, 0xb0f, 0xb11, 0xb13, 0xb29, 0xb2a, 0xb31, 0xb32, 0xb34, 0xb35,
    0xb3a, 0xb3c, 0xb45, 0xb47, 0xb49, 0xb4b, 0xb4e, 0xb55, 0xb58, 0xb5c, 0xb5e, 0xb5f,
    0xb64, 0xb66, 0xb78, 0xb82, 0xb84, 0xb85, 0xb8b, 0xb8e, 0xb91, 0xb92, 0xb96, 0xb99,
    0xb9b, 0xb9c, 0xb9d, 0xb9e, 0xba0, 0xba3, 0xba5, 0xba8, 0xbab, 0xbae, 0xbba, 0xbbe,
    0xbc3, 0xbc6, 0xbc9, 0xbca, 0xbce, 0xbd0, 0xbd1, 0xbd7, 0xbd8, 0xbe6, 0xbfb, 0xc00,
    0xc0d, 0xc0e, 0xc11, 0xc12, 0xc29, 0xc2a, 0xc3a, 0xc3c, 0xc45, 0xc46, 0xc49, 0xc4a,
    0xc4e, 0xc55, 0xc57, 0xc58, 0xc5b, 0xc5c, 0xc5e, 0xc60, 0xc64, 0xc66, 0xc70, 0xc77,
    0xc8d, 0xc8e, 0xc91, 0xc92, 0xca9, 0xcaa, 0xcb4, 0xcb5, 0xcba, 0xcbc, 0xcc5, 0xcc6,
    0xcc9, 0xcca, 0xcce, 0xcd5, 0xcd7, 0xcdc, 0xcdf, 0xce0, 0xce4, 0xce6, 0xcf0, 0xcf1,
    0xcf4, 0xd00, 0xd0d, 0xd0e, 0xd11, 0xd12, 0xd45, 0xd46, 0xd49, 0xd4a, 0xd50, 0xd54,
    0xd64, 0xd66, 0xd80, 0xd81, 0xd84, 0xd85, 0xd97, 0xd9a, 0xdb2, 0xdb3, 0xdbc, 0xdbd,
    0xdbe, 0xdc0, 0xdc7, 0xdca, 0xdcb, 0xdcf, 0xdd5, 0xdd6, 0xdd7, 0xdd8, 0xde0, 0xde6,
    0xdf0, 0xdf2, 0xdf5, 0xe01, 0xe3b, 0xe3f, 0xe5c, 0xe81, 0xe83, 0xe84, 0xe85, 0xe86,
    0xe8b, 0xe8c, 0xea4, 0xea5, 0xea6, 0xea7, 0xebe, 0xec0, 0xec5, 0xec6, 0xec7, 0xec8,
    0xecf, 0xed0, 0xeda, 0xedc, 0xee0, 0xf00, 0xf48, 0xf49, 0xf6d, 0xf71, 0xf98, 0xf99,
    0xfbd, 0xfbe, 0xfcd, 0xfce, 0xfdb, 0x1000, 0x10c6, 0x10c7, 0x10c8, 0x10cd, 0x10ce, 0x10d0,
    0x1249, 0x124a, 0x124e, 0x1250, 0x1257, 0x1258, 0x1259, 0x125a, 0x125e, 0x1260, 0x1289, 0x128a,
    0x128e, 0x1290, 0x12b1, 0x12b2, 0x12b6, 0x12b8, 0x12bf, 0x12c0, 0x12c1, 0x12c2, 0x12c6, 0x12c8,
    0x12d7, 0x12d8, 0x1311, 0x1312, 0x1316, 0x1318, 0x135b, 0x135d, 0x137d, 0x1380, 0x139a, 0x13a0,
    0x13f6, 0x13f8, 0x13fe, 0x1400, 0x169d, 0x16a0, 0x16f9, 0x1700, 0x1716, 0x171f, 0x1737, 0x1740,
    0x1754, 0x1760, 0x176d, 0x176e, 0x1771, 0x1772, 0x1774, 0x1780, 0x17de, 0x17e0, 0x17ea, 0x17f0,
    0x17fa, 0x1800, 0x181a, 0x1820, 0x1879, 0x1880, 0x18ab, 0x18b0, 0x18f6, 0x1900, 0x191f, 0x1920,
    0x192c, 0x1930, 0x193c, 0x1940, 0x1941, 0x1944, 0x196e, 0x1970, 0x1975, 0x1980, 0x19ac, 0x19b0,
    0x19ca, 0x19d0, 0x19db, 0x19de, 0x1a1c, 0x1a1e, 0x1a5f, 0x1a60, 0x1a7d, 0x1a7f, 0x1a8a, 0x1a90,
    0x1a9a, 0x1aa0, 0x1aae, 0x1ab0, 0x1ade, 0x1ae0, 0x1aec, 0x1b00, 0x1b4d, 0x1b4e, 0x1bf4, 0x1bfc,
    0x1c38, 0x1c3b, 0x1c4a, 0x1c4d, 0x1c8b, 0x1c90, 0x1cbb, 0x1cbd, 0x1cc8, 0x1cd0, 0x1cfb, 0x1d00,
    0x1f16, 0x1f18, 0x1f1e, 0x1f20, 0x1f46, 0x1f48, 0x1f4e, 0x1f50, 0x1f58, 0x1f59, 0x1f5a, 0x1f5b,
    0x1f5c, 0x1f5d, 0x1f5e, 0x1f5f, 0x1f7e, 0x1f80, 0x1fb5, 0x1fb6, 0x1fc5, 0x1fc6, 0x1fd4, 0x1fd6,
    0x1fdc, 0x1fdd, 0x1ff0, 0x1ff2, 0x1ff5, 0x1ff6, 0x1fff, 0x2000, 0x2065, 0x2066, 0x2072, 0x2074,
    0x208f, 0x2090, 0x209d, 0x20a0, 0x20c2, 0x20d0, 0x20f1, 0x2100, 0x218c, 0x2190, 0x242a, 0x2440,
    0x244b, 0x2460, 0x2b74, 0x2b76, 0x2cf4, 0x2cf9, 0x2d26, 0x2d27, 0x2d28, 0x2d2d, 0x2d2e, 0x2d30,
    0x2d68, 0x2d6f, 0x2d71, 0x2d7f, 0x2d97, 0x2da0, 0x2da7, 0x2da8, 0x2daf, 0x2db0, 0x2db7, 0x2db8,
    0x2dbf, 0x2dc0, 0x2dc7, 0x2dc8, 0x2dcf, 0x2dd0, 0x2dd7, 0x2dd8, 0x2ddf, 0x2de0, 0x2e5e, 0x2e80,
    0x2e9a, 0x2e9b, 0x2ef4, 0x2f00, 0x2fd6, 0x2ff0, 0x3040, 0x3041, 0x3097, 0x3099, 0x3100, 0x3105,
    0x3130, 0x3131, 0x318f, 0x3190, 0x31e6, 0x31ef, 0x321f, 0x3220, 0xa48d, 0xa490, 0xa4c7, 0xa4d0,
    0xa62c, 0xa640, 0xa6f8, 0xa700, 0xa7dd, 0xa7f1, 0xa82d, 0xa830, 0xa83a, 0xa840, 0xa878, 0xa880,
    0xa8c6, 0xa8ce, 0xa8da, 0xa8e0, 0xa954, 0xa95f, 0xa97d, 0xa980, 0xa9ce, 0xa9cf, 0xa9da, 0xa9de,
    0xa9ff, 0xaa00, 0xaa37, 0xaa40, 0xaa4e, 0xaa50, 0xaa5a, 0xaa5c, 0xaac3, 0xaadb, 0xaaf7, 0xab01,
    0xab07, 0xab09, 0xab0f, 0xab11, 0xab17, 0xab20, 0xab27, 0xab28, 0xab2f, 0xab30, 0xab6c, 0xab70,
    0xabee, 0xabf0, 0xabfa, 0xac00, 0xd7a4, 0xd7b0, 0xd7c7, 0xd7cb, 0xd7fc, 0xdc00, 0xdc00, 0xe000,
    0xe000, 0xf900, 0xfa6e, 0xfa70, 0xfada, 0xfb00, 0xfb07, 0xfb13, 0xfb18, 0xfb1d, 0xfb37, 0xfb38,
    0xfb3d, 0xfb3e, 0xfb3f, 0xfb40, 0xfb42, 0xfb43, 0xfb45, 0xfb46, 0xfdd0, 0xfdf0, 0xfe1a, 0xfe20,
    0xfe53, 0xfe54, 0xfe67, 0xfe68, 0xfe6c, 0xfe70, 0xfe75, 0xfe76, 0xfefd, 0xfeff, 0xff00, 0xff01,
    0xffbf, 0xffc2, 0xffc8, 0xffca, 0xffd0, 0xffd2, 0xffd8, 0xffda, 0xffdd, 0xffe0, 0xffe7, 0xffe8,
    0xffef, 0xfff9, 0xfffe, 0x10000, 0x1000c, 0x1000d, 0x10027, 0x10028, 0x1003b, 0x1003c, 0x1003e, 0x1003f,
    0x1004e, 0x10050, 0x1005e, 0x10080, 0x100fb, 0x10100, 0x10103, 0x10107, 0x10134, 0x10137, 0x1018f, 0x10190,
    0x1019d, 0x101a0, 0x101a1, 0x101d0, 0x101fe, 0x10280, 0x1029d, 0x102a0, 0x102d1, 0x102e0, 0x102fc, 0x10300,
    0x10324, 0x1032d, 0x1034b, 0x10350, 0x1037b, 0x10380, 0x1039e, 0x1039f, 0x103c4, 0x103c8, 0x103d6, 0x10400,
    0x1049e, 0x104a0, 0x104aa, 0x104b0, 0x104d4, 0x104d8, 0x104fc, 0x10500, 0x10528, 0x10530, 0x10564, 0x1056f,
    0x1057b, 0x1057c, 0x1058b, 0x1058c, 0x10593, 0x10594, 0x10596, 0x10597, 0x105a2, 0x105a3, 0x105b2, 0x105b3,
    0x105ba, 0x105bb, 0x105bd, 0x105c0, 0x105f4, 0x10600, 0x10737, 0x10740, 0x10756, 0x10760, 0x10768, 0x10780,
    0x10786, 0x10787, 0x107b1, 0x107b2, 0x107bb, 0x10800, 0x10806, 0x10808, 0x10809, 0x1080a, 0x10836, 0x10837,
    0x10839, 0x1083c, 0x1083d, 0x1083f, 0x10856, 0x10857, 0x1089f, 0x108a7, 0x108b0, 0x108e0, 0x108f3, 0x108f4,
    0x108f6, 0x108fb, 0x1091c, 0x1091f, 0x1093a, 0x1093f, 0x1095a, 0x10980, 0x109b8, 0x109bc, 0x109d0, 0x109d2,
    0x10a04, 0x10a05, 0x10a07, 0x10a0c, 0x10a14, 0x10a15, 0x10a18, 0x10a19, 0x10a36, 0x10a38, 0x10a3b, 0x10a3f,
    0x10a49, 0x10a50, 0x10a59, 0x10a60, 0x10aa0, 0x10ac0, 0x10ae7, 0x10aeb, 0x10af7, 0x10b00, 0x10b36, 0x10b39,
    0x10b56, 0x10b58, 0x10b73, 0x10b78, 0x10b92, 0x10b99, 0x10b9d, 0x10ba9, 0x10bb0, 0x10c00, 0x10c49, 0x10c80,
    0x10cb3, 0x10cc0, 0x10cf3, 0x10cfa, 0x10d28, 0x10d30, 0x10d3a, 0x10d40, 0x10d66, 0x10d69, 0x10d86, 0x10d8e,
    0x10d90, 0x10e60, 0x10e7f, 0x10e80, 0x10eaa, 0x10eab, 0x10eae, 0x10eb0, 0x10eb2, 0x10ec2, 0x10ec8, 0x10ed0,
    0x10ed9, 0x10efa, 0x10f28, 0x10f30, 0x10f5a, 0x10f70, 0x10f8a, 0x10fb0, 0x10fcc, 0x10fe0, 0x10ff7, 0x11000,
    0x1104e, 0x11052, 0x11076, 0x1107f, 0x110c3, 0x110cd, 0x110ce, 0x110d0, 0x110e9, 0x110f0, 0x110fa, 0x11100,
    0x11135, 0x11136, 0x11148, 0x11150, 0x11177, 0x11180, 0x111e0, 0x111e1, 0x111f5, 0x11200, 0x11212, 0x11213,
    0x11242, 0x11280, 0x11287, 0x11288, 0x11289, 0x1128a, 0x1128e, 0x1128f, 0x1129e, 0x1129f, 0x112aa, 0x112b0,
    0x112eb, 0x112f0, 0x112fa, 0x11300, 0x11304, 0x11305, 0x1130d, 0x1130f, 0x11311, 0x11313, 0x11329, 0x1132a,
    0x11331, 0x11332, 0x11334, 0x11335, 0x1133a, 0x1133b, 0x11345, 0x11347, 0x11349, 0x1134b, 0x1134e, 0x11350,
    0x11351, 0x11357, 0x11358, 0x1135d, 0x11364, 0x11366, 0x1136d, 0x11370, 0x11375, 0x11380, 0x1138a, 0x1138b,
    0x1138c, 0x1138e, 0x1138f, 0x11390, 0x113b6, 0x113b7, 0x113c1, 0x113c2, 0x113c3, 0x113c5, 0x113c6, 0x113c7,
    0x113cb, 0x113cc, 0x113d6, 0x113d7, 0x113d9, 0x113e1, 0x113e3, 0x11400, 0x1145c, 0x1145d, 0x11462, 0x11480,
    0x114c8, 0x114d0, 0x114da, 0x11580, 0x115b6, 0x115b8, 0x115de, 0x11600, 0x11645, 0x11650, 0x1165a, 0x11660,
    0x1166d, 0x11680, 0x116ba, 0x116c0, 0x116ca, 0x116d0, 0x116e4, 0x11700, 0x1171b, 0x1171d, 0x1172c, 0x11730,
    0x11747, 0x11800, 0x1183c, 0x118a0, 0x118f3, 0x118ff, 0x11907, 0x11909, 0x1190a, 0x1190c, 0x11914, 0x11915,
    0x11917, 0x11918, 0x11936, 0x11937, 0x11939, 0x1193b, 0x11947, 0x11950, 0x1195a, 0x119a0, 0x119a8, 0x119aa,
    0x119d8, 0x119da, 0x119e5, 0x11a00, 0x11a48, 0x11a50, 0x11aa3, 0x11ab0, 0x11af9, 0x11b00, 0x11b0a, 0x11b60,
    0x11b68, 0x11bc0, 0x11be2, 0x11bf0, 0x11bfa, 0x11c00, 0x11c09, 0x11c0a, 0x11c37, 0x11c38, 0x11c46, 0x11c50,
    0x11c6d, 0x11c70, 0x11c90, 0x11c92, 0x11ca8, 0x11ca9, 0x11cb7, 0x11d00, 0x11d07, 0x11d08, 0x11d0a, 0x11d0b,
    0x11d37, 0x11d3a, 0x11d3b, 0x11d3c, 0x11d3e, 0x11d3f, 0x11d48, 0x11d50, 0x11d5a, 0x11d60, 0x11d66, 0x11d67,
    0x11d69, 0x11d6a, 0x11d8f, 0x11d90, 0x11d92, 0x11d93, 0x11d99, 0x11da0, 0x11daa, 0x11db0, 0x11ddc, 0x11de0,
    0x11dea, 0x11ee0, 0x11ef9, 0x11f00, 0x11f11, 0x11f12, 0x11f3b, 0x11f3e, 0x11f5b, 0x11fb0, 0x11fb1, 0x11fc0,
    0x11ff2, 0x11fff, 0x1239a, 0x12400, 0x1246f, 0x12470, 0x12475, 0x12480, 0x12544, 0x12f90, 0x12ff3, 0x13000,
    0x13456, 0x13460, 0x143fb, 0x14400, 0x14647, 0x16100, 0x1613a, 0x16800, 0x16a39, 0x16a40, 0x16a5f, 0x16a60,
    0x16a6a, 0x16a6e, 0x16abf, 0x16ac0, 0x16aca, 0x16ad0, 0x16aee, 0x16af0, 0x16af6, 0x16b00, 0x16b46, 0x16b50,
    0x16b5a, 0x16b5b, 0x16b62, 0x16b63, 0x16b78, 0x16b7d, 0x16b90, 0x16d40, 0x16d7a, 0x16e40, 0x16e9b, 0x16ea0,
    0x16eb9, 0x16ebb, 0x16ed4, 0x16f00, 0x16f4b, 0x16f4f, 0x16f88, 0x16f8f, 0x16fa0, 0x16fe0, 0x16fe5, 0x16ff0,
    0x16ff7, 0x17000, 0x18cd6, 0x18cff, 0x18d1f, 0x18d80, 0x18df3, 0x1aff0, 0x1aff4, 0x1aff5, 0x1affc, 0x1affd,
    0x1afff, 0x1b000, 0x1b123, 0x1b132, 0x1b133, 0x1b150, 0x1b153, 0x1b155, 0x1b156, 0x1b164, 0x1b168, 0x1b170,
    0x1b2fc, 0x1bc00, 0x1bc6b, 0x1bc70, 0x1bc7d, 0x1bc80, 0x1bc89, 0x1bc90, 0x1bc9a, 0x1bc9c, 0x1bca4, 0x1cc00,
    0x1ccfd, 0x1cd00, 0x1ceb4, 0x1ceba, 0x1ced1, 0x1cee0, 0x1cef1, 0x1cf00, 0x1cf2e, 0x1cf30, 0x1cf47, 0x1cf50,
    0x1cfc4, 0x1d000, 0x1d0f6, 0x1d100, 0x1d127, 0x1d129, 0x1d1eb, 0x1d200, 0x1d246, 0x1d2c0, 0x1d2d4, 0x1d2e0,
    0x1d2f4, 0x1d300, 0x1d357, 0x1d360, 0x1d379, 0x1d400, 0x1d455, 0x1d456, 0x1d49d, 0x1d49e, 0x1d4a0, 0x1d4a2,
    0x1d4a3, 0x1d4a5, 0x1d4a7, 0x1d4a9, 0x1d4ad, 0x1d4ae, 0x1d4ba, 0x1d4bb, 0x1d4bc, 0x1d4bd, 0x1d4c4, 0x1d4c5,
    0x1d506, 0x1d507, 0x1d50b, 0x1d50d, 0x1d515, 0x1d516, 0x1d51d, 0x1d51e, 0x1d53a, 0x1d53b, 0x1d53f, 0x1d540,
    0x1d545, 0x1d546, 0x1d547, 0x1d54a, 0x1d551, 0x1d552, 0x1d6a6, 0x1d6a8, 0x1d7cc, 0x1d7ce, 0x1da8c, 0x1da9b,
    0x1daa0, 0x1daa1, 0x1dab0, 0x1df00, 0x1df1f, 0x1df25, 0x1df2b, 0x1e000, 0x1e007, 0x1e008, 0x1e019, 0x1e01b,
    0x1e022, 0x1e023, 0x1e025, 0x1e026, 0x1e02b, 0x1e030, 0x1e06e, 0x1e08f, 0x1e090, 0x1e100, 0x1e12d, 0x1e130,
    0x1e13e, 0x1e140, 0x1e14a, 0x1e14e, 0x1e150, 0x1e290, 0x1e2af, 0x1e2c0, 0x1e2fa, 0x1e2ff, 0x1e300, 0x1e4d0,
    0x1e4fa, 0x1e5d0, 0x1e5fb, 0x1e5ff, 0x1e600, 0x1e6c0, 0x1e6df, 0x1e6e0, 0x1e6f6, 0x1e6fe, 0x1e700, 0x1e7e0,
    0x1e7e7, 0x1e7e8, 0x1e7ec, 0x1e7ed, 0x1e7ef, 0x1e7f0, 0x1e7ff, 0x1e800, 0x1e8c5, 0x1e8c7, 0x1e8d7, 0x1e900,
    0x1e94c, 0x1e950, 0x1e95a, 0x1e95e, 0x1e960, 0x1ec71, 0x1ecb5, 0x1ed01, 0x1ed3e, 0x1ee00, 0x1ee04, 0x1ee05,
    0x1ee20, 0x1ee21, 0x1ee23, 0x1ee24, 0x1ee25, 0x1ee27, 0x1ee28, 0x1ee29, 0x1ee33, 0x1ee34, 0x1ee38, 0x1ee39,
    0x1ee3a, 0x1ee3b, 0x1ee3c, 0x1ee42, 0x1ee43, 0x1ee47, 0x1ee48, 0x1ee49, 0x1ee4a, 0x1ee4b, 0x1ee4c, 0x1ee4d,
    0x1ee50, 0x1ee51, 0x1ee53, 0x1ee54, 0x1ee55, 0x1ee57, 0x1ee58, 0x1ee59, 0x1ee5a, 0x1ee5b, 0x1ee5c, 0x1ee5d,
    0x1ee5e, 0x1ee5f, 0x1ee60, 0x1ee61, 0x1ee63, 0x1ee64, 0x1ee65, 0x1ee67, 0x1ee6b, 0x1ee6c, 0x1ee73, 0x1ee74,
    0x1ee78, 0x1ee79, 0x1ee7d, 0x1ee7e, 0x1ee7f, 0x1ee80, 0x1ee8a, 0x1ee8b, 0x1ee9c, 0x1eea1, 0x1eea4, 0x1eea5,
    0x1eeaa, 0x1eeab, 0x1eebc, 0x1eef0, 0x1eef2, 0x1f000, 0x1f02c, 0x1f030, 0x1f094, 0x1f0a0, 0x1f0af, 0x1f0b1,
    0x1f0c0, 0x1f0c1, 0x1f0d0, 0x1f0d1, 0x1f0f6, 0x1f100, 0x1f1ae, 0x1f1e6, 0x1f203, 0x1f210, 0x1f23c, 0x1f240,
    0x1f249, 0x1f250, 0x1f252, 0x1f260, 0x1f266, 0x1f300, 0x1f6d9, 0x1f6dc, 0x1f6ed, 0x1f6f0, 0x1f6fd, 0x1f700,
    0x1f7da, 0x1f7e0, 0x1f7ec, 0x1f7f0, 0x1f7f1, 0x1f800, 0x1f80c, 0x1f810, 0x1f848, 0x1f850, 0x1f85a, 0x1f860,
    0x1f888, 0x1f890, 0x1f8ae, 0x1f8b0, 0x1f8bc, 0x1f8c0, 0x1f8c2, 0x1f8d0, 0x1f8d9, 0x1f900, 0x1fa58, 0x1fa60,
    0x1fa6e, 0x1fa70, 0x1fa7d, 0x1fa80, 0x1fa8b, 0x1fa8e, 0x1fac7, 0x1fac8, 0x1fac9, 0x1facd, 0x1fadd, 0x1fadf,
    0x1faeb, 0x1faef, 0x1faf9, 0x1fb00, 0x1fb93, 0x1fb94, 0x1fbfb, 0x20000, 0x2a6e0, 0x2a700, 0x2b81e, 0x2b820,
    0x2ceae, 0x2ceb0, 0x2ebe1, 0x2ebf0, 0x2ee5e, 0x2f800, 0x2fa1e, 0x30000, 0x3134b, 0x31350, 0x3347a, 0xe0001,
    0xe0002, 0xe0020, 0xe0080, 0xe0100, 0xe01f0, 0x110000,
];

static SCRIPT_VAI: &[i32] = &[
    0xa500, 0xa62c,
];

static SCRIPT_VITHKUQI: &[i32] = &[
    0x10570, 0x1057b, 0x1057c, 0x1058b, 0x1058c, 0x10593, 0x10594, 0x10596, 0x10597, 0x105a2, 0x105a3, 0x105b2,
    0x105b3, 0x105ba, 0x105bb, 0x105bd,
];

static SCRIPT_WANCHO: &[i32] = &[
    0x1e2c0, 0x1e2fa, 0x1e2ff, 0x1e300,
];

static SCRIPT_WARANG_CITI: &[i32] = &[
    0x118a0, 0x118f3, 0x118ff, 0x11900,
];

static SCRIPT_YEZIDI: &[i32] = &[
    0x10e80, 0x10eaa, 0x10eab, 0x10eae, 0x10eb0, 0x10eb2,
];

static SCRIPT_YI: &[i32] = &[
    0xa000, 0xa48d, 0xa490, 0xa4c7,
];

static SCRIPT_ZANABAZAR_SQUARE: &[i32] = &[
    0x11a00, 0x11a48,
];

pub(super) fn lookup_binary(name: &str) -> Option<&'static [i32]> {
    match name {
        "AHex" => Some(BINARY_PROPERTY_ASCII_HEX_DIGIT),
        "ASCII" => Some(BINARY_PROPERTY_ASCII),
        "ASCII_Hex_Digit" => Some(BINARY_PROPERTY_ASCII_HEX_DIGIT),
        "Alpha" => Some(BINARY_PROPERTY_ALPHABETIC),
        "Alphabetic" => Some(BINARY_PROPERTY_ALPHABETIC),
        "Any" => Some(BINARY_PROPERTY_ANY),
        "Assigned" => Some(BINARY_PROPERTY_ASSIGNED),
        "Bidi_C" => Some(BINARY_PROPERTY_BIDI_CONTROL),
        "Bidi_Control" => Some(BINARY_PROPERTY_BIDI_CONTROL),
        "Bidi_M" => Some(BINARY_PROPERTY_BIDI_MIRRORED),
        "Bidi_Mirrored" => Some(BINARY_PROPERTY_BIDI_MIRRORED),
        "CI" => Some(BINARY_PROPERTY_CASE_IGNORABLE),
        "CWCF" => Some(BINARY_PROPERTY_CHANGES_WHEN_CASEFOLDED),
        "CWCM" => Some(BINARY_PROPERTY_CHANGES_WHEN_CASEMAPPED),
        "CWKCF" => Some(BINARY_PROPERTY_CHANGES_WHEN_NFKC_CASEFOLDED),
        "CWL" => Some(BINARY_PROPERTY_CHANGES_WHEN_LOWERCASED),
        "CWT" => Some(BINARY_PROPERTY_CHANGES_WHEN_TITLECASED),
        "CWU" => Some(BINARY_PROPERTY_CHANGES_WHEN_UPPERCASED),
        "Case_Ignorable" => Some(BINARY_PROPERTY_CASE_IGNORABLE),
        "Cased" => Some(BINARY_PROPERTY_CASED),
        "Changes_When_Casefolded" => Some(BINARY_PROPERTY_CHANGES_WHEN_CASEFOLDED),
        "Changes_When_Casemapped" => Some(BINARY_PROPERTY_CHANGES_WHEN_CASEMAPPED),
        "Changes_When_Lowercased" => Some(BINARY_PROPERTY_CHANGES_WHEN_LOWERCASED),
        "Changes_When_NFKC_Casefolded" => Some(BINARY_PROPERTY_CHANGES_WHEN_NFKC_CASEFOLDED),
        "Changes_When_Titlecased" => Some(BINARY_PROPERTY_CHANGES_WHEN_TITLECASED),
        "Changes_When_Uppercased" => Some(BINARY_PROPERTY_CHANGES_WHEN_UPPERCASED),
        "DI" => Some(BINARY_PROPERTY_DEFAULT_IGNORABLE_CODE_POINT),
        "Dash" => Some(BINARY_PROPERTY_DASH),
        "Default_Ignorable_Code_Point" => Some(BINARY_PROPERTY_DEFAULT_IGNORABLE_CODE_POINT),
        "Dep" => Some(BINARY_PROPERTY_DEPRECATED),
        "Deprecated" => Some(BINARY_PROPERTY_DEPRECATED),
        "Dia" => Some(BINARY_PROPERTY_DIACRITIC),
        "Diacritic" => Some(BINARY_PROPERTY_DIACRITIC),
        "EBase" => Some(BINARY_PROPERTY_EMOJI_MODIFIER_BASE),
        "EComp" => Some(BINARY_PROPERTY_EMOJI_COMPONENT),
        "EMod" => Some(BINARY_PROPERTY_EMOJI_MODIFIER),
        "EPres" => Some(BINARY_PROPERTY_EMOJI_PRESENTATION),
        "Emoji" => Some(BINARY_PROPERTY_EMOJI),
        "Emoji_Component" => Some(BINARY_PROPERTY_EMOJI_COMPONENT),
        "Emoji_Modifier" => Some(BINARY_PROPERTY_EMOJI_MODIFIER),
        "Emoji_Modifier_Base" => Some(BINARY_PROPERTY_EMOJI_MODIFIER_BASE),
        "Emoji_Presentation" => Some(BINARY_PROPERTY_EMOJI_PRESENTATION),
        "Ext" => Some(BINARY_PROPERTY_EXTENDER),
        "ExtPict" => Some(BINARY_PROPERTY_EXTENDED_PICTOGRAPHIC),
        "Extended_Pictographic" => Some(BINARY_PROPERTY_EXTENDED_PICTOGRAPHIC),
        "Extender" => Some(BINARY_PROPERTY_EXTENDER),
        "Gr_Base" => Some(BINARY_PROPERTY_GRAPHEME_BASE),
        "Gr_Ext" => Some(BINARY_PROPERTY_GRAPHEME_EXTEND),
        "Grapheme_Base" => Some(BINARY_PROPERTY_GRAPHEME_BASE),
        "Grapheme_Extend" => Some(BINARY_PROPERTY_GRAPHEME_EXTEND),
        "Hex" => Some(BINARY_PROPERTY_HEX_DIGIT),
        "Hex_Digit" => Some(BINARY_PROPERTY_HEX_DIGIT),
        "IDC" => Some(BINARY_PROPERTY_ID_CONTINUE),
        "IDS" => Some(BINARY_PROPERTY_ID_START),
        "IDSB" => Some(BINARY_PROPERTY_IDS_BINARY_OPERATOR),
        "IDST" => Some(BINARY_PROPERTY_IDS_TRINARY_OPERATOR),
        "IDS_Binary_Operator" => Some(BINARY_PROPERTY_IDS_BINARY_OPERATOR),
        "IDS_Trinary_Operator" => Some(BINARY_PROPERTY_IDS_TRINARY_OPERATOR),
        "ID_Continue" => Some(BINARY_PROPERTY_ID_CONTINUE),
        "ID_Start" => Some(BINARY_PROPERTY_ID_START),
        "Ideo" => Some(BINARY_PROPERTY_IDEOGRAPHIC),
        "Ideographic" => Some(BINARY_PROPERTY_IDEOGRAPHIC),
        "Join_C" => Some(BINARY_PROPERTY_JOIN_CONTROL),
        "Join_Control" => Some(BINARY_PROPERTY_JOIN_CONTROL),
        "LOE" => Some(BINARY_PROPERTY_LOGICAL_ORDER_EXCEPTION),
        "Logical_Order_Exception" => Some(BINARY_PROPERTY_LOGICAL_ORDER_EXCEPTION),
        "Lower" => Some(BINARY_PROPERTY_LOWERCASE),
        "Lowercase" => Some(BINARY_PROPERTY_LOWERCASE),
        "Math" => Some(BINARY_PROPERTY_MATH),
        "NChar" => Some(BINARY_PROPERTY_NONCHARACTER_CODE_POINT),
        "Noncharacter_Code_Point" => Some(BINARY_PROPERTY_NONCHARACTER_CODE_POINT),
        "Pat_Syn" => Some(BINARY_PROPERTY_PATTERN_SYNTAX),
        "Pat_WS" => Some(BINARY_PROPERTY_PATTERN_WHITE_SPACE),
        "Pattern_Syntax" => Some(BINARY_PROPERTY_PATTERN_SYNTAX),
        "Pattern_White_Space" => Some(BINARY_PROPERTY_PATTERN_WHITE_SPACE),
        "QMark" => Some(BINARY_PROPERTY_QUOTATION_MARK),
        "Quotation_Mark" => Some(BINARY_PROPERTY_QUOTATION_MARK),
        "RI" => Some(BINARY_PROPERTY_REGIONAL_INDICATOR),
        "Radical" => Some(BINARY_PROPERTY_RADICAL),
        "Regional_Indicator" => Some(BINARY_PROPERTY_REGIONAL_INDICATOR),
        "SD" => Some(BINARY_PROPERTY_SOFT_DOTTED),
        "STerm" => Some(BINARY_PROPERTY_SENTENCE_TERMINAL),
        "Sentence_Terminal" => Some(BINARY_PROPERTY_SENTENCE_TERMINAL),
        "Soft_Dotted" => Some(BINARY_PROPERTY_SOFT_DOTTED),
        "Term" => Some(BINARY_PROPERTY_TERMINAL_PUNCTUATION),
        "Terminal_Punctuation" => Some(BINARY_PROPERTY_TERMINAL_PUNCTUATION),
        "UIdeo" => Some(BINARY_PROPERTY_UNIFIED_IDEOGRAPH),
        "Unified_Ideograph" => Some(BINARY_PROPERTY_UNIFIED_IDEOGRAPH),
        "Upper" => Some(BINARY_PROPERTY_UPPERCASE),
        "Uppercase" => Some(BINARY_PROPERTY_UPPERCASE),
        "VS" => Some(BINARY_PROPERTY_VARIATION_SELECTOR),
        "Variation_Selector" => Some(BINARY_PROPERTY_VARIATION_SELECTOR),
        "White_Space" => Some(BINARY_PROPERTY_WHITE_SPACE),
        "XIDC" => Some(BINARY_PROPERTY_XID_CONTINUE),
        "XIDS" => Some(BINARY_PROPERTY_XID_START),
        "XID_Continue" => Some(BINARY_PROPERTY_XID_CONTINUE),
        "XID_Start" => Some(BINARY_PROPERTY_XID_START),
        "space" => Some(BINARY_PROPERTY_WHITE_SPACE),
        _ => None,
    }
}

pub(super) fn lookup_general_category(name: &str) -> Option<&'static [i32]> {
    match name {
        "C" => Some(GENERAL_CATEGORY_OTHER),
        "Cased_Letter" => Some(GENERAL_CATEGORY_CASED_LETTER),
        "Cc" => Some(GENERAL_CATEGORY_CONTROL),
        "Cf" => Some(GENERAL_CATEGORY_FORMAT),
        "Close_Punctuation" => Some(GENERAL_CATEGORY_CLOSE_PUNCTUATION),
        "Cn" => Some(GENERAL_CATEGORY_UNASSIGNED),
        "Co" => Some(GENERAL_CATEGORY_PRIVATE_USE),
        "Combining_Mark" => Some(GENERAL_CATEGORY_MARK),
        "Connector_Punctuation" => Some(GENERAL_CATEGORY_CONNECTOR_PUNCTUATION),
        "Control" => Some(GENERAL_CATEGORY_CONTROL),
        "Cs" => Some(GENERAL_CATEGORY_SURROGATE),
        "Currency_Symbol" => Some(GENERAL_CATEGORY_CURRENCY_SYMBOL),
        "Dash_Punctuation" => Some(GENERAL_CATEGORY_DASH_PUNCTUATION),
        "Decimal_Number" => Some(GENERAL_CATEGORY_DECIMAL_NUMBER),
        "Enclosing_Mark" => Some(GENERAL_CATEGORY_ENCLOSING_MARK),
        "Final_Punctuation" => Some(GENERAL_CATEGORY_FINAL_PUNCTUATION),
        "Format" => Some(GENERAL_CATEGORY_FORMAT),
        "Initial_Punctuation" => Some(GENERAL_CATEGORY_INITIAL_PUNCTUATION),
        "L" => Some(GENERAL_CATEGORY_LETTER),
        "LC" => Some(GENERAL_CATEGORY_CASED_LETTER),
        "Letter" => Some(GENERAL_CATEGORY_LETTER),
        "Letter_Number" => Some(GENERAL_CATEGORY_LETTER_NUMBER),
        "Line_Separator" => Some(GENERAL_CATEGORY_LINE_SEPARATOR),
        "Ll" => Some(GENERAL_CATEGORY_LOWERCASE_LETTER),
        "Lm" => Some(GENERAL_CATEGORY_MODIFIER_LETTER),
        "Lo" => Some(GENERAL_CATEGORY_OTHER_LETTER),
        "Lowercase_Letter" => Some(GENERAL_CATEGORY_LOWERCASE_LETTER),
        "Lt" => Some(GENERAL_CATEGORY_TITLECASE_LETTER),
        "Lu" => Some(GENERAL_CATEGORY_UPPERCASE_LETTER),
        "M" => Some(GENERAL_CATEGORY_MARK),
        "Mark" => Some(GENERAL_CATEGORY_MARK),
        "Math_Symbol" => Some(GENERAL_CATEGORY_MATH_SYMBOL),
        "Mc" => Some(GENERAL_CATEGORY_SPACING_MARK),
        "Me" => Some(GENERAL_CATEGORY_ENCLOSING_MARK),
        "Mn" => Some(GENERAL_CATEGORY_NONSPACING_MARK),
        "Modifier_Letter" => Some(GENERAL_CATEGORY_MODIFIER_LETTER),
        "Modifier_Symbol" => Some(GENERAL_CATEGORY_MODIFIER_SYMBOL),
        "N" => Some(GENERAL_CATEGORY_NUMBER),
        "Nd" => Some(GENERAL_CATEGORY_DECIMAL_NUMBER),
        "Nl" => Some(GENERAL_CATEGORY_LETTER_NUMBER),
        "No" => Some(GENERAL_CATEGORY_OTHER_NUMBER),
        "Nonspacing_Mark" => Some(GENERAL_CATEGORY_NONSPACING_MARK),
        "Number" => Some(GENERAL_CATEGORY_NUMBER),
        "Open_Punctuation" => Some(GENERAL_CATEGORY_OPEN_PUNCTUATION),
        "Other" => Some(GENERAL_CATEGORY_OTHER),
        "Other_Letter" => Some(GENERAL_CATEGORY_OTHER_LETTER),
        "Other_Number" => Some(GENERAL_CATEGORY_OTHER_NUMBER),
        "Other_Punctuation" => Some(GENERAL_CATEGORY_OTHER_PUNCTUATION),
        "Other_Symbol" => Some(GENERAL_CATEGORY_OTHER_SYMBOL),
        "P" => Some(GENERAL_CATEGORY_PUNCTUATION),
        "Paragraph_Separator" => Some(GENERAL_CATEGORY_PARAGRAPH_SEPARATOR),
        "Pc" => Some(GENERAL_CATEGORY_CONNECTOR_PUNCTUATION),
        "Pd" => Some(GENERAL_CATEGORY_DASH_PUNCTUATION),
        "Pe" => Some(GENERAL_CATEGORY_CLOSE_PUNCTUATION),
        "Pf" => Some(GENERAL_CATEGORY_FINAL_PUNCTUATION),
        "Pi" => Some(GENERAL_CATEGORY_INITIAL_PUNCTUATION),
        "Po" => Some(GENERAL_CATEGORY_OTHER_PUNCTUATION),
        "Private_Use" => Some(GENERAL_CATEGORY_PRIVATE_USE),
        "Ps" => Some(GENERAL_CATEGORY_OPEN_PUNCTUATION),
        "Punctuation" => Some(GENERAL_CATEGORY_PUNCTUATION),
        "S" => Some(GENERAL_CATEGORY_SYMBOL),
        "Sc" => Some(GENERAL_CATEGORY_CURRENCY_SYMBOL),
        "Separator" => Some(GENERAL_CATEGORY_SEPARATOR),
        "Sk" => Some(GENERAL_CATEGORY_MODIFIER_SYMBOL),
        "Sm" => Some(GENERAL_CATEGORY_MATH_SYMBOL),
        "So" => Some(GENERAL_CATEGORY_OTHER_SYMBOL),
        "Space_Separator" => Some(GENERAL_CATEGORY_SPACE_SEPARATOR),
        "Spacing_Mark" => Some(GENERAL_CATEGORY_SPACING_MARK),
        "Surrogate" => Some(GENERAL_CATEGORY_SURROGATE),
        "Symbol" => Some(GENERAL_CATEGORY_SYMBOL),
        "Titlecase_Letter" => Some(GENERAL_CATEGORY_TITLECASE_LETTER),
        "Unassigned" => Some(GENERAL_CATEGORY_UNASSIGNED),
        "Uppercase_Letter" => Some(GENERAL_CATEGORY_UPPERCASE_LETTER),
        "Z" => Some(GENERAL_CATEGORY_SEPARATOR),
        "Zl" => Some(GENERAL_CATEGORY_LINE_SEPARATOR),
        "Zp" => Some(GENERAL_CATEGORY_PARAGRAPH_SEPARATOR),
        "Zs" => Some(GENERAL_CATEGORY_SPACE_SEPARATOR),
        "cntrl" => Some(GENERAL_CATEGORY_CONTROL),
        "digit" => Some(GENERAL_CATEGORY_DECIMAL_NUMBER),
        "punct" => Some(GENERAL_CATEGORY_PUNCTUATION),
        _ => None,
    }
}

pub(super) fn lookup_script(name: &str) -> Option<&'static [i32]> {
    match name {
        "Adlam" => Some(SCRIPT_ADLAM),
        "Adlm" => Some(SCRIPT_ADLAM),
        "Aghb" => Some(SCRIPT_CAUCASIAN_ALBANIAN),
        "Ahom" => Some(SCRIPT_AHOM),
        "Anatolian_Hieroglyphs" => Some(SCRIPT_ANATOLIAN_HIEROGLYPHS),
        "Arab" => Some(SCRIPT_ARABIC),
        "Arabic" => Some(SCRIPT_ARABIC),
        "Armenian" => Some(SCRIPT_ARMENIAN),
        "Armi" => Some(SCRIPT_IMPERIAL_ARAMAIC),
        "Armn" => Some(SCRIPT_ARMENIAN),
        "Avestan" => Some(SCRIPT_AVESTAN),
        "Avst" => Some(SCRIPT_AVESTAN),
        "Bali" => Some(SCRIPT_BALINESE),
        "Balinese" => Some(SCRIPT_BALINESE),
        "Bamu" => Some(SCRIPT_BAMUM),
        "Bamum" => Some(SCRIPT_BAMUM),
        "Bass" => Some(SCRIPT_BASSA_VAH),
        "Bassa_Vah" => Some(SCRIPT_BASSA_VAH),
        "Batak" => Some(SCRIPT_BATAK),
        "Batk" => Some(SCRIPT_BATAK),
        "Beng" => Some(SCRIPT_BENGALI),
        "Bengali" => Some(SCRIPT_BENGALI),
        "Berf" => Some(SCRIPT_BERIA_ERFE),
        "Beria_Erfe" => Some(SCRIPT_BERIA_ERFE),
        "Bhaiksuki" => Some(SCRIPT_BHAIKSUKI),
        "Bhks" => Some(SCRIPT_BHAIKSUKI),
        "Bopo" => Some(SCRIPT_BOPOMOFO),
        "Bopomofo" => Some(SCRIPT_BOPOMOFO),
        "Brah" => Some(SCRIPT_BRAHMI),
        "Brahmi" => Some(SCRIPT_BRAHMI),
        "Brai" => Some(SCRIPT_BRAILLE),
        "Braille" => Some(SCRIPT_BRAILLE),
        "Bugi" => Some(SCRIPT_BUGINESE),
        "Buginese" => Some(SCRIPT_BUGINESE),
        "Buhd" => Some(SCRIPT_BUHID),
        "Buhid" => Some(SCRIPT_BUHID),
        "Cakm" => Some(SCRIPT_CHAKMA),
        "Canadian_Aboriginal" => Some(SCRIPT_CANADIAN_ABORIGINAL),
        "Cans" => Some(SCRIPT_CANADIAN_ABORIGINAL),
        "Cari" => Some(SCRIPT_CARIAN),
        "Carian" => Some(SCRIPT_CARIAN),
        "Caucasian_Albanian" => Some(SCRIPT_CAUCASIAN_ALBANIAN),
        "Chakma" => Some(SCRIPT_CHAKMA),
        "Cham" => Some(SCRIPT_CHAM),
        "Cher" => Some(SCRIPT_CHEROKEE),
        "Cherokee" => Some(SCRIPT_CHEROKEE),
        "Chorasmian" => Some(SCRIPT_CHORASMIAN),
        "Chrs" => Some(SCRIPT_CHORASMIAN),
        "Common" => Some(SCRIPT_COMMON),
        "Copt" => Some(SCRIPT_COPTIC),
        "Coptic" => Some(SCRIPT_COPTIC),
        "Cpmn" => Some(SCRIPT_CYPRO_MINOAN),
        "Cprt" => Some(SCRIPT_CYPRIOT),
        "Cuneiform" => Some(SCRIPT_CUNEIFORM),
        "Cypriot" => Some(SCRIPT_CYPRIOT),
        "Cypro_Minoan" => Some(SCRIPT_CYPRO_MINOAN),
        "Cyrillic" => Some(SCRIPT_CYRILLIC),
        "Cyrl" => Some(SCRIPT_CYRILLIC),
        "Deseret" => Some(SCRIPT_DESERET),
        "Deva" => Some(SCRIPT_DEVANAGARI),
        "Devanagari" => Some(SCRIPT_DEVANAGARI),
        "Diak" => Some(SCRIPT_DIVES_AKURU),
        "Dives_Akuru" => Some(SCRIPT_DIVES_AKURU),
        "Dogr" => Some(SCRIPT_DOGRA),
        "Dogra" => Some(SCRIPT_DOGRA),
        "Dsrt" => Some(SCRIPT_DESERET),
        "Dupl" => Some(SCRIPT_DUPLOYAN),
        "Duployan" => Some(SCRIPT_DUPLOYAN),
        "Egyp" => Some(SCRIPT_EGYPTIAN_HIEROGLYPHS),
        "Egyptian_Hieroglyphs" => Some(SCRIPT_EGYPTIAN_HIEROGLYPHS),
        "Elba" => Some(SCRIPT_ELBASAN),
        "Elbasan" => Some(SCRIPT_ELBASAN),
        "Elym" => Some(SCRIPT_ELYMAIC),
        "Elymaic" => Some(SCRIPT_ELYMAIC),
        "Ethi" => Some(SCRIPT_ETHIOPIC),
        "Ethiopic" => Some(SCRIPT_ETHIOPIC),
        "Gara" => Some(SCRIPT_GARAY),
        "Garay" => Some(SCRIPT_GARAY),
        "Geor" => Some(SCRIPT_GEORGIAN),
        "Georgian" => Some(SCRIPT_GEORGIAN),
        "Glag" => Some(SCRIPT_GLAGOLITIC),
        "Glagolitic" => Some(SCRIPT_GLAGOLITIC),
        "Gong" => Some(SCRIPT_GUNJALA_GONDI),
        "Gonm" => Some(SCRIPT_MASARAM_GONDI),
        "Goth" => Some(SCRIPT_GOTHIC),
        "Gothic" => Some(SCRIPT_GOTHIC),
        "Gran" => Some(SCRIPT_GRANTHA),
        "Grantha" => Some(SCRIPT_GRANTHA),
        "Greek" => Some(SCRIPT_GREEK),
        "Grek" => Some(SCRIPT_GREEK),
        "Gujarati" => Some(SCRIPT_GUJARATI),
        "Gujr" => Some(SCRIPT_GUJARATI),
        "Gukh" => Some(SCRIPT_GURUNG_KHEMA),
        "Gunjala_Gondi" => Some(SCRIPT_GUNJALA_GONDI),
        "Gurmukhi" => Some(SCRIPT_GURMUKHI),
        "Guru" => Some(SCRIPT_GURMUKHI),
        "Gurung_Khema" => Some(SCRIPT_GURUNG_KHEMA),
        "Han" => Some(SCRIPT_HAN),
        "Hang" => Some(SCRIPT_HANGUL),
        "Hangul" => Some(SCRIPT_HANGUL),
        "Hani" => Some(SCRIPT_HAN),
        "Hanifi_Rohingya" => Some(SCRIPT_HANIFI_ROHINGYA),
        "Hano" => Some(SCRIPT_HANUNOO),
        "Hanunoo" => Some(SCRIPT_HANUNOO),
        "Hatr" => Some(SCRIPT_HATRAN),
        "Hatran" => Some(SCRIPT_HATRAN),
        "Hebr" => Some(SCRIPT_HEBREW),
        "Hebrew" => Some(SCRIPT_HEBREW),
        "Hira" => Some(SCRIPT_HIRAGANA),
        "Hiragana" => Some(SCRIPT_HIRAGANA),
        "Hluw" => Some(SCRIPT_ANATOLIAN_HIEROGLYPHS),
        "Hmng" => Some(SCRIPT_PAHAWH_HMONG),
        "Hmnp" => Some(SCRIPT_NYIAKENG_PUACHUE_HMONG),
        "Hung" => Some(SCRIPT_OLD_HUNGARIAN),
        "Imperial_Aramaic" => Some(SCRIPT_IMPERIAL_ARAMAIC),
        "Inherited" => Some(SCRIPT_INHERITED),
        "Inscriptional_Pahlavi" => Some(SCRIPT_INSCRIPTIONAL_PAHLAVI),
        "Inscriptional_Parthian" => Some(SCRIPT_INSCRIPTIONAL_PARTHIAN),
        "Ital" => Some(SCRIPT_OLD_ITALIC),
        "Java" => Some(SCRIPT_JAVANESE),
        "Javanese" => Some(SCRIPT_JAVANESE),
        "Kaithi" => Some(SCRIPT_KAITHI),
        "Kali" => Some(SCRIPT_KAYAH_LI),
        "Kana" => Some(SCRIPT_KATAKANA),
        "Kannada" => Some(SCRIPT_KANNADA),
        "Katakana" => Some(SCRIPT_KATAKANA),
        "Kawi" => Some(SCRIPT_KAWI),
        "Kayah_Li" => Some(SCRIPT_KAYAH_LI),
        "Khar" => Some(SCRIPT_KHAROSHTHI),
        "Kharoshthi" => Some(SCRIPT_KHAROSHTHI),
        "Khitan_Small_Script" => Some(SCRIPT_KHITAN_SMALL_SCRIPT),
        "Khmer" => Some(SCRIPT_KHMER),
        "Khmr" => Some(SCRIPT_KHMER),
        "Khoj" => Some(SCRIPT_KHOJKI),
        "Khojki" => Some(SCRIPT_KHOJKI),
        "Khudawadi" => Some(SCRIPT_KHUDAWADI),
        "Kirat_Rai" => Some(SCRIPT_KIRAT_RAI),
        "Kits" => Some(SCRIPT_KHITAN_SMALL_SCRIPT),
        "Knda" => Some(SCRIPT_KANNADA),
        "Krai" => Some(SCRIPT_KIRAT_RAI),
        "Kthi" => Some(SCRIPT_KAITHI),
        "Lana" => Some(SCRIPT_TAI_THAM),
        "Lao" => Some(SCRIPT_LAO),
        "Laoo" => Some(SCRIPT_LAO),
        "Latin" => Some(SCRIPT_LATIN),
        "Latn" => Some(SCRIPT_LATIN),
        "Lepc" => Some(SCRIPT_LEPCHA),
        "Lepcha" => Some(SCRIPT_LEPCHA),
        "Limb" => Some(SCRIPT_LIMBU),
        "Limbu" => Some(SCRIPT_LIMBU),
        "Lina" => Some(SCRIPT_LINEAR_A),
        "Linb" => Some(SCRIPT_LINEAR_B),
        "Linear_A" => Some(SCRIPT_LINEAR_A),
        "Linear_B" => Some(SCRIPT_LINEAR_B),
        "Lisu" => Some(SCRIPT_LISU),
        "Lyci" => Some(SCRIPT_LYCIAN),
        "Lycian" => Some(SCRIPT_LYCIAN),
        "Lydi" => Some(SCRIPT_LYDIAN),
        "Lydian" => Some(SCRIPT_LYDIAN),
        "Mahajani" => Some(SCRIPT_MAHAJANI),
        "Mahj" => Some(SCRIPT_MAHAJANI),
        "Maka" => Some(SCRIPT_MAKASAR),
        "Makasar" => Some(SCRIPT_MAKASAR),
        "Malayalam" => Some(SCRIPT_MALAYALAM),
        "Mand" => Some(SCRIPT_MANDAIC),
        "Mandaic" => Some(SCRIPT_MANDAIC),
        "Mani" => Some(SCRIPT_MANICHAEAN),
        "Manichaean" => Some(SCRIPT_MANICHAEAN),
        "Marc" => Some(SCRIPT_MARCHEN),
        "Marchen" => Some(SCRIPT_MARCHEN),
        "Masaram_Gondi" => Some(SCRIPT_MASARAM_GONDI),
        "Medefaidrin" => Some(SCRIPT_MEDEFAIDRIN),
        "Medf" => Some(SCRIPT_MEDEFAIDRIN),
        "Meetei_Mayek" => Some(SCRIPT_MEETEI_MAYEK),
        "Mend" => Some(SCRIPT_MENDE_KIKAKUI),
        "Mende_Kikakui" => Some(SCRIPT_MENDE_KIKAKUI),
        "Merc" => Some(SCRIPT_MEROITIC_CURSIVE),
        "Mero" => Some(SCRIPT_MEROITIC_HIEROGLYPHS),
        "Meroitic_Cursive" => Some(SCRIPT_MEROITIC_CURSIVE),
        "Meroitic_Hieroglyphs" => Some(SCRIPT_MEROITIC_HIEROGLYPHS),
        "Miao" => Some(SCRIPT_MIAO),
        "Mlym" => Some(SCRIPT_MALAYALAM),
        "Modi" => Some(SCRIPT_MODI),
        "Mong" => Some(SCRIPT_MONGOLIAN),
        "Mongolian" => Some(SCRIPT_MONGOLIAN),
        "Mro" => Some(SCRIPT_MRO),
        "Mroo" => Some(SCRIPT_MRO),
        "Mtei" => Some(SCRIPT_MEETEI_MAYEK),
        "Mult" => Some(SCRIPT_MULTANI),
        "Multani" => Some(SCRIPT_MULTANI),
        "Myanmar" => Some(SCRIPT_MYANMAR),
        "Mymr" => Some(SCRIPT_MYANMAR),
        "Nabataean" => Some(SCRIPT_NABATAEAN),
        "Nag_Mundari" => Some(SCRIPT_NAG_MUNDARI),
        "Nagm" => Some(SCRIPT_NAG_MUNDARI),
        "Nand" => Some(SCRIPT_NANDINAGARI),
        "Nandinagari" => Some(SCRIPT_NANDINAGARI),
        "Narb" => Some(SCRIPT_OLD_NORTH_ARABIAN),
        "Nbat" => Some(SCRIPT_NABATAEAN),
        "New_Tai_Lue" => Some(SCRIPT_NEW_TAI_LUE),
        "Newa" => Some(SCRIPT_NEWA),
        "Nko" => Some(SCRIPT_NKO),
        "Nkoo" => Some(SCRIPT_NKO),
        "Nshu" => Some(SCRIPT_NUSHU),
        "Nushu" => Some(SCRIPT_NUSHU),
        "Nyiakeng_Puachue_Hmong" => Some(SCRIPT_NYIAKENG_PUACHUE_HMONG),
        "Ogam" => Some(SCRIPT_OGHAM),
        "Ogham" => Some(SCRIPT_OGHAM),
        "Ol_Chiki" => Some(SCRIPT_OL_CHIKI),
        "Ol_Onal" => Some(SCRIPT_OL_ONAL),
        "Olck" => Some(SCRIPT_OL_CHIKI),
        "Old_Hungarian" => Some(SCRIPT_OLD_HUNGARIAN),
        "Old_Italic" => Some(SCRIPT_OLD_ITALIC),
        "Old_North_Arabian" => Some(SCRIPT_OLD_NORTH_ARABIAN),
        "Old_Permic" => Some(SCRIPT_OLD_PERMIC),
        "Old_Persian" => Some(SCRIPT_OLD_PERSIAN),
        "Old_Sogdian" => Some(SCRIPT_OLD_SOGDIAN),
        "Old_South_Arabian" => Some(SCRIPT_OLD_SOUTH_ARABIAN),
        "Old_Turkic" => Some(SCRIPT_OLD_TURKIC),
        "Old_Uyghur" => Some(SCRIPT_OLD_UYGHUR),
        "Onao" => Some(SCRIPT_OL_ONAL),
        "Oriya" => Some(SCRIPT_ORIYA),
        "Orkh" => Some(SCRIPT_OLD_TURKIC),
        "Orya" => Some(SCRIPT_ORIYA),
        "Osage" => Some(SCRIPT_OSAGE),
        "Osge" => Some(SCRIPT_OSAGE),
        "Osma" => Some(SCRIPT_OSMANYA),
        "Osmanya" => Some(SCRIPT_OSMANYA),
        "Ougr" => Some(SCRIPT_OLD_UYGHUR),
        "Pahawh_Hmong" => Some(SCRIPT_PAHAWH_HMONG),
        "Palm" => Some(SCRIPT_PALMYRENE),
        "Palmyrene" => Some(SCRIPT_PALMYRENE),
        "Pau_Cin_Hau" => Some(SCRIPT_PAU_CIN_HAU),
        "Pauc" => Some(SCRIPT_PAU_CIN_HAU),
        "Perm" => Some(SCRIPT_OLD_PERMIC),
        "Phag" => Some(SCRIPT_PHAGS_PA),
        "Phags_Pa" => Some(SCRIPT_PHAGS_PA),
        "Phli" => Some(SCRIPT_INSCRIPTIONAL_PAHLAVI),
        "Phlp" => Some(SCRIPT_PSALTER_PAHLAVI),
        "Phnx" => Some(SCRIPT_PHOENICIAN),
        "Phoenician" => Some(SCRIPT_PHOENICIAN),
        "Plrd" => Some(SCRIPT_MIAO),
        "Prti" => Some(SCRIPT_INSCRIPTIONAL_PARTHIAN),
        "Psalter_Pahlavi" => Some(SCRIPT_PSALTER_PAHLAVI),
        "Qaac" => Some(SCRIPT_COPTIC),
        "Qaai" => Some(SCRIPT_INHERITED),
        "Rejang" => Some(SCRIPT_REJANG),
        "Rjng" => Some(SCRIPT_REJANG),
        "Rohg" => Some(SCRIPT_HANIFI_ROHINGYA),
        "Runic" => Some(SCRIPT_RUNIC),
        "Runr" => Some(SCRIPT_RUNIC),
        "Samaritan" => Some(SCRIPT_SAMARITAN),
        "Samr" => Some(SCRIPT_SAMARITAN),
        "Sarb" => Some(SCRIPT_OLD_SOUTH_ARABIAN),
        "Saur" => Some(SCRIPT_SAURASHTRA),
        "Saurashtra" => Some(SCRIPT_SAURASHTRA),
        "Sgnw" => Some(SCRIPT_SIGNWRITING),
        "Sharada" => Some(SCRIPT_SHARADA),
        "Shavian" => Some(SCRIPT_SHAVIAN),
        "Shaw" => Some(SCRIPT_SHAVIAN),
        "Shrd" => Some(SCRIPT_SHARADA),
        "Sidd" => Some(SCRIPT_SIDDHAM),
        "Siddham" => Some(SCRIPT_SIDDHAM),
        "Sidetic" => Some(SCRIPT_SIDETIC),
        "Sidt" => Some(SCRIPT_SIDETIC),
        "SignWriting" => Some(SCRIPT_SIGNWRITING),
        "Sind" => Some(SCRIPT_KHUDAWADI),
        "Sinh" => Some(SCRIPT_SINHALA),
        "Sinhala" => Some(SCRIPT_SINHALA),
        "Sogd" => Some(SCRIPT_SOGDIAN),
        "Sogdian" => Some(SCRIPT_SOGDIAN),
        "Sogo" => Some(SCRIPT_OLD_SOGDIAN),
        "Sora" => Some(SCRIPT_SORA_SOMPENG),
        "Sora_Sompeng" => Some(SCRIPT_SORA_SOMPENG),
        "Soyo" => Some(SCRIPT_SOYOMBO),
        "Soyombo" => Some(SCRIPT_SOYOMBO),
        "Sund" => Some(SCRIPT_SUNDANESE),
        "Sundanese" => Some(SCRIPT_SUNDANESE),
        "Sunu" => Some(SCRIPT_SUNUWAR),
        "Sunuwar" => Some(SCRIPT_SUNUWAR),
        "Sylo" => Some(SCRIPT_SYLOTI_NAGRI),
        "Syloti_Nagri" => Some(SCRIPT_SYLOTI_NAGRI),
        "Syrc" => Some(SCRIPT_SYRIAC),
        "Syriac" => Some(SCRIPT_SYRIAC),
        "Tagalog" => Some(SCRIPT_TAGALOG),
        "Tagb" => Some(SCRIPT_TAGBANWA),
        "Tagbanwa" => Some(SCRIPT_TAGBANWA),
        "Tai_Le" => Some(SCRIPT_TAI_LE),
        "Tai_Tham" => Some(SCRIPT_TAI_THAM),
        "Tai_Viet" => Some(SCRIPT_TAI_VIET),
        "Tai_Yo" => Some(SCRIPT_TAI_YO),
        "Takr" => Some(SCRIPT_TAKRI),
        "Takri" => Some(SCRIPT_TAKRI),
        "Tale" => Some(SCRIPT_TAI_LE),
        "Talu" => Some(SCRIPT_NEW_TAI_LUE),
        "Tamil" => Some(SCRIPT_TAMIL),
        "Taml" => Some(SCRIPT_TAMIL),
        "Tang" => Some(SCRIPT_TANGUT),
        "Tangsa" => Some(SCRIPT_TANGSA),
        "Tangut" => Some(SCRIPT_TANGUT),
        "Tavt" => Some(SCRIPT_TAI_VIET),
        "Tayo" => Some(SCRIPT_TAI_YO),
        "Telu" => Some(SCRIPT_TELUGU),
        "Telugu" => Some(SCRIPT_TELUGU),
        "Tfng" => Some(SCRIPT_TIFINAGH),
        "Tglg" => Some(SCRIPT_TAGALOG),
        "Thaa" => Some(SCRIPT_THAANA),
        "Thaana" => Some(SCRIPT_THAANA),
        "Thai" => Some(SCRIPT_THAI),
        "Tibetan" => Some(SCRIPT_TIBETAN),
        "Tibt" => Some(SCRIPT_TIBETAN),
        "Tifinagh" => Some(SCRIPT_TIFINAGH),
        "Tirh" => Some(SCRIPT_TIRHUTA),
        "Tirhuta" => Some(SCRIPT_TIRHUTA),
        "Tnsa" => Some(SCRIPT_TANGSA),
        "Todhri" => Some(SCRIPT_TODHRI),
        "Todr" => Some(SCRIPT_TODHRI),
        "Tolong_Siki" => Some(SCRIPT_TOLONG_SIKI),
        "Tols" => Some(SCRIPT_TOLONG_SIKI),
        "Toto" => Some(SCRIPT_TOTO),
        "Tulu_Tigalari" => Some(SCRIPT_TULU_TIGALARI),
        "Tutg" => Some(SCRIPT_TULU_TIGALARI),
        "Ugar" => Some(SCRIPT_UGARITIC),
        "Ugaritic" => Some(SCRIPT_UGARITIC),
        "Unknown" => Some(SCRIPT_UNKNOWN),
        "Vai" => Some(SCRIPT_VAI),
        "Vaii" => Some(SCRIPT_VAI),
        "Vith" => Some(SCRIPT_VITHKUQI),
        "Vithkuqi" => Some(SCRIPT_VITHKUQI),
        "Wancho" => Some(SCRIPT_WANCHO),
        "Wara" => Some(SCRIPT_WARANG_CITI),
        "Warang_Citi" => Some(SCRIPT_WARANG_CITI),
        "Wcho" => Some(SCRIPT_WANCHO),
        "Xpeo" => Some(SCRIPT_OLD_PERSIAN),
        "Xsux" => Some(SCRIPT_CUNEIFORM),
        "Yezi" => Some(SCRIPT_YEZIDI),
        "Yezidi" => Some(SCRIPT_YEZIDI),
        "Yi" => Some(SCRIPT_YI),
        "Yiii" => Some(SCRIPT_YI),
        "Zanabazar_Square" => Some(SCRIPT_ZANABAZAR_SQUARE),
        "Zanb" => Some(SCRIPT_ZANABAZAR_SQUARE),
        "Zinh" => Some(SCRIPT_INHERITED),
        "Zyyy" => Some(SCRIPT_COMMON),
        "Zzzz" => Some(SCRIPT_UNKNOWN),
        _ => None,
    }
}

pub(super) fn lookup_script_extensions(name: &str) -> Option<&'static [i32]> {
    match name {
        "Adlam" => Some(SCRIPT_EXTENSIONS_ADLAM),
        "Adlm" => Some(SCRIPT_EXTENSIONS_ADLAM),
        "Aghb" => Some(SCRIPT_EXTENSIONS_CAUCASIAN_ALBANIAN),
        "Ahom" => Some(SCRIPT_EXTENSIONS_AHOM),
        "Anatolian_Hieroglyphs" => Some(SCRIPT_EXTENSIONS_ANATOLIAN_HIEROGLYPHS),
        "Arab" => Some(SCRIPT_EXTENSIONS_ARABIC),
        "Arabic" => Some(SCRIPT_EXTENSIONS_ARABIC),
        "Armenian" => Some(SCRIPT_EXTENSIONS_ARMENIAN),
        "Armi" => Some(SCRIPT_EXTENSIONS_IMPERIAL_ARAMAIC),
        "Armn" => Some(SCRIPT_EXTENSIONS_ARMENIAN),
        "Avestan" => Some(SCRIPT_EXTENSIONS_AVESTAN),
        "Avst" => Some(SCRIPT_EXTENSIONS_AVESTAN),
        "Bali" => Some(SCRIPT_EXTENSIONS_BALINESE),
        "Balinese" => Some(SCRIPT_EXTENSIONS_BALINESE),
        "Bamu" => Some(SCRIPT_EXTENSIONS_BAMUM),
        "Bamum" => Some(SCRIPT_EXTENSIONS_BAMUM),
        "Bass" => Some(SCRIPT_EXTENSIONS_BASSA_VAH),
        "Bassa_Vah" => Some(SCRIPT_EXTENSIONS_BASSA_VAH),
        "Batak" => Some(SCRIPT_EXTENSIONS_BATAK),
        "Batk" => Some(SCRIPT_EXTENSIONS_BATAK),
        "Beng" => Some(SCRIPT_EXTENSIONS_BENGALI),
        "Bengali" => Some(SCRIPT_EXTENSIONS_BENGALI),
        "Berf" => Some(SCRIPT_EXTENSIONS_BERIA_ERFE),
        "Beria_Erfe" => Some(SCRIPT_EXTENSIONS_BERIA_ERFE),
        "Bhaiksuki" => Some(SCRIPT_EXTENSIONS_BHAIKSUKI),
        "Bhks" => Some(SCRIPT_EXTENSIONS_BHAIKSUKI),
        "Bopo" => Some(SCRIPT_EXTENSIONS_BOPOMOFO),
        "Bopomofo" => Some(SCRIPT_EXTENSIONS_BOPOMOFO),
        "Brah" => Some(SCRIPT_EXTENSIONS_BRAHMI),
        "Brahmi" => Some(SCRIPT_EXTENSIONS_BRAHMI),
        "Brai" => Some(SCRIPT_EXTENSIONS_BRAILLE),
        "Braille" => Some(SCRIPT_EXTENSIONS_BRAILLE),
        "Bugi" => Some(SCRIPT_EXTENSIONS_BUGINESE),
        "Buginese" => Some(SCRIPT_EXTENSIONS_BUGINESE),
        "Buhd" => Some(SCRIPT_EXTENSIONS_BUHID),
        "Buhid" => Some(SCRIPT_EXTENSIONS_BUHID),
        "Cakm" => Some(SCRIPT_EXTENSIONS_CHAKMA),
        "Canadian_Aboriginal" => Some(SCRIPT_EXTENSIONS_CANADIAN_ABORIGINAL),
        "Cans" => Some(SCRIPT_EXTENSIONS_CANADIAN_ABORIGINAL),
        "Cari" => Some(SCRIPT_EXTENSIONS_CARIAN),
        "Carian" => Some(SCRIPT_EXTENSIONS_CARIAN),
        "Caucasian_Albanian" => Some(SCRIPT_EXTENSIONS_CAUCASIAN_ALBANIAN),
        "Chakma" => Some(SCRIPT_EXTENSIONS_CHAKMA),
        "Cham" => Some(SCRIPT_EXTENSIONS_CHAM),
        "Cher" => Some(SCRIPT_EXTENSIONS_CHEROKEE),
        "Cherokee" => Some(SCRIPT_EXTENSIONS_CHEROKEE),
        "Chorasmian" => Some(SCRIPT_EXTENSIONS_CHORASMIAN),
        "Chrs" => Some(SCRIPT_EXTENSIONS_CHORASMIAN),
        "Common" => Some(SCRIPT_EXTENSIONS_COMMON),
        "Copt" => Some(SCRIPT_EXTENSIONS_COPTIC),
        "Coptic" => Some(SCRIPT_EXTENSIONS_COPTIC),
        "Cpmn" => Some(SCRIPT_EXTENSIONS_CYPRO_MINOAN),
        "Cprt" => Some(SCRIPT_EXTENSIONS_CYPRIOT),
        "Cuneiform" => Some(SCRIPT_EXTENSIONS_CUNEIFORM),
        "Cypriot" => Some(SCRIPT_EXTENSIONS_CYPRIOT),
        "Cypro_Minoan" => Some(SCRIPT_EXTENSIONS_CYPRO_MINOAN),
        "Cyrillic" => Some(SCRIPT_EXTENSIONS_CYRILLIC),
        "Cyrl" => Some(SCRIPT_EXTENSIONS_CYRILLIC),
        "Deseret" => Some(SCRIPT_EXTENSIONS_DESERET),
        "Deva" => Some(SCRIPT_EXTENSIONS_DEVANAGARI),
        "Devanagari" => Some(SCRIPT_EXTENSIONS_DEVANAGARI),
        "Diak" => Some(SCRIPT_EXTENSIONS_DIVES_AKURU),
        "Dives_Akuru" => Some(SCRIPT_EXTENSIONS_DIVES_AKURU),
        "Dogr" => Some(SCRIPT_EXTENSIONS_DOGRA),
        "Dogra" => Some(SCRIPT_EXTENSIONS_DOGRA),
        "Dsrt" => Some(SCRIPT_EXTENSIONS_DESERET),
        "Dupl" => Some(SCRIPT_EXTENSIONS_DUPLOYAN),
        "Duployan" => Some(SCRIPT_EXTENSIONS_DUPLOYAN),
        "Egyp" => Some(SCRIPT_EXTENSIONS_EGYPTIAN_HIEROGLYPHS),
        "Egyptian_Hieroglyphs" => Some(SCRIPT_EXTENSIONS_EGYPTIAN_HIEROGLYPHS),
        "Elba" => Some(SCRIPT_EXTENSIONS_ELBASAN),
        "Elbasan" => Some(SCRIPT_EXTENSIONS_ELBASAN),
        "Elym" => Some(SCRIPT_EXTENSIONS_ELYMAIC),
        "Elymaic" => Some(SCRIPT_EXTENSIONS_ELYMAIC),
        "Ethi" => Some(SCRIPT_EXTENSIONS_ETHIOPIC),
        "Ethiopic" => Some(SCRIPT_EXTENSIONS_ETHIOPIC),
        "Gara" => Some(SCRIPT_EXTENSIONS_GARAY),
        "Garay" => Some(SCRIPT_EXTENSIONS_GARAY),
        "Geor" => Some(SCRIPT_EXTENSIONS_GEORGIAN),
        "Georgian" => Some(SCRIPT_EXTENSIONS_GEORGIAN),
        "Glag" => Some(SCRIPT_EXTENSIONS_GLAGOLITIC),
        "Glagolitic" => Some(SCRIPT_EXTENSIONS_GLAGOLITIC),
        "Gong" => Some(SCRIPT_EXTENSIONS_GUNJALA_GONDI),
        "Gonm" => Some(SCRIPT_EXTENSIONS_MASARAM_GONDI),
        "Goth" => Some(SCRIPT_EXTENSIONS_GOTHIC),
        "Gothic" => Some(SCRIPT_EXTENSIONS_GOTHIC),
        "Gran" => Some(SCRIPT_EXTENSIONS_GRANTHA),
        "Grantha" => Some(SCRIPT_EXTENSIONS_GRANTHA),
        "Greek" => Some(SCRIPT_EXTENSIONS_GREEK),
        "Grek" => Some(SCRIPT_EXTENSIONS_GREEK),
        "Gujarati" => Some(SCRIPT_EXTENSIONS_GUJARATI),
        "Gujr" => Some(SCRIPT_EXTENSIONS_GUJARATI),
        "Gukh" => Some(SCRIPT_EXTENSIONS_GURUNG_KHEMA),
        "Gunjala_Gondi" => Some(SCRIPT_EXTENSIONS_GUNJALA_GONDI),
        "Gurmukhi" => Some(SCRIPT_EXTENSIONS_GURMUKHI),
        "Guru" => Some(SCRIPT_EXTENSIONS_GURMUKHI),
        "Gurung_Khema" => Some(SCRIPT_EXTENSIONS_GURUNG_KHEMA),
        "Han" => Some(SCRIPT_EXTENSIONS_HAN),
        "Hang" => Some(SCRIPT_EXTENSIONS_HANGUL),
        "Hangul" => Some(SCRIPT_EXTENSIONS_HANGUL),
        "Hani" => Some(SCRIPT_EXTENSIONS_HAN),
        "Hanifi_Rohingya" => Some(SCRIPT_EXTENSIONS_HANIFI_ROHINGYA),
        "Hano" => Some(SCRIPT_EXTENSIONS_HANUNOO),
        "Hanunoo" => Some(SCRIPT_EXTENSIONS_HANUNOO),
        "Hatr" => Some(SCRIPT_EXTENSIONS_HATRAN),
        "Hatran" => Some(SCRIPT_EXTENSIONS_HATRAN),
        "Hebr" => Some(SCRIPT_EXTENSIONS_HEBREW),
        "Hebrew" => Some(SCRIPT_EXTENSIONS_HEBREW),
        "Hira" => Some(SCRIPT_EXTENSIONS_HIRAGANA),
        "Hiragana" => Some(SCRIPT_EXTENSIONS_HIRAGANA),
        "Hluw" => Some(SCRIPT_EXTENSIONS_ANATOLIAN_HIEROGLYPHS),
        "Hmng" => Some(SCRIPT_EXTENSIONS_PAHAWH_HMONG),
        "Hmnp" => Some(SCRIPT_EXTENSIONS_NYIAKENG_PUACHUE_HMONG),
        "Hung" => Some(SCRIPT_EXTENSIONS_OLD_HUNGARIAN),
        "Imperial_Aramaic" => Some(SCRIPT_EXTENSIONS_IMPERIAL_ARAMAIC),
        "Inherited" => Some(SCRIPT_EXTENSIONS_INHERITED),
        "Inscriptional_Pahlavi" => Some(SCRIPT_EXTENSIONS_INSCRIPTIONAL_PAHLAVI),
        "Inscriptional_Parthian" => Some(SCRIPT_EXTENSIONS_INSCRIPTIONAL_PARTHIAN),
        "Ital" => Some(SCRIPT_EXTENSIONS_OLD_ITALIC),
        "Java" => Some(SCRIPT_EXTENSIONS_JAVANESE),
        "Javanese" => Some(SCRIPT_EXTENSIONS_JAVANESE),
        "Kaithi" => Some(SCRIPT_EXTENSIONS_KAITHI),
        "Kali" => Some(SCRIPT_EXTENSIONS_KAYAH_LI),
        "Kana" => Some(SCRIPT_EXTENSIONS_KATAKANA),
        "Kannada" => Some(SCRIPT_EXTENSIONS_KANNADA),
        "Katakana" => Some(SCRIPT_EXTENSIONS_KATAKANA),
        "Kawi" => Some(SCRIPT_EXTENSIONS_KAWI),
        "Kayah_Li" => Some(SCRIPT_EXTENSIONS_KAYAH_LI),
        "Khar" => Some(SCRIPT_EXTENSIONS_KHAROSHTHI),
        "Kharoshthi" => Some(SCRIPT_EXTENSIONS_KHAROSHTHI),
        "Khitan_Small_Script" => Some(SCRIPT_EXTENSIONS_KHITAN_SMALL_SCRIPT),
        "Khmer" => Some(SCRIPT_EXTENSIONS_KHMER),
        "Khmr" => Some(SCRIPT_EXTENSIONS_KHMER),
        "Khoj" => Some(SCRIPT_EXTENSIONS_KHOJKI),
        "Khojki" => Some(SCRIPT_EXTENSIONS_KHOJKI),
        "Khudawadi" => Some(SCRIPT_EXTENSIONS_KHUDAWADI),
        "Kirat_Rai" => Some(SCRIPT_EXTENSIONS_KIRAT_RAI),
        "Kits" => Some(SCRIPT_EXTENSIONS_KHITAN_SMALL_SCRIPT),
        "Knda" => Some(SCRIPT_EXTENSIONS_KANNADA),
        "Krai" => Some(SCRIPT_EXTENSIONS_KIRAT_RAI),
        "Kthi" => Some(SCRIPT_EXTENSIONS_KAITHI),
        "Lana" => Some(SCRIPT_EXTENSIONS_TAI_THAM),
        "Lao" => Some(SCRIPT_EXTENSIONS_LAO),
        "Laoo" => Some(SCRIPT_EXTENSIONS_LAO),
        "Latin" => Some(SCRIPT_EXTENSIONS_LATIN),
        "Latn" => Some(SCRIPT_EXTENSIONS_LATIN),
        "Lepc" => Some(SCRIPT_EXTENSIONS_LEPCHA),
        "Lepcha" => Some(SCRIPT_EXTENSIONS_LEPCHA),
        "Limb" => Some(SCRIPT_EXTENSIONS_LIMBU),
        "Limbu" => Some(SCRIPT_EXTENSIONS_LIMBU),
        "Lina" => Some(SCRIPT_EXTENSIONS_LINEAR_A),
        "Linb" => Some(SCRIPT_EXTENSIONS_LINEAR_B),
        "Linear_A" => Some(SCRIPT_EXTENSIONS_LINEAR_A),
        "Linear_B" => Some(SCRIPT_EXTENSIONS_LINEAR_B),
        "Lisu" => Some(SCRIPT_EXTENSIONS_LISU),
        "Lyci" => Some(SCRIPT_EXTENSIONS_LYCIAN),
        "Lycian" => Some(SCRIPT_EXTENSIONS_LYCIAN),
        "Lydi" => Some(SCRIPT_EXTENSIONS_LYDIAN),
        "Lydian" => Some(SCRIPT_EXTENSIONS_LYDIAN),
        "Mahajani" => Some(SCRIPT_EXTENSIONS_MAHAJANI),
        "Mahj" => Some(SCRIPT_EXTENSIONS_MAHAJANI),
        "Maka" => Some(SCRIPT_EXTENSIONS_MAKASAR),
        "Makasar" => Some(SCRIPT_EXTENSIONS_MAKASAR),
        "Malayalam" => Some(SCRIPT_EXTENSIONS_MALAYALAM),
        "Mand" => Some(SCRIPT_EXTENSIONS_MANDAIC),
        "Mandaic" => Some(SCRIPT_EXTENSIONS_MANDAIC),
        "Mani" => Some(SCRIPT_EXTENSIONS_MANICHAEAN),
        "Manichaean" => Some(SCRIPT_EXTENSIONS_MANICHAEAN),
        "Marc" => Some(SCRIPT_EXTENSIONS_MARCHEN),
        "Marchen" => Some(SCRIPT_EXTENSIONS_MARCHEN),
        "Masaram_Gondi" => Some(SCRIPT_EXTENSIONS_MASARAM_GONDI),
        "Medefaidrin" => Some(SCRIPT_EXTENSIONS_MEDEFAIDRIN),
        "Medf" => Some(SCRIPT_EXTENSIONS_MEDEFAIDRIN),
        "Meetei_Mayek" => Some(SCRIPT_EXTENSIONS_MEETEI_MAYEK),
        "Mend" => Some(SCRIPT_EXTENSIONS_MENDE_KIKAKUI),
        "Mende_Kikakui" => Some(SCRIPT_EXTENSIONS_MENDE_KIKAKUI),
        "Merc" => Some(SCRIPT_EXTENSIONS_MEROITIC_CURSIVE),
        "Mero" => Some(SCRIPT_EXTENSIONS_MEROITIC_HIEROGLYPHS),
        "Meroitic_Cursive" => Some(SCRIPT_EXTENSIONS_MEROITIC_CURSIVE),
        "Meroitic_Hieroglyphs" => Some(SCRIPT_EXTENSIONS_MEROITIC_HIEROGLYPHS),
        "Miao" => Some(SCRIPT_EXTENSIONS_MIAO),
        "Mlym" => Some(SCRIPT_EXTENSIONS_MALAYALAM),
        "Modi" => Some(SCRIPT_EXTENSIONS_MODI),
        "Mong" => Some(SCRIPT_EXTENSIONS_MONGOLIAN),
        "Mongolian" => Some(SCRIPT_EXTENSIONS_MONGOLIAN),
        "Mro" => Some(SCRIPT_EXTENSIONS_MRO),
        "Mroo" => Some(SCRIPT_EXTENSIONS_MRO),
        "Mtei" => Some(SCRIPT_EXTENSIONS_MEETEI_MAYEK),
        "Mult" => Some(SCRIPT_EXTENSIONS_MULTANI),
        "Multani" => Some(SCRIPT_EXTENSIONS_MULTANI),
        "Myanmar" => Some(SCRIPT_EXTENSIONS_MYANMAR),
        "Mymr" => Some(SCRIPT_EXTENSIONS_MYANMAR),
        "Nabataean" => Some(SCRIPT_EXTENSIONS_NABATAEAN),
        "Nag_Mundari" => Some(SCRIPT_EXTENSIONS_NAG_MUNDARI),
        "Nagm" => Some(SCRIPT_EXTENSIONS_NAG_MUNDARI),
        "Nand" => Some(SCRIPT_EXTENSIONS_NANDINAGARI),
        "Nandinagari" => Some(SCRIPT_EXTENSIONS_NANDINAGARI),
        "Narb" => Some(SCRIPT_EXTENSIONS_OLD_NORTH_ARABIAN),
        "Nbat" => Some(SCRIPT_EXTENSIONS_NABATAEAN),
        "New_Tai_Lue" => Some(SCRIPT_EXTENSIONS_NEW_TAI_LUE),
        "Newa" => Some(SCRIPT_EXTENSIONS_NEWA),
        "Nko" => Some(SCRIPT_EXTENSIONS_NKO),
        "Nkoo" => Some(SCRIPT_EXTENSIONS_NKO),
        "Nshu" => Some(SCRIPT_EXTENSIONS_NUSHU),
        "Nushu" => Some(SCRIPT_EXTENSIONS_NUSHU),
        "Nyiakeng_Puachue_Hmong" => Some(SCRIPT_EXTENSIONS_NYIAKENG_PUACHUE_HMONG),
        "Ogam" => Some(SCRIPT_EXTENSIONS_OGHAM),
        "Ogham" => Some(SCRIPT_EXTENSIONS_OGHAM),
        "Ol_Chiki" => Some(SCRIPT_EXTENSIONS_OL_CHIKI),
        "Ol_Onal" => Some(SCRIPT_EXTENSIONS_OL_ONAL),
        "Olck" => Some(SCRIPT_EXTENSIONS_OL_CHIKI),
        "Old_Hungarian" => Some(SCRIPT_EXTENSIONS_OLD_HUNGARIAN),
        "Old_Italic" => Some(SCRIPT_EXTENSIONS_OLD_ITALIC),
        "Old_North_Arabian" => Some(SCRIPT_EXTENSIONS_OLD_NORTH_ARABIAN),
        "Old_Permic" => Some(SCRIPT_EXTENSIONS_OLD_PERMIC),
        "Old_Persian" => Some(SCRIPT_EXTENSIONS_OLD_PERSIAN),
        "Old_Sogdian" => Some(SCRIPT_EXTENSIONS_OLD_SOGDIAN),
        "Old_South_Arabian" => Some(SCRIPT_EXTENSIONS_OLD_SOUTH_ARABIAN),
        "Old_Turkic" => Some(SCRIPT_EXTENSIONS_OLD_TURKIC),
        "Old_Uyghur" => Some(SCRIPT_EXTENSIONS_OLD_UYGHUR),
        "Onao" => Some(SCRIPT_EXTENSIONS_OL_ONAL),
        "Oriya" => Some(SCRIPT_EXTENSIONS_ORIYA),
        "Orkh" => Some(SCRIPT_EXTENSIONS_OLD_TURKIC),
        "Orya" => Some(SCRIPT_EXTENSIONS_ORIYA),
        "Osage" => Some(SCRIPT_EXTENSIONS_OSAGE),
        "Osge" => Some(SCRIPT_EXTENSIONS_OSAGE),
        "Osma" => Some(SCRIPT_EXTENSIONS_OSMANYA),
        "Osmanya" => Some(SCRIPT_EXTENSIONS_OSMANYA),
        "Ougr" => Some(SCRIPT_EXTENSIONS_OLD_UYGHUR),
        "Pahawh_Hmong" => Some(SCRIPT_EXTENSIONS_PAHAWH_HMONG),
        "Palm" => Some(SCRIPT_EXTENSIONS_PALMYRENE),
        "Palmyrene" => Some(SCRIPT_EXTENSIONS_PALMYRENE),
        "Pau_Cin_Hau" => Some(SCRIPT_EXTENSIONS_PAU_CIN_HAU),
        "Pauc" => Some(SCRIPT_EXTENSIONS_PAU_CIN_HAU),
        "Perm" => Some(SCRIPT_EXTENSIONS_OLD_PERMIC),
        "Phag" => Some(SCRIPT_EXTENSIONS_PHAGS_PA),
        "Phags_Pa" => Some(SCRIPT_EXTENSIONS_PHAGS_PA),
        "Phli" => Some(SCRIPT_EXTENSIONS_INSCRIPTIONAL_PAHLAVI),
        "Phlp" => Some(SCRIPT_EXTENSIONS_PSALTER_PAHLAVI),
        "Phnx" => Some(SCRIPT_EXTENSIONS_PHOENICIAN),
        "Phoenician" => Some(SCRIPT_EXTENSIONS_PHOENICIAN),
        "Plrd" => Some(SCRIPT_EXTENSIONS_MIAO),
        "Prti" => Some(SCRIPT_EXTENSIONS_INSCRIPTIONAL_PARTHIAN),
        "Psalter_Pahlavi" => Some(SCRIPT_EXTENSIONS_PSALTER_PAHLAVI),
        "Qaac" => Some(SCRIPT_EXTENSIONS_COPTIC),
        "Qaai" => Some(SCRIPT_EXTENSIONS_INHERITED),
        "Rejang" => Some(SCRIPT_EXTENSIONS_REJANG),
        "Rjng" => Some(SCRIPT_EXTENSIONS_REJANG),
        "Rohg" => Some(SCRIPT_EXTENSIONS_HANIFI_ROHINGYA),
        "Runic" => Some(SCRIPT_EXTENSIONS_RUNIC),
        "Runr" => Some(SCRIPT_EXTENSIONS_RUNIC),
        "Samaritan" => Some(SCRIPT_EXTENSIONS_SAMARITAN),
        "Samr" => Some(SCRIPT_EXTENSIONS_SAMARITAN),
        "Sarb" => Some(SCRIPT_EXTENSIONS_OLD_SOUTH_ARABIAN),
        "Saur" => Some(SCRIPT_EXTENSIONS_SAURASHTRA),
        "Saurashtra" => Some(SCRIPT_EXTENSIONS_SAURASHTRA),
        "Sgnw" => Some(SCRIPT_EXTENSIONS_SIGNWRITING),
        "Sharada" => Some(SCRIPT_EXTENSIONS_SHARADA),
        "Shavian" => Some(SCRIPT_EXTENSIONS_SHAVIAN),
        "Shaw" => Some(SCRIPT_EXTENSIONS_SHAVIAN),
        "Shrd" => Some(SCRIPT_EXTENSIONS_SHARADA),
        "Sidd" => Some(SCRIPT_EXTENSIONS_SIDDHAM),
        "Siddham" => Some(SCRIPT_EXTENSIONS_SIDDHAM),
        "Sidetic" => Some(SCRIPT_EXTENSIONS_SIDETIC),
        "Sidt" => Some(SCRIPT_EXTENSIONS_SIDETIC),
        "SignWriting" => Some(SCRIPT_EXTENSIONS_SIGNWRITING),
        "Sind" => Some(SCRIPT_EXTENSIONS_KHUDAWADI),
        "Sinh" => Some(SCRIPT_EXTENSIONS_SINHALA),
        "Sinhala" => Some(SCRIPT_EXTENSIONS_SINHALA),
        "Sogd" => Some(SCRIPT_EXTENSIONS_SOGDIAN),
        "Sogdian" => Some(SCRIPT_EXTENSIONS_SOGDIAN),
        "Sogo" => Some(SCRIPT_EXTENSIONS_OLD_SOGDIAN),
        "Sora" => Some(SCRIPT_EXTENSIONS_SORA_SOMPENG),
        "Sora_Sompeng" => Some(SCRIPT_EXTENSIONS_SORA_SOMPENG),
        "Soyo" => Some(SCRIPT_EXTENSIONS_SOYOMBO),
        "Soyombo" => Some(SCRIPT_EXTENSIONS_SOYOMBO),
        "Sund" => Some(SCRIPT_EXTENSIONS_SUNDANESE),
        "Sundanese" => Some(SCRIPT_EXTENSIONS_SUNDANESE),
        "Sunu" => Some(SCRIPT_EXTENSIONS_SUNUWAR),
        "Sunuwar" => Some(SCRIPT_EXTENSIONS_SUNUWAR),
        "Sylo" => Some(SCRIPT_EXTENSIONS_SYLOTI_NAGRI),
        "Syloti_Nagri" => Some(SCRIPT_EXTENSIONS_SYLOTI_NAGRI),
        "Syrc" => Some(SCRIPT_EXTENSIONS_SYRIAC),
        "Syriac" => Some(SCRIPT_EXTENSIONS_SYRIAC),
        "Tagalog" => Some(SCRIPT_EXTENSIONS_TAGALOG),
        "Tagb" => Some(SCRIPT_EXTENSIONS_TAGBANWA),
        "Tagbanwa" => Some(SCRIPT_EXTENSIONS_TAGBANWA),
        "Tai_Le" => Some(SCRIPT_EXTENSIONS_TAI_LE),
        "Tai_Tham" => Some(SCRIPT_EXTENSIONS_TAI_THAM),
        "Tai_Viet" => Some(SCRIPT_EXTENSIONS_TAI_VIET),
        "Tai_Yo" => Some(SCRIPT_EXTENSIONS_TAI_YO),
        "Takr" => Some(SCRIPT_EXTENSIONS_TAKRI),
        "Takri" => Some(SCRIPT_EXTENSIONS_TAKRI),
        "Tale" => Some(SCRIPT_EXTENSIONS_TAI_LE),
        "Talu" => Some(SCRIPT_EXTENSIONS_NEW_TAI_LUE),
        "Tamil" => Some(SCRIPT_EXTENSIONS_TAMIL),
        "Taml" => Some(SCRIPT_EXTENSIONS_TAMIL),
        "Tang" => Some(SCRIPT_EXTENSIONS_TANGUT),
        "Tangsa" => Some(SCRIPT_EXTENSIONS_TANGSA),
        "Tangut" => Some(SCRIPT_EXTENSIONS_TANGUT),
        "Tavt" => Some(SCRIPT_EXTENSIONS_TAI_VIET),
        "Tayo" => Some(SCRIPT_EXTENSIONS_TAI_YO),
        "Telu" => Some(SCRIPT_EXTENSIONS_TELUGU),
        "Telugu" => Some(SCRIPT_EXTENSIONS_TELUGU),
        "Tfng" => Some(SCRIPT_EXTENSIONS_TIFINAGH),
        "Tglg" => Some(SCRIPT_EXTENSIONS_TAGALOG),
        "Thaa" => Some(SCRIPT_EXTENSIONS_THAANA),
        "Thaana" => Some(SCRIPT_EXTENSIONS_THAANA),
        "Thai" => Some(SCRIPT_EXTENSIONS_THAI),
        "Tibetan" => Some(SCRIPT_EXTENSIONS_TIBETAN),
        "Tibt" => Some(SCRIPT_EXTENSIONS_TIBETAN),
        "Tifinagh" => Some(SCRIPT_EXTENSIONS_TIFINAGH),
        "Tirh" => Some(SCRIPT_EXTENSIONS_TIRHUTA),
        "Tirhuta" => Some(SCRIPT_EXTENSIONS_TIRHUTA),
        "Tnsa" => Some(SCRIPT_EXTENSIONS_TANGSA),
        "Todhri" => Some(SCRIPT_EXTENSIONS_TODHRI),
        "Todr" => Some(SCRIPT_EXTENSIONS_TODHRI),
        "Tolong_Siki" => Some(SCRIPT_EXTENSIONS_TOLONG_SIKI),
        "Tols" => Some(SCRIPT_EXTENSIONS_TOLONG_SIKI),
        "Toto" => Some(SCRIPT_EXTENSIONS_TOTO),
        "Tulu_Tigalari" => Some(SCRIPT_EXTENSIONS_TULU_TIGALARI),
        "Tutg" => Some(SCRIPT_EXTENSIONS_TULU_TIGALARI),
        "Ugar" => Some(SCRIPT_EXTENSIONS_UGARITIC),
        "Ugaritic" => Some(SCRIPT_EXTENSIONS_UGARITIC),
        "Unknown" => Some(SCRIPT_EXTENSIONS_UNKNOWN),
        "Vai" => Some(SCRIPT_EXTENSIONS_VAI),
        "Vaii" => Some(SCRIPT_EXTENSIONS_VAI),
        "Vith" => Some(SCRIPT_EXTENSIONS_VITHKUQI),
        "Vithkuqi" => Some(SCRIPT_EXTENSIONS_VITHKUQI),
        "Wancho" => Some(SCRIPT_EXTENSIONS_WANCHO),
        "Wara" => Some(SCRIPT_EXTENSIONS_WARANG_CITI),
        "Warang_Citi" => Some(SCRIPT_EXTENSIONS_WARANG_CITI),
        "Wcho" => Some(SCRIPT_EXTENSIONS_WANCHO),
        "Xpeo" => Some(SCRIPT_EXTENSIONS_OLD_PERSIAN),
        "Xsux" => Some(SCRIPT_EXTENSIONS_CUNEIFORM),
        "Yezi" => Some(SCRIPT_EXTENSIONS_YEZIDI),
        "Yezidi" => Some(SCRIPT_EXTENSIONS_YEZIDI),
        "Yi" => Some(SCRIPT_EXTENSIONS_YI),
        "Yiii" => Some(SCRIPT_EXTENSIONS_YI),
        "Zanabazar_Square" => Some(SCRIPT_EXTENSIONS_ZANABAZAR_SQUARE),
        "Zanb" => Some(SCRIPT_EXTENSIONS_ZANABAZAR_SQUARE),
        "Zinh" => Some(SCRIPT_EXTENSIONS_INHERITED),
        "Zyyy" => Some(SCRIPT_EXTENSIONS_COMMON),
        "Zzzz" => Some(SCRIPT_EXTENSIONS_UNKNOWN),
        _ => None,
    }
}
